(0.291, 0.171, 0.944),
(0.268, 0.165, 0.954),
(0.265, 0.155, 0.960),
(0.254, 0.145, 0.960),
(0.222, 0.133, 0.968),
(0.197, 0.110, 0.966),
(0.223, 0.094, 0.975),
(0.255, 0.084, 0.977),
(0.251, 0.084, 0.970),
(0.238, 0.098, 0.971),
(0.237, 0.102, 0.973),
(0.241, 0.113, 0.997),
(0.233, 0.098, 1.004),
(0.223, 0.074, 1.030),
(0.249, 0.061, 1.036),
(0.297, 0.048, 1.033),
(0.343, 0.054, 1.007),
(0.425, -0.152, 1.005),
(0.597, -0.039, 1.164),
(0.593, -0.067, 1.159),
(0.508, -0.129, 1.065),
(0.520, -0.112, 1.019),
(0.521, -0.127, 0.996),
(0.514, -0.130, 0.981),
(0.465, -0.146, 0.949),
(0.410, -0.141, 0.951),
(0.387, -0.140, 0.904),
(0.370, -0.117, 0.882),
(0.369, -0.087, 0.891),
(0.346, -0.082, 0.875),
(0.281, -0.095, 0.812),
(0.247, -0.064, 0.790),
(0.293, 0.041, 0.812),
(0.298, 0.150, 0.864),
(0.310, 0.150, 0.869),
(0.314, 0.116, 0.894),
(0.353, 0.081, 0.909),
(0.385, 0.044, 0.926),
(0.408, 0.018, 0.920),
(0.412, 0.009, 0.926),
(0.410, 0.010, 0.912),
(0.431, 0.031, 0.920),
(0.502, -0.017, 0.948),
(0.458, -0.097, 0.926),
(0.416, -0.102, 0.939),
(0.459, -0.035, 0.964),
(0.434, 0.005, 0.927),
(0.442, 0.048, 0.870),
(0.446, 0.063, 0.860),
(0.458, 0.052, 0.852),
(0.474, 0.056, 0.833),
(0.473, 0.060, 0.841),
(0.477, 0.035, 0.830),
(0.473, -0.020, 0.843),
(0.482, -0.073, 0.828),
(0.498, -0.116, 0.831),
(0.500, -0.135, 0.821),
(0.528, -0.144, 0.833),
(0.525, -0.166, 0.835),
(0.519, -0.177, 0.826),
(0.534, -0.184, 0.827),
(0.543, -0.203, 0.818),
(0.535, -0.242, 0.797),
(0.498, -0.257, 0.817),
(0.423, -0.220, 0.804),
(0.397, -0.220, 0.794),
(0.375, -0.219, 0.807),
(0.387, -0.217, 0.834),
(0.416, -0.235, 0.844),
(0.394, -0.266, 0.887),
(0.377, -0.269, 0.931),
(0.427, -0.261, 0.926),
(0.429, -0.234, 0.897),
(0.400, -0.251, 0.877),
(0.372, -0.283, 0.862),
(0.375, -0.274, 0.860),
(0.386, -0.247, 0.863),
(0.383, -0.235, 0.875),
(0.353, -0.252, 0.882),
(0.278, -0.232, 0.913),
(0.220, -0.257, 0.906),
(0.221, -0.259, 0.956),
(0.219, -0.292, 1.011),
(0.179, -0.251, 0.985),
(0.173, -0.253, 1.000),
(0.178, -0.261, 1.010),
(0.187, -0.263, 0.989),
(0.174, -0.244, 0.969),
(0.148, -0.221, 0.962),
(0.131, -0.203, 0.966),
(0.118, -0.187, 0.944),
(0.098, -0.173, 0.950),
(0.079, -0.163, 0.978),
(0.080, -0.154, 0.994),
(0.083, -0.139, 0.999),
(0.079, -0.129, 1.006),
(0.054, -0.116, 1.015),
(0.071, -0.101, 1.013),
(0.055, -0.053, 0.994),
(-0.006, -0.048, 1.041),
(0.020, -0.054, 1.074),
(0.022, -0.081, 1.086),
(0.024, -0.073, 1.089),
(0.067, -0.052, 1.097),
(0.096, -0.052, 1.100),
(0.082, -0.047, 1.104),
(0.083, -0.044, 1.102),
(0.110, -0.017, 1.083),
(0.149, -0.000, 1.079),
(0.134, -0.008, 1.096),
(0.125, -0.004, 1.092),
(0.131, 0.013, 1.098),
(0.139, 0.018, 1.104),
(0.157, 0.020, 1.106),
(0.163, 0.029, 1.097),
(0.173, 0.040, 1.096),
(0.177, 0.049, 1.092),
(0.192, 0.062, 1.072),
(0.181, 0.090, 1.064),
(0.191, 0.106, 1.081),
(0.190, 0.131, 1.049),
(0.187, 0.168, 1.013),
(0.197, 0.196, 0.987),
(0.181, 0.233, 1.012),
(0.196, 0.294, 0.959),
(0.203, 0.339, 0.922),
(0.225, 0.389, 0.914),
(0.237, 0.435, 0.894),
(0.230, 0.489, 0.862),
(0.240, 0.534, 0.847),
(0.254, 0.557, 0.797),
(0.236, 0.578, 0.760),
(0.243, 0.628, 0.731),
(0.261, 0.670, 0.704),
(0.341, 0.903, 0.444),
(0.331, 0.907, 0.416),
(0.316, 0.915, 0.387),
(0.309, 0.919, 0.365),
(0.323, 0.920, 0.337),
(0.332, 0.912, 0.297),
(0.326, 0.900, 0.261),
(0.314, 0.863, 0.158),
(0.305, 0.855, 0.103),
(0.291, 0.866, 0.055),
(0.274, 0.875, -0.004),
(0.266, 0.863, -0.060),
(0.237, 0.856, -0.101),
(0.221, 0.853, -0.153),
(0.198, 0.843, -0.185),
(0.161, 0.827, -0.227),
(0.156, 0.826, -0.334),
(0.153, 0.827, -0.369),
(0.122, 0.815, -0.404),
(0.103, 0.809, -0.458),
(0.101, 0.807, -0.490),
(0.091, 0.791, -0.540),
(0.083, 0.806, -0.580),
(0.062, 0.811, -0.583),
(0.022, 0.791, -0.566),
(0.003, 0.764, -0.592),
(0.011, 0.748, -0.634),
(-0.002, 0.734, -0.661),
(-0.015, 0.698, -0.689),
(-0.034, 0.681, -0.692),
(-0.073, 0.677, -0.704),
(-0.093, 0.699, -0.711),
(-0.102, 0.702, -0.721),
(-0.109, 0.698, -0.722),
(-0.127, 0.719, -0.697),
(-0.131, 0.705, -0.716),
(-0.128, 0.710, -0.742),
(-0.174, 0.713, -0.758),
(-0.173, 0.689, -0.771),
(-0.162, 0.670, -0.775),
(-0.182, 0.656, -0.794),
(-0.207, 0.634, -0.791),
(-0.181, 0.638, -0.792),
(-0.172, 0.636, -0.799),
(-0.181, 0.631, -0.823),
(-0.212, 0.631, -0.859),
(-0.230, 0.507, -0.843),
(-0.259, 0.490, -0.855),
(-0.243, 0.509, -0.818),
(-0.260, 0.518, -0.800),
(-0.269, 0.499, -0.799),
(-0.278, 0.503, -0.814),
(-0.288, 0.521, -0.823),
(-0.295, 0.510, -0.843),
(-0.295, 0.518, -0.846),
(-0.306, 0.532, -0.836),
(-0.321, 0.537, -0.843),
(-0.332, 0.536, -0.857),
(-0.345, 0.528, -0.885),
(-0.378, 0.537, -0.883),
(-0.383, 0.544, -0.868),
(-0.381, 0.522, -0.871),
(-0.389, 0.509, -0.873),
(-0.405, 0.489, -0.867),
(-0.416, 0.485, -0.854),
(-0.418, 0.455, -0.853),
(-0.420, 0.436, -0.855),
(-0.421, 0.429, -0.855),
(-0.427, 0.445, -0.842),
(-0.419, 0.439, -0.846),
(-0.430, 0.432, -0.862),
(-0.448, 0.450, -0.849),
(-0.450, 0.459, -0.843),
(-0.437, 0.431, -0.857),
(-0.448, 0.430, -0.852),
(-0.466, 0.431, -0.851),
(-0.471, 0.435, -0.867),
(-0.482, 0.443, -0.871),
(-0.504, 0.423, -0.890),
(-0.503, 0.384, -0.885),
(-0.523, 0.348, -0.875),
(-0.497, 0.374, -0.858),
(-0.448, 0.414, -0.838),
(-0.457, 0.482, -0.847),
(-0.446, 0.522, -0.888),
(-0.434, 0.550, -0.881),
(-0.446, 0.607, -0.858),
(-0.430, 0.711, -0.708),
(-0.492, 0.679, -0.698),
(-0.517, 0.650, -0.675),
(-0.518, 0.646, -0.583),
(-0.517, 0.675, -0.567),
(-0.570, 0.634, -0.457),
(-0.588, 0.672, -0.479),
(-0.616, 0.653, -0.436),
(-0.641, 0.626, -0.375),
(-0.637, 0.639, -0.332),
(-0.675, 0.643, -0.281),
(-0.812, 0.636, -0.348),
(-0.906, 0.655, -0.314),
(-0.840, 0.653, -0.265),
(-0.792, 0.642, -0.225),
(-0.826, 0.644, -0.143),
(-0.878, 0.676, -0.150),
(-0.931, 0.658, -0.170),
(-0.964, 0.627, -0.104),
(-0.913, 0.646, -0.048),
(-0.851, 0.677, -0.024),
(-0.879, 0.665, 0.012),
(-0.938, 0.635, 0.026),
(-0.899, 0.611, 0.107),
(-0.863, 0.613, 0.115),
(-0.866, 0.573, 0.146),
(-0.870, 0.527, 0.147),
(-0.866, 0.512, 0.160),
(-0.838, 0.495, 0.179),
(-0.832, 0.465, 0.190),
(-0.831, 0.449, 0.191),
(-0.880, 0.444, 0.186),
(-0.889, 0.422, 0.201),
(-0.880, 0.417, 0.206),
(-0.910, 0.403, 0.209),
(-0.949, 0.387, 0.214),
(-0.966, 0.386, 0.226),
(-0.951, 0.378, 0.232),
(-0.971, 0.360, 0.246),
(-0.998, 0.343, 0.251),
(-1.003, 0.328, 0.260),
(-1.012, 0.310, 0.270),
(-1.028, 0.294, 0.276),
(-1.028, 0.284, 0.289),
(-1.020, 0.275, 0.294),
(-1.013, 0.245, 0.314),
(-1.046, 0.249, 0.308),
(-1.011, 0.227, 0.309),
(-0.977, 0.213, 0.336),
(-1.000, 0.206, 0.354),
(-1.010, 0.209, 0.350),
(-1.026, 0.199, 0.361),
(-1.009, 0.188, 0.386),
(-0.975, 0.190, 0.398),
(-1.014, 0.189, 0.387),
(-1.017, 0.181, 0.382),
(-0.959, 0.169, 0.373),
(-0.961, 0.169, 0.356),
(-0.972, 0.164, 0.359),
(-0.970, 0.154, 0.364),
(-0.964, 0.156, 0.357),
(-0.981, 0.153, 0.359),
(-0.989, 0.130, 0.358),
(-1.002, 0.094, 0.351),
(-1.004, 0.090, 0.361),
(-1.001, 0.069, 0.379),
(-1.021, 0.065, 0.383),
(-1.017, 0.065, 0.369),
(-1.030, 0.062, 0.370),
(-1.052, 0.054, 0.368),
(-1.046, 0.046, 0.363),
(-1.029, 0.053, 0.368),
(-1.054, 0.045, 0.354),
(-1.052, 0.043, 0.345),
(-1.017, 0.043, 0.319),
(-1.020, 0.052, 0.310),
(-1.058, 0.055, 0.309),
(-1.022, 0.039, 0.292),
(-1.014, 0.038, 0.289),
(-1.049, 0.042, 0.280),
(-1.043, 0.052, 0.286),
(-1.001, 0.041, 0.287),
(-1.010, 0.026, 0.268),
(-1.053, 0.030, 0.261),
(-1.041, 0.037, 0.266),
(-1.036, 0.033, 0.278),
(-1.019, 0.020, 0.277),
(-1.017, 0.028, 0.273),
(-1.058, 0.014, 0.261),
(-1.026, 0.000, 0.286),
(-1.059, 0.006, 0.296),
(-1.032, -0.002, 0.278),
(-1.034, 0.012, 0.262),
(-1.053, -0.007, 0.254),
(-1.070, 0.001, 0.265),
(-1.042, 0.008, 0.267),
(-1.032, -0.005, 0.264),
(-1.071, 0.005, 0.248),
(-1.054, 0.004, 0.248),
(-1.020, -0.009, 0.260),
(-1.075, 0.008, 0.255),
(-1.071, 0.002, 0.251),
(-1.021, -0.011, 0.265),
(-1.007, 0.008, 0.218),
(-1.042, 0.004, 0.223),
(-1.052, -0.007, 0.232),
(-1.110, -0.014, 0.230),
(-1.062, -0.022, 0.238),
(-1.046, -0.029, 0.250),
(-1.047, -0.040, 0.250),
(-1.062, -0.023, 0.248),
(-1.072, -0.013, 0.240),
(-1.091, -0.035, 0.240),
(-1.078, -0.036, 0.248),
(-1.078, -0.023, 0.231),
(-1.053, -0.020, 0.217),
(-1.118, -0.033, 0.208),
(-1.068, -0.036, 0.228),
(-1.068, -0.013, 0.224),
(-1.054, 0.008, 0.151),
(-1.057, 0.010, 0.151),
(-1.003, -0.003, 0.197),
(-1.041, -0.007, 0.238),
(-0.985, 0.014, 0.181),
(-0.951, 0.008, 0.204),
(-1.011, 0.015, 0.198),
(-0.965, -0.017, 0.191),
(-1.017, -0.004, 0.191),
(-1.067, 0.010, 0.219),
(-1.049, -0.019, 0.235),
(-0.972, -0.041, 0.275),
(-1.033, -0.063, 0.277),
(-1.078, -0.038, 0.285),
(-1.043, -0.058, 0.286),
(-1.098, -0.084, 0.303),
(-0.973, -0.114, 0.247),
(-1.009, -0.115, 0.285),
(-1.058, -0.125, 0.298),
(-1.042, -0.118, 0.284),
(-0.970, -0.120, 0.285),
(-0.938, -0.129, 0.319),
(-0.983, -0.152, 0.363),
(-1.031, -0.168, 0.337),
(-0.977, -0.168, 0.299),
(-0.762, -0.162, 0.301),
(-0.974, -0.192, 0.341),
(-1.055, -0.228, 0.337),
(-0.854, -0.201, 0.335),
(-0.943, -0.262, 0.377),
(-0.973, -0.273, 0.374),
(-0.821, -0.263, 0.406),
(-0.906, -0.272, 0.397),
(-0.883, -0.292, 0.343),
(-0.743, -0.329, 0.355),
(-0.812, -0.367, 0.421),
(-0.847, -0.375, 0.475),
(-0.928, -0.413, 0.481),
(-0.561, -0.417, 0.468),
(-0.791, -0.501, 0.487),
(-0.889, -0.525, 0.466),
(-0.507, -0.449, 0.509),
(-0.426, -0.476, 0.621),
(-0.985, -0.599, 0.593),
(-1.017, -0.653, 0.463),
(-0.227, -0.479, 0.433),
(0.298, -0.472, 0.645),
(-0.756, -0.740, 0.674),
(-0.818, -0.740, 0.685),
(-0.094, -0.609, 0.756),
(-0.437, -0.759, 0.659),
(-0.631, -0.855, 0.526),
(-0.391, -0.794, 0.465),
(-0.127, -0.758, 0.482),
(0.027, -0.809, 0.660),
(0.100, -0.798, 0.748),
(0.000, -0.816, 0.793),
(-0.101, -0.890, 0.798),
(-0.113, -0.928, 0.780),
(0.029, -0.898, 0.781),
(0.056, -0.838, 0.830),
(-0.061, -0.870, 0.831),
(-0.096, -0.962, 0.796),
(0.183, -0.944, 0.801),
(0.134, -0.830, 0.807),
(0.049, -0.850, 0.780),
(0.076, -1.004, 0.755),
(0.197, -0.982, 0.678),
(0.226, -0.795, 0.651),
(0.226, -0.734, 0.602),
(0.176, -0.818, 0.600),
(0.188, -0.843, 0.545),
(0.229, -0.729, 0.504),
(0.225, -0.688, 0.468),
(0.180, -0.774, 0.428),
(0.187, -0.839, 0.379),
(0.204, -0.745, 0.395),
(0.214, -0.643, 0.392),
(0.262, -0.680, 0.399),
(0.230, -0.772, 0.418),
(0.182, -0.784, 0.438),
(0.135, -0.700, 0.493),
(0.117, -0.691, 0.553),
(0.073, -0.747, 0.575),
(0.053, -0.788, 0.551),
(0.114, -0.786, 0.561),
(0.165, -0.764, 0.606),
(0.192, -0.779, 0.641),
(0.136, -0.808, 0.609),
(0.215, -0.816, 0.555),
(0.270, -0.796, 0.594),
(0.256, -0.801, 0.634),
(0.227, -0.815, 0.653),
(0.232, -0.808, 0.595),
(0.339, -0.812, 0.564),
(0.328, -0.821, 0.568),
(0.257, -0.803, 0.575),
(0.239, -0.771, 0.597),
(0.270, -0.786, 0.569),
(0.302, -0.793, 0.544),
(0.280, -0.776, 0.525),
(0.210, -0.763, 0.562),
(0.207, -0.769, 0.546),
(0.231, -0.778, 0.509),
(0.191, -0.758, 0.536),
(0.192, -0.761, 0.555),
(0.164, -0.760, 0.546),
(0.108, -0.724, 0.572),
(0.128, -0.727, 0.599),
(0.076, -0.746, 0.608),
(0.034, -0.763, 0.608),
(0.090, -0.777, 0.596),
(0.085, -0.811, 0.591),
(0.054, -0.828, 0.588),
(0.152, -0.730, 0.623),
(0.202, -0.785, 0.601),
(0.165, -0.778, 0.515),
(0.060, -0.830, 0.539),
(0.007, -0.806, 0.573),
(0.060, -0.770, 0.649),
(0.086, -0.700, 0.681),
(0.006, -0.665, 0.671),
(-0.021, -0.633, 0.707),
(0.029, -0.635, 0.754),
(-0.005, -0.618, 0.720),
(-0.026, -0.596, 0.749),
(-0.002, -0.654, 0.779),
(-0.020, -0.662, 0.823),
(0.014, -0.674, 0.854),
(0.049, -0.670, 0.808),
(0.017, -0.658, 0.777),
(-0.038, -0.616, 0.800),
(-0.002, -0.586, 0.830),
(0.001, -0.563, 0.829),
(-0.075, -0.549, 0.765),
(-0.156, -0.564, 0.783),
(-0.211, -0.580, 0.791),
(-0.196, -0.540, 0.747),
(-0.125, -0.514, 0.774),
(-0.142, -0.523, 0.780),
(-0.143, -0.550, 0.765),
(-0.136, -0.585, 0.755),
(-0.159, -0.596, 0.762),
(-0.156, -0.611, 0.759),
(-0.131, -0.654, 0.751),
(-0.109, -0.663, 0.756),
(0.011, -0.701, 0.708),
(0.001, -0.705, 0.715),
(-0.030, -0.700, 0.742),
(-0.065, -0.677, 0.721),
(0.002, -0.696, 0.661),
(-0.028, -0.736, 0.620),
(-0.043, -0.743, 0.594),
(-0.014, -0.711, 0.548),
(-0.052, -0.684, 0.542),
(-0.125, -0.706, 0.565),
(-0.153, -0.790, 0.572),
(-0.071, -0.782, 0.512),
(-0.009, -0.771, 0.472),
(-0.028, -0.783, 0.448),
(-0.018, -0.826, 0.430),
(0.021, -0.885, 0.446),
(0.037, -1.010, 0.476),
(0.001, -1.033, 0.461),
(0.049, -1.027, 0.455),
(0.099, -1.010, 0.426),
(0.123, -0.984, 0.397),
(0.116, -0.931, 0.375),
(0.095, -0.905, 0.354),
(0.098, -0.884, 0.347),
(0.164, -0.875, 0.373),
(0.249, -0.854, 0.392),
(0.104, -0.889, 0.404),
(-0.086, -0.907, 0.409),
(-0.024, -0.926, 0.387),
(0.037, -0.938, 0.392),
(0.136, -0.924, 0.391),
(0.071, -0.917, 0.409),
(-0.127, -0.927, 0.385),
(-0.062, -0.918, 0.355),
(0.066, -0.915, 0.333),
(0.102, -0.906, 0.329),
(0.063, -0.906, 0.302),
(0.055, -0.913, 0.255),
(-0.005, -0.886, 0.241),
(-0.035, -0.912, 0.307),
(-0.061, -0.926, 0.301),
(-0.064, -0.913, 0.304),
(-0.035, -0.905, 0.307),
(-0.019, -0.931, 0.276),
(-0.029, -0.965, 0.260),
(-0.058, -0.988, 0.240),
(-0.037, -0.995, 0.202),
(-0.060, -1.011, 0.181),
(-0.083, -1.037, 0.151),
(-0.061, -1.057, 0.137),
(-0.045, -1.043, 0.122),
(-0.042, -1.018, 0.112),
(-0.043, -0.985, 0.118),
(-0.097, -0.971, 0.149),
(-0.150, -0.967, 0.132),
(-0.148, -0.949, 0.167),
(-0.127, -0.939, 0.211),
(-0.139, -0.940, 0.210),
(-0.181, -0.954, 0.184),
(-0.222, -0.991, 0.167),
(-0.158, -1.013, 0.158),
(-0.045, -1.001, 0.131),
(-0.006, -0.988, 0.103),
(-0.059, -0.969, 0.066),
(-0.140, -0.973, 0.061),
(-0.156, -0.971, 0.086),
(-0.087, -0.967, 0.091),
(-0.084, -0.977, 0.106),
(-0.125, -0.985, 0.103),
(-0.115, -0.958, 0.098),
(-0.106, -0.934, 0.097),
(-0.108, -0.931, 0.104),
(-0.114, -0.971, 0.112),
(-0.136, -1.018, 0.089),
(-0.167, -1.030, 0.084),
(-0.203, -1.022, 0.074),
(-0.149, -1.028, 0.077),
(-0.116, -1.022, 0.090),
(-0.124, -1.028, 0.111),
(-0.168, -1.027, 0.085),
(-0.185, -0.997, 0.083),
(-0.162, -0.964, 0.093),
(-0.209, -0.989, 0.086),
(-0.206, -1.002, 0.092),
(-0.179, -0.993, 0.122),
(-0.167, -0.980, 0.132),
(-0.152, -0.966, 0.133),
(-0.178, -0.956, 0.133),
(-0.186, -0.953, 0.128),
(-0.192, -0.961, 0.122),
(-0.186, -0.966, 0.119),
(-0.186, -0.967, 0.124),
(-0.183, -0.964, 0.127),
(-0.185, -0.953, 0.131),
(-0.187, -0.955, 0.123),
(-0.197, -0.957, 0.126),
(-0.203, -0.968, 0.133),
(-0.190, -0.977, 0.135),
(-0.187, -0.983, 0.142),
(-0.196, -0.987, 0.143),
(-0.184, -0.981, 0.135),
(-0.176, -0.970, 0.128),
(-0.202, -0.965, 0.130),
(-0.192, -0.968, 0.130),
(-0.186, -0.967, 0.123),
(-0.189, -0.962, 0.120),
(-0.200, -0.959, 0.123),
(-0.200, -0.965, 0.131),
(-0.199, -0.978, 0.139),
(-0.193, -0.985, 0.146),
(-0.197, -0.985, 0.148),
(-0.162, -0.988, 0.157),
(-0.183, -0.994, 0.158),
(-0.200, -1.004, 0.164),
(-0.189, -1.008, 0.170),
(-0.167, -1.012, 0.166),
(-0.150, -1.007, 0.162),
(-0.158, -1.008, 0.157),
(-0.149, -0.991, 0.160),
(-0.129, -0.971, 0.161),
(-0.122, -0.958, 0.167),
(-0.127, -0.963, 0.186),
(-0.157, -0.973, 0.210),
(-0.173, -0.976, 0.213),
(-0.108, -0.963, 0.212),
(-0.118, -0.976, 0.218),
(-0.154, -0.995, 0.220),
(-0.152, -0.994, 0.214),
(-0.111, -0.972, 0.211),
(-0.076, -0.944, 0.214),
(-0.055, -0.942, 0.214),
(-0.051, -0.969, 0.213),
(-0.075, -1.000, 0.213),
(-0.082, -0.998, 0.213),
(-0.043, -0.973, 0.213),
(-0.004, -0.960, 0.208),
(-0.023, -0.948, 0.194),
(-0.029, -0.950, 0.201),
(-0.031, -0.975, 0.218),
(-0.028, -0.982, 0.228),
(0.024, -0.979, 0.222),
(0.002, -0.969, 0.206),
(0.005, -0.951, 0.187),
(0.022, -0.936, 0.176),
(0.039, -0.951, 0.183),
(0.041, -0.978, 0.180),
(0.045, -0.974, 0.165),
(0.084, -0.965, 0.154),
(0.125, -0.990, 0.143),
(0.124, -0.990, 0.129),
(0.115, -0.956, 0.116),
(0.150, -0.937, 0.103),
(0.195, -0.949, 0.077),
(0.226, -0.990, 0.044),
(0.201, -1.010, 0.052),
(0.134, -0.985, 0.108),
(0.089, -0.903, 0.174),
(0.088, -0.875, 0.236),
(0.081, -0.884, 0.273),
(0.089, -0.897, 0.243),
(0.148, -0.885, 0.233),
(0.162, -0.867, 0.258),
(0.150, -0.847, 0.282),
(0.137, -0.858, 0.289),
(0.165, -0.892, 0.243),
(0.229, -0.919, 0.210),
(0.254, -0.924, 0.210),
(0.259, -0.909, 0.215),
(0.276, -0.920, 0.220),
(0.278, -0.930, 0.227),
(0.282, -0.935, 0.232),
(0.287, -0.930, 0.243),
(0.299, -0.805, 0.280),
(0.312, -0.817, 0.260),
(0.333, -0.847, 0.221),
(0.336, -0.845, 0.205),
(0.341, -0.828, 0.197),
(0.367, -0.827, 0.187),
(0.384, -0.843, 0.184),
(0.420, -0.856, 0.173),
(0.460, -0.833, 0.162),
(0.471, -0.829, 0.165),
(0.459, -0.835, 0.170),
(0.453, -0.826, 0.182),
(0.464, -0.810, 0.194),
(0.475, -0.788, 0.213),
(0.475, -0.765, 0.225),
(0.472, -0.756, 0.230),
(0.476, -0.765, 0.221),
(0.489, -0.765, 0.220),
(0.499, -0.756, 0.226),
(0.496, -0.767, 0.239),
(0.513, -0.784, 0.230),
(0.506, -0.791, 0.219),
(0.494, -0.776, 0.259),
(0.487, -0.720, 0.265),
(0.499, -0.707, 0.249),
(0.534, -0.697, 0.242),
(0.557, -0.696, 0.223),
(0.583, -0.710, 0.190),
(0.613, -0.724, 0.177),
(0.634, -0.719, 0.158),
(0.672, -0.706, 0.136),
(0.708, -0.742, 0.166),
(0.728, -0.780, 0.150),
(0.726, -0.729, 0.154),
(0.765, -0.695, 0.203),
(0.744, -0.663, 0.196),
(0.687, -0.631, 0.211),
(0.610, -0.588, 0.230),
(0.549, -0.530, 0.199),
(0.559, -0.458, 0.174),
(0.597, -0.457, 0.152),
(0.548, -0.477, 0.124),
(0.541, -0.477, 0.135),
(0.616, -0.481, 0.156),
(0.691, -0.514, 0.144),
(0.705, -0.590, 0.123),
(0.657, -0.615, 0.091),
(0.674, -0.579, 0.091),
(0.754, -0.544, 0.125),
(0.775, -0.552, 0.153),
(0.688, -0.578, 0.145),
(0.642, -0.546, 0.128),
(0.663, -0.575, 0.118),
(0.686, -0.600, 0.105),
(0.668, -0.607, 0.104),
(0.568, -0.597, 0.143),
(0.536, -0.562, 0.157),
(0.569, -0.555, 0.156),
(0.614, -0.566, 0.157),
(0.647, -0.601, 0.189),
(0.693, -0.593, 0.243),
(0.688, -0.629, 0.292),
(0.614, -0.693, 0.285),
(0.559, -0.751, 0.257),
(0.680, -0.660, 0.222),
(0.785, -0.567, 0.302),
(0.628, -0.596, 0.306),
(0.484, -0.572, 0.287),
(0.635, -0.533, 0.285),
(0.648, -0.533, 0.332),
(0.527, -0.600, 0.359),
(0.555, -0.630, 0.335),
(0.596, -0.581, 0.373),
(0.636, -0.576, 0.405),
(0.633, -0.575, 0.414),
(0.634, -0.585, 0.384),
(0.569, -0.633, 0.315),
(0.562, -0.651, 0.380),
(0.679, -0.649, 0.426),
(0.681, -0.642, 0.424),
(0.602, -0.653, 0.429),
(0.574, -0.672, 0.433),
(0.611, -0.657, 0.428),
(0.603, -0.620, 0.425),
(0.514, -0.683, 0.449),
(0.523, -0.649, 0.428),
(0.520, -0.643, 0.434),
(0.479, -0.687, 0.426),
(0.466, -0.686, 0.414),
(0.526, -0.649, 0.399),
(0.540, -0.665, 0.417),
(0.511, -0.686, 0.429),
(0.491, -0.663, 0.449),
(0.471, -0.648, 0.473),
(0.434, -0.643, 0.489),
(0.530, -0.661, 0.494),
(0.595, -0.642, 0.466),
(0.569, -0.610, 0.468),
(0.523, -0.623, 0.507),
(0.446, -0.640, 0.528),
(0.452, -0.641, 0.510),
(0.462, -0.613, 0.485),
(0.500, -0.589, 0.489),
(0.471, -0.643, 0.555),
(0.439, -0.644, 0.566),
(0.437, -0.604, 0.549),
(0.409, -0.621, 0.558),
(0.328, -0.688, 0.614),
(0.324, -0.727, 0.633),
(0.365, -0.675, 0.643),
(0.337, -0.662, 0.689),
(0.336, -0.688, 0.685),
(0.375, -0.631, 0.664),
(0.410, -0.560, 0.668),
(0.435, -0.553, 0.682),
(0.409, -0.566, 0.679),
(0.363, -0.585, 0.656),
(0.363, -0.618, 0.626),
(0.366, -0.658, 0.628),
(0.384, -0.664, 0.592),
(0.418, -0.622, 0.563),
(0.451, -0.606, 0.617),
(0.405, -0.644, 0.645),
(0.373, -0.658, 0.602),
(0.346, -0.635, 0.589),
(0.244, -0.624, 0.583),
(0.153, -0.667, 0.574),
(0.187, -0.691, 0.535),
(0.194, -0.724, 0.474),
(0.215, -0.756, 0.468),
(0.224, -0.833, 0.390),
(0.250, -0.970, 0.226),
(0.279, -1.238, 0.253),
(0.200, -1.277, 0.353),
(0.149, -0.984, 0.382),
(0.262, -0.759, 0.313),
(0.214, -0.620, 0.441),
(-0.023, -0.686, 0.418),
(0.080, -0.808, 0.376),
(0.177, -0.944, 0.385),
(0.052, -1.001, 0.372),
(0.052, -1.056, 0.408),
(0.099, -0.999, 0.425),
(0.095, -0.876, 0.475),
(0.028, -0.892, 0.491),
(0.010, -0.902, 0.408),
(-0.144, -0.976, 0.174),
(-0.198, -0.933, 0.216),
(-0.236, -0.938, 0.253),
(-0.224, -1.008, 0.262),
(-0.204, -1.033, 0.294),
(-0.157, -0.996, 0.345),
(-0.119, -0.943, 0.382),
(-0.109, -0.928, 0.362),
(-0.072, -0.936, 0.316),
(-0.023, -0.975, 0.347),
(0.003, -0.968, 0.362),
(0.046, -1.025, 0.277),
(0.049, -0.960, 0.205),
(0.068, -0.855, 0.126),
(0.028, -0.940, 0.016),
(0.023, -0.925, 0.084),
(0.072, -0.916, 0.052),
(-0.073, -0.983, -0.023),
(-0.244, -0.975, -0.063),
(-0.214, -0.924, -0.143),
(-0.229, -0.982, -0.256),
(-0.190, -0.990, -0.281),
(-0.132, -0.939, -0.293),
(-0.134, -0.992, -0.293),
(-0.135, -0.951, -0.271),
(-0.113, -0.938, -0.278),
(-0.162, -0.904, -0.323),
(-0.199, -0.931, -0.417),
(-0.211, -0.948, -0.499),
(-0.187, -0.951, -0.270),
(-0.050, -1.052, -0.259),
(-0.051, -0.875, -0.270),
(-0.084, -0.958, -0.333),
(-0.094, -0.870, -0.302),
(-0.106, -0.732, -0.435),
(0.177, -1.129, -0.484),
(0.057, -0.957, -0.408),
(-0.031, -0.758, -0.260),
(-0.025, -0.757, -0.329),
(-0.008, -0.951, -0.381),
(0.032, -0.953, -0.482),
(-0.226, -0.817, -0.373),
(-0.122, -0.859, -0.381),
(0.031, -0.873, -0.421),
(-0.031, -0.869, -0.438),
(-0.007, -0.872, -0.428),
(0.058, -0.884, -0.438),
(0.023, -0.885, -0.473),
(-0.040, -0.852, -0.499),
(-0.103, -0.847, -0.504),
(-0.049, -0.889, -0.515),
(-0.044, -0.923, -0.535),
(-0.104, -0.883, -0.448),
(-0.114, -0.765, -0.431),
(-0.054, -0.748, -0.424),
(-0.179, -0.725, -0.541),
(-0.141, -0.769, -0.585),
(-0.021, -0.787, -0.611),
(-0.007, -0.764, -0.648),
(-0.046, -0.871, -0.749),
(0.056, -0.876, -0.644),
(-0.067, -0.822, -0.614),
(-0.075, -0.800, -0.613),
(-0.059, -0.782, -0.669),
(-0.074, -0.746, -0.685),
(-0.059, -0.694, -0.640),
(-0.046, -0.628, -0.601),
(-0.141, -0.704, -0.586),
(-0.187, -0.823, -0.589),
(-0.056, -0.732, -0.576),
(0.031, -0.635, -0.565),
(-0.152, -0.614, -0.578),
(-0.267, -0.640, -0.675),
(-0.180, -0.685, -0.809),
(-0.097, -0.600, -0.707),
(-0.148, -0.449, -0.624),
(-0.346, -0.510, -0.695),
(-0.418, -0.612, -0.796),
(-0.308, -0.560, -0.832),
(-0.255, -0.594, -0.796),
(-0.210, -0.657, -0.771),
(-0.117, -0.644, -0.774),
(-0.101, -0.654, -0.848),
(-0.178, -0.689, -0.839),
(-0.268, -0.687, -0.804),
(-0.256, -0.617, -0.743),
(-0.368, -0.548, -0.813),
(-0.468, -0.750, -0.848),
(-0.273, -0.616, -0.591),
(-0.236, -0.675, -0.620),
(-0.423, -0.701, -0.713),
(-0.448, -0.691, -0.807),
(-0.446, -0.685, -0.795),
(-0.298, -0.642, -0.753),
(-0.355, -0.758, -0.817),
(-0.441, -0.746, -0.747),
(-0.364, -0.763, -0.646),
(-0.251, -0.749, -0.597),
(-0.249, -0.690, -0.595),
(-0.269, -0.605, -0.591),
(-0.318, -0.582, -0.549),
(-0.379, -0.643, -0.485),
(-0.363, -0.667, -0.522),
(-0.333, -0.615, -0.572),
(-0.317, -0.698, -0.624),
(-0.346, -0.879, -0.933),
(-0.298, -0.830, -0.889),
(-0.165, -0.471, -0.525),
(-0.538, -0.646, -0.569),
(-0.664, -0.718, -0.572),
(-0.516, -0.787, -0.600),
(-0.411, -0.807, -0.601),
(-0.193, -0.759, -0.629),
(-0.165, -0.700, -0.681),
(-0.262, -0.763, -0.803),
(-0.242, -0.771, -0.847),
(-0.288, -0.751, -0.739),
(-0.367, -0.820, -0.658),
(-0.320, -0.869, -0.607),
(-0.268, -0.895, -0.638),
(-0.302, -0.891, -0.700),
(-0.369, -0.941, -0.776),
(-0.267, -0.919, -0.752),
(-0.099, -0.772, -0.734),
(-0.260, -0.854, -0.827),
(0.006, -0.727, -0.688),
(-0.066, -0.750, -0.682),
(-0.163, -0.747, -0.662),
(-0.188, -0.750, -0.672),
(-0.123, -0.779, -0.600),
(-0.116, -0.808, -0.587),
(-0.073, -0.790, -0.531),
(-0.065, -0.771, -0.498),
(-0.089, -0.792, -0.527),
(-0.137, -0.827, -0.544),
(-0.143, -0.807, -0.540),
(-0.090, -0.768, -0.529),
(-0.038, -0.789, -0.514),
(-0.048, -0.833, -0.490),
(-0.078, -0.838, -0.504),
(-0.036, -0.802, -0.470),
(0.004, -0.810, -0.428),
(0.013, -0.855, -0.427),
(-0.013, -0.863, -0.460),
(-0.018, -0.821, -0.444),
(0.018, -0.814, -0.389),
(0.001, -0.848, -0.378),
(-0.047, -0.909, -0.400),
(-0.049, -0.987, -0.393),
(-0.008, -1.032, -0.385),
(0.004, -0.983, -0.408),
(0.004, -0.904, -0.395),
(0.032, -0.877, -0.352),
(0.028, -0.882, -0.316),
(0.011, -0.893, -0.317),
(-0.024, -0.884, -0.331),
(-0.044, -0.882, -0.276),
(-0.005, -0.890, -0.280),
(0.033, -0.909, -0.344),
(0.064, -0.924, -0.398),
(0.011, -0.785, -0.271),
(-0.016, -0.773, -0.236),
(-0.028, -0.816, -0.264),
(-0.016, -0.839, -0.307),
(0.034, -0.836, -0.319),
(0.066, -0.859, -0.292),
(0.098, -0.908, -0.250),
(0.107, -0.937, -0.218),
(0.102, -0.921, -0.214),
(0.107, -0.906, -0.225),
(0.131, -0.925, -0.218),
(0.129, -0.982, -0.200),
(0.108, -1.023, -0.190),
(0.139, -0.985, -0.195),
(0.208, -0.916, -0.224),
(0.208, -0.890, -0.142),
(0.139, -0.901, -0.108),
(0.121, -0.885, -0.094),
(0.156, -0.857, -0.082),
(0.164, -0.858, -0.081),
(0.113, -0.890, -0.107),
(0.097, -0.922, -0.134),
(0.108, -0.936, -0.066),
(0.113, -0.962, -0.055),
(0.117, -0.986, -0.068),
(0.128, -0.991, -0.079),
(0.137, -0.999, -0.099),
(0.134, -0.984, -0.120),
(0.133, -0.961, -0.124),
(0.137, -0.926, -0.117),
(0.134, -0.907, -0.098),
(0.123, -0.919, -0.076),
(0.092, -0.963, -0.074),
(0.074, -0.976, -0.089),
(0.100, -0.979, -0.074),
(0.123, -0.990, -0.046),
(0.121, -0.984, 0.016),
(0.133, -0.997, 0.041),
(0.143, -1.008, 0.070),
(0.145, -0.997, 0.082),
(0.135, -0.988, 0.087),
(0.124, -0.992, 0.085),
(0.117, -0.956, 0.093),
(0.112, -0.919, 0.109),
(0.097, -0.904, 0.136),
(0.083, -0.917, 0.167),
(0.072, -0.938, 0.195),
(0.062, -0.933, 0.206),
(0.059, -0.920, 0.197),
(0.058, -0.958, 0.219),
(0.072, -1.086, 0.269),
(0.101, -1.168, 0.284),
(0.173, -1.137, 0.203),
(0.247, -1.024, 0.051),
(0.253, -0.941, 0.016),
(0.235, -0.957, 0.029),
(0.250, -0.982, 0.016),
(0.299, -0.975, -0.028),
(0.285, -0.945, -0.071),
(0.208, -0.904, -0.062),
(0.177, -0.885, -0.089),
(0.203, -0.824, -0.093),
(0.323, -0.865, -0.130),
(0.303, -0.885, -0.105),
(0.232, -0.942, -0.019),
(0.187, -0.954, 0.027),
(0.180, -0.939, 0.015),
(0.069, -0.937, 0.055),
(-0.036, -0.899, 0.073),
(0.006, -0.890, 0.094),
(0.159, -0.984, 0.170),
(0.342, -1.062, 0.294),
(0.326, -1.057, 0.327),
(0.380, -0.971, 0.292),
(0.387, -0.930, 0.268),
(0.343, -0.889, 0.259),
(0.360, -0.849, 0.267),
(0.447, -0.824, 0.291),
(0.506, -0.791, 0.306),
(0.500, -0.792, 0.314),
(0.497, -0.793, 0.273),
(0.516, -0.758, 0.247),
(0.508, -0.717, 0.265),
(0.471, -0.673, 0.306),
(0.488, -0.652, 0.305),
(0.512, -0.666, 0.299),
(0.502, -0.659, 0.288),
(0.498, -0.679, 0.273),
(0.484, -0.729, 0.261),
(0.477, -0.813, 0.238),
(0.493, -0.899, 0.170),
(0.466, -0.857, 0.101),
(0.583, -1.191, -0.084),
(0.550, -1.077, -0.101),
(0.427, -0.893, -0.053),
(0.367, -0.907, -0.038),
(0.365, -0.984, -0.014),
(0.355, -0.991, 0.044),
(0.346, -0.949, 0.184),
(0.265, -0.870, 0.649),
(0.250, -0.850, 0.807),
(0.373, -0.778, 0.874),
(0.609, -0.681, 0.891),
(0.808, -0.673, 0.878),
(0.962, -0.740, 0.880),
(0.998, -0.700, 0.889),
(0.781, -0.643, 0.883),
(0.563, -0.675, 0.858),
(0.479, -0.705, 0.821),
(0.376, -0.742, 0.762),
(0.240, -0.814, 0.695),
(0.235, -1.530, 0.266),
(0.234, -1.640, 0.207),
(0.257, -1.700, 0.160),
(0.252, -1.706, 0.176),
(0.145, -1.736, 0.243),
(0.125, -1.804, 0.247),
(0.193, -1.731, 0.202),
(0.087, -1.575, 0.263),
(-0.136, -1.583, 0.447),
(-0.150, -1.626, 0.515),
(0.116, -1.427, 0.448),
(0.207, -1.212, 0.480),
(0.376, -1.162, 0.497),
(0.388, -1.191, 0.409),
(0.366, -1.111, 0.361),
(0.440, -1.031, 0.392),
(0.633, -0.889, 0.384),
(0.516, -0.819, 0.451),
(0.445, -0.750, 0.438),
(0.581, -0.759, 0.432),
(0.810, -0.856, 0.522),
(0.780, -0.902, 0.507),
(0.736, -0.851, 0.495),
(0.834, -0.499, 0.353),
(1.219, 0.322, 0.272),
(1.608, 0.655, 0.587),
(0.358, -0.444, 0.553),
(0.273, -0.375, 0.221),
(0.691, 0.103, 0.511),
(0.613, -0.018, 0.521),
(0.373, -0.303, 0.425),
(0.412, -0.300, 0.490),
(0.528, -0.424, 0.564),
(0.520, -0.469, 0.546),
(0.498, -0.556, 0.498),
(0.488, -0.634, 0.579),
(0.490, -0.681, 0.605),
(0.448, -0.795, 0.570),
(0.365, -0.876, 0.542),
(0.254, -1.008, 0.409),
(0.285, -1.139, 0.324),
(0.344, -1.271, 0.225),
(0.372, -1.422, 0.119),
(0.427, -1.559, 0.004),
(0.525, -1.701, -0.087),
(0.569, -1.982, -0.074),
(0.458, -2.069, -0.006),
(0.356, -2.071, 0.136),
(0.360, -1.948, 0.198),
(0.359, -1.784, 0.276),
(0.371, -1.676, 0.366),
(0.408, -1.535, 0.403),
(0.350, -1.340, 0.485),
(0.143, -1.147, 0.607),
(0.104, -1.026, 0.714),
(0.176, -0.877, 0.807),
(0.292, -0.769, 0.985),
(0.328, -0.748, 1.053),
(0.251, -0.734, 1.082),
(0.198, -0.713, 1.013),
(0.256, -0.665, 0.890),
(0.328, -0.670, 0.787),
(0.369, -0.731, 0.684),
(0.353, -0.812, 0.570),
(0.305, -0.890, 0.452),
(0.257, -0.967, 0.342),
(0.230, -1.099, 0.259),
(0.193, -1.251, 0.220),
(0.133, -1.345, 0.164),
(0.094, -1.474, 0.160),
(0.087, -1.663, 0.134),
(0.015, -1.800, 0.142),
(-0.239, -2.117, 0.059),
(-0.128, -2.124, -0.007),
(-0.046, -1.969, 0.002),
(-0.193, -1.827, 0.056),
(-0.019, -1.158, 0.297),
(0.098, -1.117, 0.454),
(0.231, -1.195, 0.430),
(0.518, -1.211, 0.349),
(0.805, -1.209, 0.397),
(0.877, -1.264, 0.455),
(0.292, -0.212, 0.827),
(0.335, 1.368, 0.569),
(0.514, 0.846, 0.656),
(0.032, 0.014, 0.223),
(-0.104, -0.286, 0.333),
(0.064, -0.403, 0.614),
(-0.072, -0.329, 0.478),
(-0.368, -0.330, 0.472),
(-0.053, -0.426, 0.457),
(0.331, -1.012, 0.564),
(0.748, -1.165, 0.591),
(1.091, -1.358, 0.489),
(0.956, -1.496, 0.269),
(0.665, -1.560, 0.093),
(0.539, -1.605, -0.099),
(0.482, -1.567, -0.367),
(0.553, -1.535, -0.557),
(0.499, -1.668, -0.557),
(0.250, -2.179, -0.449),
(-0.068, -2.314, -0.298),
(-0.440, -2.308, -0.140),
(-0.603, -2.227, -0.083),
(-0.440, -1.842, 0.006),
(-0.294, -1.701, 0.029),
(-0.138, -1.588, -0.036),
(0.009, -1.488, -0.122),
(0.134, -1.383, -0.175),
(0.218, -1.305, -0.133),
(0.298, -1.259, -0.145),
(0.328, -1.194, -0.076),
(0.246, -1.147, 0.082),
(0.038, -0.653, 0.803),
(0.277, -0.510, 0.896),
(0.384, -0.465, 0.993),
(0.360, -0.478, 0.997),
(0.429, -0.515, 0.897),
(0.476, -0.558, 0.785),
(0.488, -0.613, 0.677),
(0.519, -0.670, 0.561),
(0.572, -0.714, 0.427),
(0.573, -0.755, 0.335),
(0.548, -0.828, 0.283),
(0.588, -0.932, 0.241),
(0.683, -1.020, 0.157),
(0.811, -1.100, 0.079),
(0.788, -1.153, 0.112),
(0.566, -1.129, 0.234),
(0.387, -1.072, 0.329),
(0.358, -0.946, 0.410),
(0.379, -0.783, 0.462),
(0.303, -0.716, 0.476),
(0.287, -0.776, 0.398),
(0.284, -0.675, 0.341),
(0.193, -0.609, 0.354),
(0.037, -0.721, 0.356),
(0.039, -0.716, 0.380),
(0.001, -0.727, 0.411),
(-0.116, -0.784, 0.510),
(-0.162, -0.871, 0.568),
(-0.129, -0.969, 0.552),
(-0.025, -0.976, 0.433),
(0.144, -0.927, 0.302),
(0.244, -0.859, 0.259),
(0.213, -0.836, 0.292),
(0.166, -0.859, 0.357),
(0.178, -0.862, 0.439),
(0.148, -0.927, 0.490),
(-0.020, -1.024, 0.482),
(-0.189, -1.056, 0.408),
(-0.228, -1.103, 0.356),
(-0.094, -1.204, 0.406),
(0.049, -1.259, 0.400),
(-0.028, -1.353, 0.349),
(-0.139, -1.283, 0.302),
(-0.257, -1.192, 0.365),
(-0.368, -1.170, 0.436),
(-0.394, -1.170, 0.441),
(-0.365, -1.127, 0.392),
(-0.303, -1.049, 0.348),
(-0.278, -0.960, 0.300),
(-0.306, -0.901, 0.252),
(-0.331, -0.886, 0.248),
(-0.283, -0.876, 0.252),
(-0.244, -0.871, 0.251),
(-0.139, -0.859, 0.248),
(-0.079, -0.843, 0.241),
(-0.038, -0.820, 0.246),
(-0.024, -0.831, 0.253),
(0.055, -0.825, 0.279),
(0.054, -0.821, 0.286),
(0.117, -0.749, 0.235),
(0.196, -0.635, 0.189),
(0.165, -0.620, 0.181),
(0.204, -0.711, 0.142),
(0.283, -0.771, 0.046),
(0.311, -0.736, 0.010),
(0.281, -0.663, 0.010),
(0.221, -0.642, 0.006),
(0.192, -0.690, -0.031),
(0.164, -0.741, -0.060),
(0.117, -0.751, -0.074),
(0.075, -0.752, -0.109),
(0.042, -0.763, -0.158),
(0.003, -0.814, -0.197),
(-0.045, -0.926, -0.211),
(-0.058, -1.066, -0.230),
(-0.002, -1.144, -0.245),
(0.061, -1.110, -0.226),
(0.054, -1.074, -0.205),
(-0.002, -1.110, -0.203),
(-0.010, -1.159, -0.221),
(0.025, -1.155, -0.221),
(0.064, -1.126, -0.205),
(-0.041, -1.113, -0.118),
(-0.050, -1.142, -0.142),
(-0.028, -1.189, -0.143),
(0.001, -1.233, -0.141),
(0.074, -1.280, -0.073),
(0.016, -1.291, -0.092),
(0.034, -1.301, -0.115),
(0.089, -1.313, -0.115),
(0.167, -1.376, -0.130),
(0.071, -1.435, -0.179),
(0.051, -1.417, -0.178),
(0.219, -1.350, 0.004),
(0.220, -1.324, -0.111),
(0.075, -1.345, -0.198),
(-0.001, -1.372, -0.175),
(0.195, -1.349, -0.081),
(0.227, -1.358, -0.043),
(0.118, -1.353, -0.115),
(0.113, -1.297, -0.147),
(0.108, -1.272, -0.163),
(0.064, -1.263, -0.222),
(0.055, -1.255, -0.252),
(0.085, -1.262, -0.236),
(0.121, -1.273, -0.215),
(0.108, -1.273, -0.179),
(0.042, -1.241, -0.158),
(-0.005, -1.191, -0.144),
(-0.008, -1.153, -0.138),
(-0.019, -1.134, -0.141),
(-0.067, -1.094, -0.164),
(-0.093, -1.007, -0.150),
(-0.089, -0.945, -0.123),
(-0.061, -0.912, -0.090),
(-0.047, -0.863, -0.079),
(-0.031, -0.811, -0.101),
(-0.019, -0.688, -0.062),
(0.001, -0.657, -0.031),
(0.008, -0.665, -0.039),
(-0.009, -0.732, -0.060),
(0.052, -0.634, -0.058),
(0.079, -0.617, -0.030),
(0.078, -0.689, -0.031),
(0.079, -0.739, -0.051),
(0.081, -0.661, -0.048),
(0.064, -0.602, 0.003),
(0.058, -0.688, 0.037),
(0.062, -0.816, 0.023),
(0.078, -0.783, 0.001),
(0.068, -0.648, 0.056),
(0.045, -0.670, 0.118),
(0.015, -0.765, 0.099),
(0.029, -0.811, 0.061),
(0.065, -0.777, 0.061),
(0.072, -0.832, 0.104),
(0.057, -0.923, 0.094),
(0.108, -0.912, 0.040),
(0.164, -0.871, 0.102),
(0.175, -0.885, 0.168),
(0.129, -0.983, 0.152),
(0.095, -0.994, 0.139),
(0.094, -0.898, 0.199),
(0.093, -0.785, 0.287),
(0.093, -0.734, 0.366),
(0.052, -0.732, 0.442),
(0.013, -0.722, 0.522),
(0.050, -0.747, 0.563),
(0.134, -0.810, 0.548),
(0.189, -0.853, 0.486),
(0.281, -0.904, 0.351),
(0.362, -0.923, 0.290),
(0.413, -0.937, 0.283),
(0.443, -0.935, 0.277),
(0.440, -0.931, 0.258),
(0.455, -0.947, 0.216),
(0.379, -0.970, 0.266),
(0.271, -1.031, 0.311),
(0.302, -1.139, 0.371),
(0.235, -1.121, 0.247),
(0.278, -0.940, 0.157),
(0.172, -0.919, 0.143),
(0.077, -1.217, 0.104),
(0.133, -1.230, 0.141),
(0.072, -0.868, 0.176),
(0.029, -0.784, 0.220),
(-0.066, -0.765, 0.262),
(0.005, -0.710, 0.301),
(0.038, -0.698, 0.323),
(0.031, -0.665, 0.372),
(0.032, -0.644, 0.398),
(0.022, -0.629, 0.418),
(0.021, -0.615, 0.417),
(0.105, -0.974, 0.401),
(0.100, -1.085, 0.366),
(0.082, -1.175, 0.342),
(0.147, -1.446, 0.136),
(0.319, -1.132, -0.019),
(0.256, -0.968, -0.113),
(0.236, -0.936, -0.135),
(0.311, -0.944, -0.098),
(0.331, -0.975, -0.082),
(0.242, -0.987, -0.004),
(0.213, -0.909, 0.053),
(0.177, -0.839, 0.108),
(0.173, -0.794, 0.136),
(0.266, -0.861, -0.033),
(0.172, -1.043, 0.158),
(0.101, -1.458, 0.056),
(0.108, -1.387, -0.046),
(0.152, -1.365, -0.100),
(0.204, -1.402, -0.138),
(0.195, -1.476, -0.198),
(0.242, -1.490, -0.251),
(0.358, -1.446, -0.210),
(0.399, -1.371, -0.136),
(0.283, -1.030, -0.036),
(0.153, -0.954, -0.036),
(0.055, -0.882, 0.001),
(-0.012, -0.789, 0.074),
(-0.069, -0.724, 0.141),
(-0.105, -0.674, 0.182),
(-0.115, -0.613, 0.215),
(-0.098, -0.563, 0.255),
(-0.086, -0.521, 0.294),
(-0.091, -0.496, 0.315),
(-0.088, -0.490, 0.327),
(-0.071, -0.501, 0.345),
(-0.057, -0.523, 0.375),
(-0.044, -0.568, 0.408),
(0.038, -0.810, 0.521),
(0.174, -1.210, 0.479),
(0.220, -1.279, 0.366),
(0.301, -1.196, 0.204),
(0.341, -1.071, 0.125),
(0.331, -0.965, 0.052),
(0.246, -1.027, -0.021),
(0.290, -1.049, -0.064),
(0.378, -1.051, -0.048),
(0.378, -1.073, 0.011),
(0.294, -1.093, 0.076),
(0.230, -1.085, 0.170),
(0.213, -0.839, 0.104),
(0.188, -0.863, 0.134),
(0.005, -1.206, 0.167),
(0.035, -1.173, 0.093),
(0.082, -1.188, 0.022),
(0.115, -1.240, -0.062),
(0.167, -1.298, -0.124),
(0.254, -1.368, -0.129),
(0.327, -1.422, -0.122),
(0.383, -1.414, -0.121),
(0.341, -1.312, -0.144),
(0.323, -1.127, -0.131),
(0.232, -0.958, -0.100),
(-0.024, -0.720, 0.110),
(-0.100, -0.612, 0.253),
(-0.087, -0.581, 0.273),
(-0.046, -0.538, 0.312),
(-0.031, -0.528, 0.353),
(-0.015, -0.546, 0.373),
(0.008, -0.581, 0.396),
(0.042, -0.661, 0.438),
(0.084, -0.789, 0.492),
(0.148, -0.920, 0.508),
(0.222, -1.010, 0.476),
(0.240, -1.069, 0.442),
(0.236, -1.191, 0.427),
(0.273, -1.301, 0.374),
(0.316, -1.248, 0.264),
(0.331, -1.107, 0.149),
(0.347, -0.929, 0.051),
(0.308, -0.847, 0.011),
(0.255, -0.890, 0.012),
(0.384, -0.968, 0.036),
(0.142, -0.826, 0.256),
(0.163, -0.791, 0.217),
(0.193, -0.779, 0.162),
(0.200, -0.779, 0.151),
(0.233, -0.776, 0.137),
(0.259, -0.797, 0.115),
(0.244, -0.854, 0.119),
(0.199, -0.921, 0.142),
(0.173, -1.011, 0.176),
(0.158, -1.119, 0.198),
(0.187, -1.218, 0.148),
(0.256, -1.225, 0.074),
(0.287, -1.188, 0.084),
(-0.134, -1.199, -0.037),
(-0.117, -1.211, -0.070),
(-0.079, -1.257, -0.059),
(-0.039, -1.244, -0.034),
(-0.054, -1.172, -0.004),
(-0.137, -1.114, -0.022),
(-0.141, -1.001, -0.082),
(-0.065, -0.912, -0.102),
(-0.037, -0.893, -0.071),
(-0.059, -0.881, -0.025),
(-0.062, -0.858, 0.042),
(-0.041, -0.855, 0.104),
(-0.041, -0.849, 0.135),
(-0.028, -0.849, 0.141),
(-0.032, -0.842, 0.159),
(-0.063, -0.856, 0.208),
(-0.051, -0.885, 0.255),
(0.041, -0.883, 0.283),
(0.125, -0.863, 0.321),
(0.125, -0.897, 0.385),
(0.099, -0.960, 0.407),
(0.128, -0.993, 0.374),
(0.208, -0.955, 0.342),
(0.259, -0.880, 0.359),
(0.218, -0.925, 0.432),
(0.162, -1.099, 0.399),
(0.188, -1.085, 0.244),
(0.188, -1.006, 0.165),
(0.173, -0.935, 0.124),
(0.161, -0.898, 0.068),
(0.150, -0.911, 0.028),
(0.123, -0.965, -0.003),
(0.119, -1.035, -0.029),
(0.147, -1.054, -0.020),
(0.138, -1.033, 0.002),
(0.098, -0.966, 0.077),
(0.093, -0.890, 0.169),
(0.089, -0.835, 0.216),
(0.056, -0.821, 0.217),
(0.002, -0.823, 0.212),
(-0.002, -0.808, 0.218),
(0.022, -0.843, 0.183),
(0.081, -0.877, 0.140),
(0.150, -0.907, 0.119),
(0.200, -0.927, 0.087),
(0.248, -0.923, 0.050),
(0.312, -0.916, 0.040),
(0.361, -0.906, 0.061),
(0.295, -0.990, 0.161),
(0.221, -1.080, 0.240),
(0.152, -1.174, 0.279),
(0.125, -1.251, 0.243),
(0.173, -1.260, 0.189),
(0.275, -1.222, 0.166),
(0.301, -1.292, 0.224),
(0.165, -1.436, 0.191),
(0.132, -1.320, 0.032),
(0.205, -1.201, -0.007),
(0.188, -1.158, -0.034),
(0.102, -1.103, -0.038),
(0.026, -1.156, -0.029),
(0.010, -1.262, -0.064),
(0.031, -1.272, -0.039),
(0.110, -1.219, 0.006),
(0.107, -1.145, 0.036),
(-0.003, -1.099, 0.011),
(-0.001, -1.052, -0.019),
(0.036, -0.979, -0.016),
(0.152, -0.750, 0.432),
(0.180, -0.858, 0.482),
(0.210, -0.952, 0.479),
(0.257, -0.979, 0.430),
(0.275, -1.043, 0.414),
(0.263, -1.171, 0.407),
(0.304, -1.216, 0.298),
(0.330, -1.187, 0.198),
(0.344, -1.067, 0.157),
(0.340, -0.944, 0.126),
(0.330, -0.888, 0.108),
(0.316, -0.901, 0.108),
(0.254, -0.943, 0.116),
(0.209, -0.828, 0.251),
(0.311, -0.745, 0.196),
(0.314, -0.711, 0.217),
(0.341, -0.702, 0.205),
(0.342, -0.740, 0.186),
(0.318, -0.787, 0.177),
(0.317, -0.847, 0.157),
(0.281, -0.901, 0.169),
(0.217, -0.966, 0.183),
(0.179, -1.102, 0.153),
(0.199, -1.211, 0.079),
(0.231, -1.198, 0.016),
(0.105, -1.456, -0.028),
(-0.158, -1.349, -0.134),
(-0.140, -1.337, -0.117),
(-0.022, -1.304, -0.099),
(0.091, -1.236, -0.137),
(0.128, -1.134, -0.151),
(0.141, -1.061, -0.129),
(0.130, -1.011, -0.091),
(0.074, -0.997, -0.065),
(0.031, -0.975, -0.015),
(0.031, -0.958, 0.058),
(0.052, -0.924, 0.121),
(0.039, -0.851, 0.210),
(-0.017, -0.828, 0.222),
(-0.062, -0.795, 0.229),
(-0.046, -0.757, 0.249),
(-0.006, -0.747, 0.274),
(0.031, -0.777, 0.295),
(0.035, -0.800, 0.328),
(0.034, -0.836, 0.375),
(0.053, -0.904, 0.406),
(0.097, -0.939, 0.401),
(0.146, -0.945, 0.408),
(0.148, -1.002, 0.472),
(0.145, -0.927, 0.212),
(0.158, -1.066, -0.008),
(0.184, -1.053, -0.018),
(0.204, -0.995, 0.057),
(0.192, -0.944, 0.176),
(0.169, -0.953, 0.210),
(0.131, -0.944, 0.200),
(0.083, -0.888, 0.234),
(0.099, -0.867, 0.215),
(0.156, -0.859, 0.176),
(0.202, -0.856, 0.137),
(0.238, -0.854, 0.117),
(0.255, -0.857, 0.103),
(0.247, -0.874, 0.085),
(0.254, -0.898, 0.084),
(0.275, -0.915, 0.099),
(0.250, -0.944, 0.141),
(0.199, -0.993, 0.175),
(0.149, -1.083, 0.197),
(0.113, -1.181, 0.206),
(0.127, -1.231, 0.169),
(0.195, -1.235, 0.221),
(0.179, -1.279, -0.083),
(0.171, -1.288, -0.086),
(0.170, -1.358, -0.128),
(0.239, -1.389, -0.181),
(0.292, -1.230, -0.099),
(0.198, -1.116, -0.072),
(0.179, -1.020, -0.037),
(0.073, -0.969, -0.026),
(-0.032, -0.845, 0.055),
(-0.041, -0.777, 0.123),
(-0.054, -0.730, 0.172),
(-0.080, -0.696, 0.200),
(-0.086, -0.673, 0.222),
(-0.071, -0.653, 0.240),
(-0.068, -0.641, 0.256),
(-0.066, -0.641, 0.256),
(-0.048, -0.656, 0.256),
(-0.023, -0.685, 0.270),
(-0.003, -0.719, 0.306),
(0.023, -0.782, 0.365),
(0.071, -0.901, 0.423),
(0.161, -0.992, 0.423),
(0.198, -1.081, 0.422),
(0.204, -1.213, 0.379),
(0.286, -1.168, 0.263),
(0.334, -1.015, 0.188),
(0.333, -0.873, 0.174),
(0.301, -0.867, 0.187),
(0.248, -0.951, 0.158),
(0.221, -0.996, 0.066),
(0.267, -0.995, 0.016),
(0.336, -0.984, 0.025),
(0.376, -0.969, 0.069),
(0.362, -0.959, 0.141),
(0.316, -0.943, 0.215),
(0.282, -0.943, 0.254),
(0.232, -0.943, 0.276),
(0.169, -0.936, 0.273),
(0.163, -0.903, 0.233),
(0.229, -0.890, 0.188),
(0.268, -0.862, 0.151),
(0.268, -0.839, 0.133),
(0.267, -0.824, 0.118),
(0.251, -0.815, 0.120),
(0.237, -0.834, 0.123),
(0.235, -0.877, 0.119),
(0.216, -0.922, 0.135),
(0.171, -1.001, 0.151),
(0.146, -1.104, 0.149),
(0.125, -1.226, 0.250),
(0.085, -1.303, 0.254),
(0.073, -1.294, 0.200),
(0.064, -1.285, 0.159),
(0.069, -1.221, 0.051),
(0.086, -1.015, -0.092),
(0.078, -1.067, -0.089),
(0.085, -1.209, -0.072),
(0.126, -1.323, -0.050),
(0.209, -1.335, -0.017),
(0.257, -1.251, -0.001),
(0.250, -1.127, -0.010),
(0.212, -1.003, -0.024),
(0.159, -0.888, -0.029),
(0.093, -0.807, -0.017),
(0.007, -0.698, 0.114),
(0.138, -0.859, 0.382),
(0.195, -0.984, 0.384),
(0.256, -1.061, 0.353),
(0.343, -1.240, 0.332),
(0.373, -1.075, 0.197),
(0.353, -0.894, 0.089),
(0.307, -0.784, 0.039),
(0.268, -0.792, 0.024),
(0.227, -1.095, 0.137),
(0.196, -1.043, 0.199),
(0.125, -0.873, 0.298),
(0.125, -0.871, 0.281),
(0.173, -0.847, 0.215),
(0.203, -0.848, 0.181),
(0.205, -0.851, 0.148),
(0.213, -0.839, 0.125),
(0.231, -0.827, 0.111),
(0.251, -0.816, 0.090),
(0.260, -0.820, 0.112),
(0.221, -0.860, 0.140),
(0.199, -0.938, 0.152),
(0.193, -1.022, 0.163),
(0.215, -1.111, 0.137),
(0.262, -1.148, 0.084),
(0.279, -1.111, 0.094),
(0.171, -1.230, 0.312),
(0.098, -1.196, 0.298),
(0.084, -1.101, 0.270),
(0.057, -1.030, 0.257),
(0.024, -0.940, 0.184),
(-0.002, -0.902, 0.130),
(-0.036, -0.961, 0.123),
(-0.068, -1.091, 0.109),
(-0.057, -1.239, 0.067),
(0.009, -1.379, 0.018),
(0.136, -1.411, -0.053),
(0.278, -1.307, -0.109),
(0.377, -1.147, -0.141),
(0.405, -1.014, -0.166),
(0.204, -0.893, -0.173),
(0.151, -0.865, -0.133),
(0.125, -0.846, -0.067),
(0.078, -0.840, 0.005),
(0.054, -0.820, 0.090),
(0.044, -0.786, 0.177),
(0.035, -0.753, 0.253),
(0.012, -0.714, 0.310),
(-0.023, -0.685, 0.353),
(-0.034, -0.665, 0.381),
(-0.020, -0.659, 0.409),
(0.023, -0.677, 0.416),
(0.062, -0.727, 0.428),
(0.085, -0.807, 0.434),
(0.124, -0.889, 0.413),
(0.208, -0.905, 0.372),
(0.278, -0.881, 0.368),
(0.268, -0.944, 0.432),
(0.242, -1.041, 0.468),
(0.285, -1.057, 0.434),
(0.224, -0.796, 0.179),
(0.337, -0.997, 0.164),
(0.305, -0.960, 0.200),
(0.165, -0.879, 0.187),
(0.184, -0.884, 0.158),
(0.227, -0.899, 0.118),
(0.268, -0.901, 0.096),
(0.286, -0.903, 0.085),
(0.286, -0.907, 0.073),
(0.274, -0.912, 0.072),
(0.261, -0.920, 0.070),
(0.246, -0.927, 0.085),
(0.219, -0.954, 0.115),
(0.185, -1.003, 0.137),
(0.172, -1.025, 0.135),
(0.207, -1.005, 0.115),
(0.225, -0.980, 0.130),
(0.206, -1.018, 0.170),
(0.189, -1.176, 0.221),
(0.173, -1.323, 0.231),
(0.167, -1.293, 0.181),
(0.166, -1.188, 0.148),
(0.151, -1.054, 0.105),
(0.118, -0.898, 0.064),
(0.094, -0.786, 0.046),
(0.071, -0.775, 0.042),
(0.032, -0.873, 0.042),
(-0.013, -0.986, 0.061),
(-0.021, -1.046, 0.081),
(-0.006, -1.075, 0.119),
(0.026, -0.862, 0.167),
(0.037, -0.862, 0.160),
(0.050, -0.860, 0.153),
(0.075, -0.869, 0.151),
(0.079, -0.887, 0.146),
(0.086, -0.934, 0.155),
(0.110, -0.985, 0.149),
(0.220, -1.175, 0.122),
(0.189, -0.708, 0.121),
(0.082, -0.736, 0.122),
(0.042, -0.781, 0.116),
(0.117, -0.843, 0.124),
(0.200, -0.907, 0.118),
(0.194, -0.947, 0.126),
(0.129, -0.930, 0.122),
(0.193, -0.838, 0.087),
(0.255, -0.836, 0.102),
(0.197, -0.841, 0.126),
(0.112, -0.842, 0.200),
(0.137, -0.852, 0.214),
(0.249, -0.862, 0.229),
(0.320, -0.891, 0.222),
(0.201, -0.799, 0.209),
(0.284, -0.829, 0.149),
(0.208, -0.978, 0.053),
(0.185, -0.872, 0.116),
(0.137, -0.872, 0.167),
(0.112, -0.928, 0.170),
(0.071, -0.961, 0.157),
(0.065, -1.035, 0.013),
(0.225, -0.930, -0.171),
(0.280, -0.885, -0.284),
(0.228, -0.923, -0.275),
(0.202, -0.950, -0.241),
(0.226, -0.956, -0.224),
(0.257, -0.967, -0.211),
(0.269, -0.965, -0.166),
(0.145, -0.939, -0.156),
(0.224, -0.938, -0.214),
(0.212, -0.964, -0.158),
(0.129, -0.935, -0.155),
(0.262, -0.902, -0.144),
(0.268, -0.950, -0.125),
(0.166, -1.022, -0.143),
(0.121, -1.033, -0.134),
(0.184, -0.933, -0.140),
(0.156, -0.938, -0.090),
(-0.004, -0.989, -0.061),
(0.095, -0.932, -0.182),
(0.116, -0.924, -0.186),
(0.147, -0.927, -0.152),
(0.145, -0.949, -0.136),
(0.150, -0.941, -0.155),
(0.166, -0.935, -0.139),
(0.141, -0.934, -0.149),
(0.194, -0.931, -0.187),
(0.160, -0.927, -0.196),
(0.175, -0.925, -0.209),
(0.198, -0.912, -0.212),
(0.170, -0.926, -0.194),
(0.177, -0.926, -0.196),
(0.195, -0.926, -0.186),
(0.182, -0.924, -0.181),
(0.169, -0.925, -0.182),
(0.176, -0.925, -0.190),
(0.202, -0.930, -0.187),
(0.211, -0.931, -0.170),
(0.174, -0.925, -0.164),
(0.195, -0.926, -0.149),
(0.150, -0.926, -0.163),
(0.163, -0.920, -0.177),
(0.188, -0.927, -0.171),
(0.179, -0.936, -0.167),
(0.188, -0.922, -0.167),
(0.187, -0.915, -0.156),
(0.143, -0.926, -0.175),
(0.169, -0.930, -0.194),
(0.194, -0.925, -0.197),
(0.193, -0.907, -0.208),
(0.188, -0.901, -0.216),
(0.168, -0.914, -0.209),
(0.189, -0.916, -0.216),
(0.184, -0.911, -0.206),
(0.154, -0.912, -0.207),
(0.174, -0.917, -0.223),
(0.204, -0.914, -0.246),
(0.222, -0.905, -0.270),
(0.221, -0.899, -0.288),
(0.216, -0.896, -0.287),
(0.180, -0.916, -0.270),
(0.247, -0.923, -0.252),
(0.222, -0.941, -0.239),
(0.227, -0.938, -0.251),
(0.213, -0.927, -0.256),
(0.270, -0.925, -0.267),
(0.261, -0.934, -0.274),
(0.285, -0.909, -0.277),
(0.310, -0.921, -0.282),
(0.308, -0.893, -0.261),
(0.255, -0.920, -0.234),
(0.250, -0.943, -0.214),
(0.293, -0.928, -0.184),
(0.230, -0.952, -0.148),
(0.238, -0.963, -0.135),
(0.315, -0.926, -0.133),
(0.372, -0.904, -0.160),
(0.399, -0.924, -0.165),
(0.335, -0.928, -0.186),
(0.255, -0.934, -0.180),
(0.466, -0.952, -0.122),
(0.464, -0.924, -0.108),
(0.405, -0.893, -0.103),
(0.380, -0.899, -0.071),
(0.324, -0.898, -0.050),
(0.288, -0.911, 0.016),
(0.316, -0.885, 0.106),
(0.158, -0.881, 0.160),
(0.058, -0.888, 0.193),
(0.088, -0.877, 0.249),
(0.061, -0.882, 0.436),
(0.006, -0.848, 0.476),
(-0.083, -0.786, 0.513),
(-0.065, -0.801, 0.486),
(-0.004, -0.842, 0.493),
(-0.038, -0.832, 0.515),
(-0.136, -0.797, 0.528),
(-0.143, -0.792, 0.493),
(-0.105, -0.794, 0.503),
(-0.115, -0.805, 0.533),
(-0.172, -0.838, 0.579),
(-0.164, -0.861, 0.575),
(-0.149, -0.871, 0.598),
(-0.079, -0.871, 0.558),
(-0.116, -0.867, 0.603),
(-0.070, -0.881, 0.576),
(-0.080, -0.862, 0.562),
(-0.127, -0.871, 0.604),
(-0.147, -0.836, 0.656),
(-0.079, -0.785, 0.647),
(-0.043, -0.771, 0.648),
(-0.098, -0.729, 0.673),
(-0.113, -0.708, 0.673),
(-0.117, -0.659, 0.648),
(-0.142, -0.604, 0.656),
(-0.148, -0.526, 0.688),
(-0.133, -0.472, 0.719),
(-0.161, -0.437, 0.766),
(-0.140, -0.544, 0.752),
(-0.091, -0.499, 0.985),
(-0.368, -0.288, 0.889),
(-0.373, -0.319, 0.883),
(-0.393, -0.380, 0.859),
(-0.369, -0.451, 0.875),
(-0.363, -0.466, 0.888),
(-0.330, -0.428, 0.894),
(-0.302, -0.409, 0.892),
(-0.364, -0.440, 0.892),
(-0.433, -0.395, 0.924),
(-0.501, -0.357, 0.936),
(-0.507, -0.334, 0.912),
(-0.477, -0.368, 0.874),
(-0.498, -0.450, 0.828),
(-0.487, -0.455, 0.813),
(-0.449, -0.389, 0.827),
(-0.405, -0.347, 0.824),
(-0.416, -0.362, 0.816),
(-0.460, -0.370, 0.814),
(-0.487, -0.379, 0.829),
(-0.525, -0.375, 0.824),
(-0.524, -0.338, 0.837),
(-0.522, -0.298, 0.850),
(-0.553, -0.225, 0.819),
(-0.556, -0.209, 0.821),
(-0.613, -0.308, 0.814),
(-0.645, -0.290, 0.885),
(-0.637, -0.223, 0.949),
(-0.636, -0.219, 0.978),
(-0.611, -0.212, 0.991),
(-0.671, -0.262, 0.947),
(-0.601, -0.238, 0.919),
(-0.538, -0.206, 0.892),
(-0.471, -0.188, 0.851),
(-0.430, -0.174, 0.862),
(-0.417, -0.193, 0.870),
(-0.394, -0.184, 0.888),
(-0.533, -0.188, 0.888),
(-0.509, -0.188, 0.902),
(-0.418, -0.187, 0.942),
(-0.400, -0.176, 0.953),
(-0.390, -0.187, 1.032),
(-0.482, -0.193, 1.097),
(-0.453, -0.201, 0.962),
(-0.346, -0.239, 0.908),
(-0.347, -0.227, 0.927),
(-0.391, -0.220, 0.947),
(-0.362, -0.193, 0.948),
(-0.312, -0.150, 0.908),
(-0.357, -0.221, 0.878),
(-0.381, -0.306, 0.877),
(-0.334, -0.297, 0.910),
(-0.325, -0.272, 0.966),
(-0.354, -0.240, 0.983),
(-0.429, -0.271, 0.953),
(-0.447, -0.271, 0.926),
(-0.375, -0.236, 0.916),
(-0.347, -0.226, 0.930),
(-0.342, -0.221, 0.946),
(-0.318, -0.241, 0.936),
(-0.305, -0.239, 0.937),
(-0.283, -0.248, 0.931),
(-0.294, -0.265, 0.930),
(-0.304, -0.271, 0.929),
(-0.308, -0.266, 0.943),
(-0.304, -0.248, 0.945),
(-0.304, -0.248, 0.948),
(-0.307, -0.242, 0.959),
(-0.299, -0.222, 0.960),
(-0.299, -0.228, 0.950),
(-0.306, -0.229, 0.940),
(-0.306, -0.223, 0.941),
(-0.313, -0.220, 0.942),
(-0.324, -0.228, 0.950),
(-0.333, -0.244, 0.943),
(-0.328, -0.255, 0.952),
(-0.319, -0.247, 0.962),
(-0.322, -0.281, 0.944),
(-0.320, -0.321, 0.938),
(-0.319, -0.348, 0.944),
(-0.309, -0.339, 0.942),
(-0.305, -0.292, 0.942),
(-0.336, -0.274, 0.936),
(-0.361, -0.321, 0.916),
(-0.338, -0.318, 0.926),
(-0.357, -0.282, 0.921),
(-0.378, -0.293, 0.906),
(-0.406, -0.326, 0.939),
(-0.407, -0.383, 0.949),
(-0.387, -0.444, 0.928),
(-0.377, -0.464, 0.862),
(-0.353, -0.454, 0.799),
(-0.345, -0.436, 0.772),
(-0.372, -0.436, 0.787),
(-0.395, -0.462, 0.794),
(-0.373, -0.498, 0.822),
(-0.415, -0.573, 0.868),
(-0.411, -0.591, 0.865),
(-0.344, -0.598, 0.853),
(-0.314, -0.553, 0.776),
(-0.240, -0.549, 0.644),
(-0.184, -0.556, 0.625),
(-0.115, -0.569, 0.599),
(-0.035, -0.594, 0.544),
(-0.019, -0.619, 0.613),
(-0.013, -0.684, 0.623),
(0.005, -0.731, 0.593),
(0.029, -0.766, 0.529),
(0.041, -0.802, 0.471),
(0.130, -0.877, 0.339),
(0.164, -0.956, 0.302),
(0.227, -1.037, 0.266),
(0.318, -1.080, 0.196),
(0.403, -1.100, 0.115),
(0.440, -1.094, 0.042),
(0.454, -1.055, 0.006),
(0.427, -0.994, -0.009),
(0.382, -0.929, -0.007),
(0.368, -0.870, 0.021),
(0.336, -0.846, 0.072),
(0.225, -0.884, 0.128),
(0.155, -0.903, 0.175),
(0.158, -0.882, 0.205),
(0.201, -0.839, 0.235),
(0.207, -0.802, 0.280),
(0.199, -0.736, 0.337),
(0.221, -0.890, 0.313),
(0.196, -1.004, 0.286),
(0.143, -1.208, 0.160),
(0.175, -1.206, 0.059),
(0.214, -1.164, 0.007),
(0.226, -1.128, -0.019),
(0.223, -1.090, -0.043),
(0.216, -1.040, -0.065),
(0.190, -0.973, -0.068),
(0.135, -0.908, -0.030),
(-0.081, -0.902, 0.137),
(-0.115, -0.921, 0.189),
(-0.086, -0.937, 0.203),
(-0.030, -0.936, 0.202),
(-0.001, -0.925, 0.205),
(-0.011, -0.924, 0.204),
(-0.021, -0.926, 0.206),
(0.014, -0.945, 0.202),
(0.045, -0.964, 0.197),
(0.027, -0.985, 0.209),
(0.006, -1.003, 0.231),
(-0.011, -1.005, 0.242),
(-0.013, -1.014, 0.233),
(0.006, -1.004, 0.210),
(0.007, -0.987, 0.220),
(-0.009, -0.984, 0.271),
(-0.007, -0.973, 0.294),
(-0.019, -0.951, 0.344),
(-0.045, -0.940, 0.397),
(-0.087, -0.921, 0.420),
(-0.105, -0.892, 0.427),
(-0.093, -0.875, 0.436),
(-0.086, -0.872, 0.451),
(-0.119, -0.873, 0.472),
(-0.133, -0.860, 0.487),
(-0.117, -0.844, 0.504),
(-0.117, -0.842, 0.519),
(-0.171, -0.869, 0.530),
(-0.166, -0.871, 0.544),
(-0.169, -0.854, 0.598),
(-0.168, -0.879, 0.561),
(-0.125, -0.871, 0.548),
(-0.122, -0.881, 0.558),
(-0.148, -0.942, 0.623),
(-0.146, -1.054, 0.670),
(-0.064, -1.128, 0.611),
(0.051, -1.089, 0.509),
(0.101, -0.981, 0.417),
(0.074, -0.867, 0.360),
(0.034, -0.799, 0.365),
(0.023, -0.800, 0.388),
(0.043, -0.834, 0.399),
(0.076, -0.856, 0.393),
(0.112, -0.856, 0.422),
(0.174, -0.799, 0.427),
(0.153, -0.795, 0.441),
(0.097, -0.810, 0.427),
(0.064, -0.818, 0.428),
(0.087, -0.809, 0.441),
(0.097, -0.819, 0.446),
(0.089, -0.846, 0.427),
(0.087, -0.854, 0.406),
(0.094, -0.852, 0.410),
(0.104, -0.858, 0.416),
(0.098, -0.854, 0.418),
(0.101, -0.842, 0.435),
(0.102, -0.827, 0.445),
(0.106, -0.812, 0.467),
(0.130, -0.789, 0.483),
(0.121, -0.770, 0.490),
(0.124, -0.751, 0.507),
(0.125, -0.735, 0.532),
(0.105, -0.759, 0.561),
(0.109, -0.776, 0.568),
(0.104, -0.789, 0.563),
(0.107, -0.786, 0.566),
(0.122, -0.771, 0.575),
(0.139, -0.759, 0.579),
(0.159, -0.743, 0.569),
(0.122, -0.760, 0.588),
(0.125, -0.763, 0.610),
(0.147, -0.750, 0.626),
(0.160, -0.740, 0.622),
(0.135, -0.739, 0.632),
(0.117, -0.735, 0.674),
(0.117, -0.735, 0.708),
(0.123, -0.733, 0.736),
(0.136, -0.709, 0.758),
(0.137, -0.683, 0.769),
(0.124, -0.651, 0.784),
(0.086, -0.588, 0.859),
(-0.041, -0.410, 0.910),
(-0.066, -0.284, 0.876),
(-0.064, -0.269, 0.781),
(-0.079, -0.239, 0.870),
(-0.112, -0.227, 0.874),
(-0.132, -0.216, 0.785),
(-0.179, -0.202, 0.721),
(-0.228, -0.163, 0.764),
(-0.219, -0.109, 0.855),
(-0.242, -0.059, 0.920),
(-0.236, -0.083, 0.965),
(-0.277, -0.110, 1.035),
(-0.273, -0.130, 1.062),
(-0.183, -0.271, 1.037),
(-0.248, -0.278, 1.133),
(-0.263, -0.158, 1.169),
(-0.202, -0.118, 1.110),
(-0.237, -0.217, 1.122),
(-0.308, -0.259, 1.156),
(-0.277, -0.185, 1.184),
(-0.236, -0.145, 1.170),
(-0.244, -0.127, 1.150),
(-0.279, -0.163, 1.156),
(-0.316, -0.162, 1.148),
(-0.302, -0.142, 1.111),
(-0.325, -0.161, 1.081),
(-0.375, -0.182, 1.040),
(-0.393, -0.194, 1.000),
(-0.380, -0.202, 0.954),
(-0.401, -0.232, 0.926),
(-0.420, -0.261, 0.905),
(-0.423, -0.280, 0.881),
(-0.426, -0.329, 0.897),
(-0.441, -0.326, 0.885),
(-0.458, -0.307, 0.867),
(-0.437, -0.226, 0.877),
(-0.453, -0.248, 0.855),
(-0.489, -0.269, 0.844),
(-0.479, -0.287, 0.884),
(-0.464, -0.317, 0.901),
(-0.454, -0.365, 0.874),
(-0.451, -0.369, 0.852),
(-0.439, -0.377, 0.885),
(-0.426, -0.349, 0.902),
(-0.416, -0.329, 0.909),
(-0.394, -0.335, 0.914),
(-0.392, -0.333, 0.920),
(-0.371, -0.329, 0.924),
(-0.376, -0.319, 0.924),
(-0.366, -0.339, 0.926),
(-0.344, -0.330, 0.953),
(-0.366, -0.325, 0.957),
(-0.354, -0.366, 0.949),
(-0.359, -0.382, 0.940),
(-0.383, -0.435, 0.940),
(-0.286, -0.440, 0.939),
(-0.212, -0.442, 0.966),
(-0.270, -0.417, 0.918),
(-0.203, -0.389, 0.856),
(-0.090, -0.382, 0.888),
(-0.168, -0.439, 0.845),
(-0.128, -0.548, 0.847),
(-0.106, -0.585, 0.890),
(-0.129, -0.572, 0.937),
(-0.129, -0.594, 0.962),
(-0.106, -0.588, 0.974),
(-0.104, -0.533, 0.993),
(-0.084, -0.513, 0.962),
(-0.071, -0.540, 0.935),
(-0.092, -0.556, 0.917),
(-0.102, -0.535, 0.899),
(-0.113, -0.496, 0.890),
(-0.148, -0.477, 0.850),
(-0.147, -0.491, 0.807),
(-0.122, -0.497, 0.815),
(-0.144, -0.463, 0.827),
(-0.141, -0.431, 0.815),
(-0.069, -0.434, 0.841),
(-0.155, -0.386, 0.856),
(-0.159, -0.285, 0.896),
(-0.221, -0.301, 0.969),
(-0.374, -0.356, 1.065),
(-0.306, -0.418, 0.966),
(-0.217, -0.433, 0.814),
(-0.290, -0.396, 0.800),
(-0.257, -0.282, 0.854),
(-0.195, -0.258, 0.863),
(-0.224, -0.235, 0.878),
(-0.249, -0.210, 0.852),
(-0.221, -0.232, 0.867),
(-0.189, -0.333, 0.959),
(-0.189, -0.363, 1.062),
(-0.132, -0.321, 1.052),
(-0.075, -0.353, 1.056),
(-0.113, -0.379, 1.056),
(-0.076, -0.396, 1.075),
(-0.024, -0.403, 1.058),
(-0.128, -0.437, 1.061),
(-0.177, -0.441, 1.022),
(-0.219, -0.420, 0.984),
(-0.248, -0.451, 0.949),
(-0.298, -0.388, 0.918),
(-0.285, -0.376, 0.912),
(-0.287, -0.375, 0.906),
(-0.281, -0.391, 0.889),
(-0.270, -0.402, 0.873),
(-0.247, -0.419, 0.863),
(-0.216, -0.438, 0.851),
(-0.234, -0.403, 0.889),
(-0.204, -0.375, 0.916),
(-0.185, -0.355, 0.912),
(-0.169, -0.383, 0.965),
(-0.161, -0.367, 0.980),
(-0.147, -0.358, 0.939),
(-0.164, -0.364, 0.945),
(-0.119, -0.364, 0.938),
(-0.121, -0.372, 0.944),
(-0.128, -0.388, 0.943),
(-0.105, -0.400, 0.958),
(-0.068, -0.397, 0.964),
(0.013, -0.358, 0.957),
(0.017, -0.357, 0.906),
(0.002, -0.343, 0.926),
(0.039, -0.300, 0.923),
(0.068, -0.325, 0.968),
(0.102, -0.327, 0.989),
(0.127, -0.329, 0.993),
(0.144, -0.316, 0.999),
(0.163, -0.303, 1.018),
(0.167, -0.281, 1.040),
(0.179, -0.271, 1.040),
(0.179, -0.225, 1.054),
(0.187, -0.178, 1.068),
(0.197, -0.148, 1.077),
(0.215, -0.123, 1.067),
(0.226, -0.094, 1.058),
(0.245, -0.049, 1.041),
(0.255, -0.008, 1.023),
(0.246, 0.046, 1.018),
(0.242, 0.072, 1.018),
(0.261, 0.100, 0.993),
(0.281, 0.126, 0.955),
(0.325, 0.272, 0.921),
(0.327, 0.305, 0.891),
(0.344, 0.330, 0.912),
(0.360, 0.359, 0.920),
(0.367, 0.373, 0.914),
(0.365, 0.396, 0.905),
(0.362, 0.408, 0.883),
(0.371, 0.428, 0.847),
(0.389, 0.454, 0.841),
(0.404, 0.567, 0.670),
(0.413, 0.578, 0.636),
(0.429, 0.589, 0.601),
(0.442, 0.621, 0.573),
(0.454, 0.621, 0.543),
(0.458, 0.587, 0.529),
(0.504, 0.578, 0.531),
(0.519, 0.606, 0.513),
(0.606, 0.670, 0.386),
(0.595, 0.656, 0.386),
(0.602, 0.658, 0.377),
(0.605, 0.669, 0.358),
(0.598, 0.679, 0.348),
(0.593, 0.680, 0.331),
(0.620, 0.685, 0.277),
(0.635, 0.703, 0.271),
(0.653, 0.711, 0.257),
(0.653, 0.698, 0.228),
(0.641, 0.703, 0.216),
(0.647, 0.708, 0.205),
(0.644, 0.693, 0.190),
(0.623, 0.694, 0.181),
(0.621, 0.701, 0.178),
(0.622, 0.707, 0.157),
(0.604, 0.709, 0.126),
(0.582, 0.721, 0.128),
(0.583, 0.730, 0.116),
(0.592, 0.732, 0.099),
(0.594, 0.726, 0.097),
(0.595, 0.727, 0.071),
(0.600, 0.737, 0.072),
(0.569, 0.757, 0.017),
(0.557, 0.751, 0.014),
(0.567, 0.741, 0.011),
(0.562, 0.735, 0.015),
(0.566, 0.734, 0.013),
(0.570, 0.737, 0.010),
(0.575, 0.748, 0.017),
(0.573, 0.751, 0.029),
(0.563, 0.760, 0.040),
(0.564, 0.756, 0.040),
(0.566, 0.737, 0.047),
(0.577, 0.736, 0.045),
(0.576, 0.734, 0.049),
(0.575, 0.729, 0.055),
(0.573, 0.729, 0.054),
(0.553, 0.725, 0.053),
(0.552, 0.723, 0.052),
(0.559, 0.725, 0.069),
(0.552, 0.735, 0.092),
(0.564, 0.769, 0.102),
(0.568, 0.769, 0.122),
(0.563, 0.757, 0.137),
(0.579, 0.750, 0.148),
(0.581, 0.746, 0.161),
(0.556, 0.746, 0.178),
(0.556, 0.750, 0.189),
(0.577, 0.749, 0.197),
(0.575, 0.743, 0.215),
(0.552, 0.735, 0.224),
(0.549, 0.730, 0.230),
(0.558, 0.715, 0.239),
(0.555, 0.724, 0.277),
(0.563, 0.709, 0.325),
(0.552, 0.717, 0.349),
(0.531, 0.720, 0.375),
(0.537, 0.721, 0.386),
(0.583, 0.716, 0.394),
(0.588, 0.709, 0.385),
(0.570, 0.729, 0.419),
(0.544, 0.746, 0.462),
(0.535, 0.764, 0.509),
(0.548, 0.756, 0.531),
(0.543, 0.710, 0.558),
(0.542, 0.663, 0.571),
(0.552, 0.625, 0.578),
(0.550, 0.615, 0.578),
(0.556, 0.630, 0.587),
(0.473, 0.654, 0.599),
(0.443, 0.644, 0.574),
(0.340, 0.577, 0.588),
(0.245, 0.469, 0.596),
(0.257, 0.431, 0.609),
(0.262, 0.406, 0.647),
(0.229, 0.401, 0.674),
(0.200, 0.393, 0.675),
(0.169, 0.304, 0.679),
(0.160, 0.234, 0.726),
(0.108, 0.239, 0.783),
(0.026, 0.241, 0.856),
(-0.051, 0.179, 0.942),
(-0.097, 0.093, 1.007),
(-0.102, 0.051, 1.126),
(-0.132, -0.057, 1.278),
(-0.106, -0.089, 1.311),
(-0.076, -0.115, 1.375),
(-0.005, -0.098, 1.383),
(0.076, -0.088, 1.419),
(0.061, -0.053, 1.445),
(0.019, -0.070, 1.383),
(0.004, -0.160, 1.339),
(-0.048, -0.186, 1.345),
(-0.077, -0.139, 1.277),
(-0.118, -0.135, 1.222),
(-0.177, -0.141, 1.155),
(-0.262, -0.138, 1.079),
(-0.266, -0.126, 1.004),
(-0.262, -0.152, 0.963),
(-0.291, -0.172, 0.966),
(-0.319, -0.185, 0.959),
(-0.335, -0.190, 0.958),
(-0.384, -0.189, 0.941),
(-0.352, -0.195, 0.898),
(-0.343, -0.206, 0.940),
(-0.381, -0.253, 0.939),
(-0.409, -0.324, 0.996),
(-0.439, -0.374, 1.045),
(-0.355, -0.396, 1.003),
(-0.331, -0.375, 0.981),
(-0.245, -0.412, 0.935),
(-0.228, -0.399, 0.912),
(-0.283, -0.333, 0.870),
(-0.183, -0.256, 0.812),
(-0.181, -0.199, 0.792),
(-0.217, -0.171, 0.817),
(-0.234, -0.271, 0.908),
(-0.201, -0.271, 1.069),
(-0.050, -0.262, 1.108),
(-0.025, -0.243, 1.102),
(0.001, -0.214, 1.021),
(-0.024, -0.202, 1.019),
(-0.063, -0.177, 1.023),
(-0.090, -0.154, 1.018),
(-0.135, -0.161, 1.026),
(-0.157, -0.185, 1.019),
(-0.105, -0.209, 0.995),
(-0.117, -0.256, 1.000),
(-0.140, -0.257, 0.985),
(-0.131, -0.250, 0.964),
(-0.100, -0.260, 0.932),
(-0.104, -0.270, 0.917),
(-0.101, -0.271, 0.920),
(-0.095, -0.258, 0.934),
(-0.021, -0.237, 0.925),
(-0.007, -0.285, 0.929),
(-0.024, -0.292, 0.939),
(-0.054, -0.307, 0.976),
(-0.191, -0.307, 1.028),
(-0.289, -0.292, 1.071),
(-0.354, -0.302, 1.105),
(-0.318, -0.272, 1.058),
(-0.232, -0.257, 0.988),
(-0.342, -0.236, 0.893),
(-0.329, -0.196, 0.923),
(-0.335, -0.199, 0.920),
(-0.392, -0.231, 0.914),
(-0.370, -0.243, 0.931),
(-0.374, -0.242, 0.951),
(-0.377, -0.224, 0.945),
(-0.347, -0.219, 0.935),
(-0.313, -0.240, 0.984),
(-0.314, -0.219, 1.031),
(-0.281, -0.190, 1.023),
(-0.309, -0.210, 1.005),
(-0.349, -0.179, 0.997),
(-0.317, -0.166, 0.911),
(-0.285, -0.095, 0.915),
(-0.357, -0.083, 0.884),
(-0.401, -0.102, 0.931),
(-0.423, -0.085, 0.987),
(-0.423, -0.077, 0.995),
(-0.413, -0.153, 0.989),
(-0.457, -0.236, 0.987),
(-0.444, -0.256, 0.978),
(-0.422, -0.278, 0.987),
(-0.426, -0.286, 0.988),
(-0.417, -0.267, 0.981),
(-0.419, -0.204, 0.978),
(-0.418, -0.063, 0.950),
(-0.383, 0.064, 0.927),
(-0.387, 0.144, 0.888),
(-0.381, 0.173, 0.830),
(-0.318, 0.033, 0.872),
(-0.103, -0.179, 0.922),
(0.040, -0.268, 1.005),
(-0.078, -0.311, 1.090),
(-0.421, -0.401, 0.991),
(-0.497, -0.474, 1.013),
(-0.238, -0.410, 1.091),
(-0.106, -0.274, 1.142),
(-0.176, -0.127, 1.012),
(-0.399, -0.096, 0.895),
(-0.416, -0.101, 0.938),
(-0.292, -0.137, 0.989),
(-0.336, -0.206, 1.006),
(-0.432, -0.294, 0.975),
(-0.407, -0.212, 1.005),
(-0.416, -0.094, 1.015),
(-0.366, 0.031, 1.005),
(-0.394, 0.044, 0.954),
(-0.373, 0.067, 0.882),
(-0.330, 0.017, 0.842),
(-0.270, -0.101, 0.925),
(-0.034, -0.400, 1.052),
(-0.178, -0.209, 0.934),
(-0.226, -0.188, 0.945),
(-0.208, -0.148, 0.975),
(-0.174, -0.160, 0.966),
(-0.223, -0.185, 0.970),
(-0.329, -0.147, 0.986),
(-0.382, -0.094, 0.973),
(-0.377, -0.056, 0.961),
(-0.328, -0.070, 0.987),
(-0.333, -0.153, 1.014),
(-0.351, -0.206, 1.003),
(-0.316, -0.284, 0.984),
(-0.302, -0.241, 0.985),
(-0.302, -0.220, 0.950),
(-0.340, -0.200, 0.916),
(-0.347, -0.182, 0.937),
(-0.369, -0.161, 0.959),
(-0.357, -0.117, 0.927),
(-0.369, -0.098, 0.917),
(-0.345, -0.080, 0.914),
(-0.253, -0.093, 0.938),
(-0.210, -0.148, 0.977),
(-0.255, -0.178, 1.011),
(-0.265, -0.195, 1.046),
(-0.249, -0.191, 1.078),
(-0.230, -0.184, 1.074),
(-0.203, -0.228, 1.079),
(-0.062, -0.273, 1.054),
(-0.080, -0.256, 1.024),
(-0.235, -0.227, 1.002),
(-0.366, -0.166, 1.018),
(-0.437, -0.060, 0.973),
(-0.337, -0.032, 0.927),
(-0.206, -0.086, 0.976),
(-0.256, -0.115, 1.038),
(-0.358, -0.122, 0.992),
(-0.301, -0.156, 0.960),
(-0.209, -0.181, 0.970),
(-0.207, -0.174, 0.946),
(-0.224, -0.188, 0.923),
(-0.202, -0.185, 0.902),
(-0.031, -0.135, 0.950),
(-0.021, -0.164, 0.988),
(-0.260, -0.178, 0.975),
(-0.267, -0.229, 0.969),
(-0.127, -0.247, 0.989),
(-0.210, -0.189, 0.983),
(-0.063, -0.211, 0.954),
(-0.080, -0.257, 0.952),
(-0.081, -0.224, 0.859),
(-0.045, -0.195, 0.819),
(0.005, -0.212, 0.945),
(-0.117, -0.306, 1.012),
(-0.252, -0.453, 0.848),
(0.113, -0.450, 0.926),
(-0.177, -0.575, 0.840),
(-0.436, -0.625, 0.816),
(-0.226, -0.625, 0.844),
(-0.068, -0.691, 0.836),
(-0.175, -0.690, 0.812),
(-0.278, -0.666, 0.761),
(-0.310, -0.679, 0.751),
(-0.284, -0.732, 0.721),
(-0.251, -0.728, 0.733),
(-0.248, -0.688, 0.719),
(-0.175, -0.673, 0.722),
(-0.202, -0.679, 0.683),
(-0.251, -0.690, 0.668),
(-0.228, -0.672, 0.687),
(-0.191, -0.665, 0.663),
(-0.197, -0.677, 0.662),
(-0.191, -0.696, 0.672),
(-0.156, -0.749, 0.612),
(-0.162, -0.961, 0.648),
(-0.145, -1.124, 0.719),
(0.109, -1.012, 0.748),
(0.217, -0.910, 0.812),
(0.144, -0.785, 0.695),
(0.031, -0.740, 0.641),
(0.000, -0.754, 0.611),
(0.056, -0.759, 0.603),
(0.038, -0.800, 0.617),
(-0.005, -0.751, 0.671),
(-0.004, -0.751, 0.727),
(0.018, -0.802, 0.799),
(0.104, -0.919, 0.822),
(0.156, -0.908, 0.635),
(0.197, -0.726, 0.295),
(0.116, -0.979, 0.161),
(0.056, -1.096, 0.089),
(0.303, -1.028, 0.262),
(0.339, -0.999, 0.360),
(0.215, -0.939, 0.344),
(0.107, -0.889, 0.326),
(-0.076, -0.902, 0.298),
(-0.040, -0.918, 0.316),
(0.007, -0.898, 0.393),
(0.000, -0.844, 0.385),
(0.022, -0.855, 0.394),
(-0.033, -0.880, 0.408),
(-0.023, -0.876, 0.387),
(0.000, -0.845, 0.364),
(-0.001, -0.838, 0.329),
(-0.011, -0.859, 0.298),
(0.002, -0.909, 0.279),
(0.077, -0.940, 0.259),
(0.128, -0.956, 0.234),
(0.127, -0.937, 0.198),
(0.231, -0.840, 0.160),
(0.330, -0.767, 0.201),
(0.124, -0.862, 0.351),
(0.115, -1.000, 0.407),
(0.209, -1.138, 0.387),
(0.310, -1.221, 0.316),
(0.387, -1.205, 0.220),
(0.506, -1.179, 0.110),
(0.600, -1.116, -0.029),
(0.470, -1.172, 0.022),
(1.428, -0.333, -0.212),
(0.987, -0.469, 0.104),
(0.040, -1.074, 0.296),
(-0.143, -0.840, -0.049),
(0.436, -0.943, 0.480),
(0.261, -0.832, 0.421),
(-0.070, -0.790, 0.359),
(-0.159, -0.758, 0.385),
(-0.041, -0.713, 0.371),
(0.040, -0.719, 0.361),
(0.066, -0.755, 0.378),
(0.075, -0.805, 0.350),
(0.061, -0.864, 0.286),
(0.021, -0.945, 0.219),
(0.039, -1.062, 0.177),
(0.164, -1.143, 0.144),
(0.229, -1.128, 0.149),
(0.222, -1.096, 0.156),
(0.213, -1.048, 0.165),
(0.176, -1.013, 0.180),
(0.126, -1.066, 0.238),
(0.082, -1.084, 0.239),
(0.152, -1.038, 0.128),
(0.130, -1.301, -0.040),
(0.234, -1.343, -0.124),
(0.285, -1.279, -0.136),
(0.280, -1.191, -0.115),
(0.221, -1.092, -0.058),
(0.126, -1.002, 0.007),
(0.057, -0.918, 0.058),
(0.017, -0.838, 0.113),
(-0.030, -0.723, 0.246),
(-0.051, -0.659, 0.310),
(-0.070, -0.614, 0.359),
(-0.075, -0.623, 0.382),
(-0.068, -0.658, 0.386),
(-0.051, -0.662, 0.367),
(-0.053, -0.654, 0.375),
(-0.047, -0.674, 0.404),
(-0.030, -0.717, 0.408),
(-0.022, -0.760, 0.417),
(-0.013, -0.809, 0.431),
(0.024, -0.884, 0.433),
(0.042, -0.905, 0.435),
(0.033, -0.954, 0.468),
(-0.013, -1.084, 0.503),
(0.042, -1.137, 0.458),
(0.167, -1.112, 0.375),
(0.248, -1.048, 0.272),
(0.297, -0.953, 0.173),
(0.334, -0.905, 0.131),
(0.347, -0.974, 0.101),
(0.384, -1.065, 0.003),
(0.473, -1.026, -0.115),
(0.444, -0.928, -0.069),
(0.219, -0.734, 0.023),
(0.140, -0.704, 0.082),
(0.107, -0.710, 0.137),
(0.083, -0.740, 0.172),
(0.069, -0.776, 0.202),
(0.086, -0.823, 0.214),
(0.137, -0.843, 0.223),
(0.188, -0.831, 0.233),
(0.249, -0.809, 0.243),
(0.282, -0.787, 0.259),
(0.266, -0.773, 0.286),
(0.183, -1.023, 0.340),
(0.166, -1.037, 0.333),
(0.159, -1.135, 0.397),
(0.138, -1.266, 0.390),
(0.147, -1.329, 0.273),
(0.245, -1.280, 0.104),
(0.347, -1.154, -0.051),
(0.404, -1.132, -0.128),
(0.406, -1.176, -0.167),
(0.365, -1.201, -0.182),
(0.305, -1.186, -0.157),
(0.265, -1.114, -0.110),
(0.228, -1.052, -0.065),
(0.157, -0.988, 0.003),
(0.067, -0.933, 0.089),
(-0.010, -0.892, 0.184),
(-0.062, -0.844, 0.254),
(-0.102, -0.776, 0.311),
(-0.117, -0.707, 0.361),
(-0.108, -0.695, 0.372),
(-0.104, -0.684, 0.373),
(-0.056, -0.610, 0.376),
(-0.056, -0.585, 0.404),
(-0.070, -0.604, 0.435),
(-0.103, -0.683, 0.448),
(-0.123, -0.752, 0.456),
(-0.086, -0.825, 0.446),
(-0.048, -0.903, 0.429),
(-0.031, -0.955, 0.399),
(-0.025, -0.982, 0.397),
(-0.067, -1.171, 0.566),
(-0.054, -1.378, 0.573),
(0.115, -1.442, 0.457),
(0.347, -1.303, 0.281),
(0.435, -1.042, 0.125),
(0.400, -0.812, 0.035),
(0.339, -0.755, 0.001),
(0.325, -0.850, -0.016),
(0.305, -0.977, -0.046),
(0.273, -1.049, -0.050),
(0.248, -1.015, -0.021),
(0.256, -0.901, 0.052),
(0.285, -0.771, 0.166),
(0.296, -0.662, 0.290),
(0.277, -0.720, 0.358),
(0.257, -0.888, 0.318),
(0.274, -0.948, 0.313),
(0.351, -0.906, 0.289),
(0.374, -0.829, 0.271),
(0.358, -0.747, 0.273),
(0.321, -0.686, 0.283),
(0.285, -0.673, 0.282),
(0.245, -0.677, 0.295),
(0.223, -0.667, 0.325),
(0.224, -0.671, 0.356),
(0.281, -0.661, 0.389),
(0.267, -0.643, 0.572),
(0.266, -0.696, 0.615),
(0.304, -0.734, 0.653),
(0.355, -0.752, 0.621),
(0.348, -0.753, 0.580),
(0.255, -0.787, 0.657),
(0.081, -1.156, 0.747),
(0.234, -1.237, 0.543),
(0.312, -1.008, 0.184),
(0.188, -1.016, 0.175),
(0.124, -1.075, 0.151),
(0.153, -1.076, 0.137),
(0.182, -1.062, 0.154),
(0.177, -1.031, 0.184),
(0.152, -0.975, 0.238),
(0.093, -0.911, 0.285),
(0.022, -0.861, 0.320),
(0.014, -0.824, 0.362),
(0.045, -0.814, 0.385),
(0.034, -0.810, 0.391),
(0.024, -0.790, 0.413),
(0.044, -0.768, 0.444),
(0.094, -0.744, 0.454),
(0.118, -0.712, 0.457),
(0.128, -0.687, 0.470),
(0.156, -0.656, 0.507),
(0.193, -0.639, 0.552),
(0.183, -0.662, 0.569),
(0.143, -0.688, 0.559),
(0.132, -0.699, 0.534),
(0.130, -0.744, 0.521),
(0.126, -0.827, 0.490),
(0.105, -0.914, 0.456),
(0.109, -1.009, 0.443),
(0.170, -1.132, 0.437),
(0.173, -1.168, 0.519),
(0.166, -1.244, 0.554),
(0.247, -1.196, 0.516),
(0.357, -1.073, 0.464),
(0.361, -0.973, 0.328),
(0.277, -0.842, 0.134),
(0.235, -0.779, 0.001),
(0.196, -0.798, 0.004),
(0.202, -0.931, 0.045),
(0.215, -0.979, 0.084),
(0.221, -0.948, 0.107),
(0.233, -0.882, 0.127),
(0.239, -0.827, 0.156),
(0.242, -0.781, 0.182),
(0.267, -0.750, 0.229),
(0.292, -0.714, 0.323),
(0.280, -0.685, 0.403),
(0.290, -0.647, 0.399),
(0.319, -0.616, 0.346),
(0.288, -0.642, 0.344),
(0.280, -0.679, 0.385),
(0.394, -0.711, 0.371),
(0.531, -0.750, 0.342),
(0.591, -0.760, 0.341),
(0.584, -0.763, 0.332),
(0.586, -0.800, 0.357),
(0.665, -0.855, 0.345),
(0.543, -0.956, 0.208),
(0.314, -0.927, 0.326),
(0.411, -0.847, 0.555),
(0.495, -0.778, 0.679),
(0.396, -0.561, 0.733),
(0.344, -0.439, 0.669),
(0.258, -0.372, 0.588),
(0.211, -0.343, 0.593),
(0.142, -0.392, 0.705),
(0.045, -0.503, 0.815),
(-0.028, -0.630, 0.885),
(-0.186, -0.778, 0.961),
(-0.244, -0.963, 0.802),
(-0.125, -0.949, 0.472),
(-0.050, -0.816, 0.250),
(-0.064, -0.799, 0.184),
(-0.116, -0.742, 0.185),
(-0.136, -0.720, 0.398),
(-0.077, -0.773, 0.428),
(0.030, -0.816, 0.335),
(-0.035, -0.826, 0.385),
(-0.022, -0.870, 0.391),
(0.015, -0.974, 0.414),
(0.047, -0.952, 0.506),
(0.142, -0.978, 0.413),
(0.146, -1.101, 0.306),
(-0.009, -1.526, 0.654),
(0.348, -1.420, 0.779),
(0.378, -1.326, 0.783),
(0.339, -0.947, 0.499),
(0.380, -0.952, 0.440),
(0.318, -0.885, 0.620),
(0.217, -0.706, 0.554),
(0.182, -0.824, 0.529),
(0.192, -0.884, 0.548),
(0.215, -0.804, 0.516),
(0.265, -0.766, 0.497),
(0.239, -0.821, 0.457),
(0.156, -0.840, 0.416),
(0.109, -0.844, 0.437),
(0.109, -0.861, 0.476),
(0.102, -0.781, 0.399),
(0.031, -0.846, 0.362),
(-0.029, -0.874, 0.402),
(0.027, -0.865, 0.455),
(0.081, -0.874, 0.504),
(0.085, -0.864, 0.565),
(0.114, -0.839, 0.616),
(0.187, -0.813, 0.675),
(0.184, -0.807, 0.618),
(0.166, -0.780, 0.559),
(0.155, -0.772, 0.546),
(0.140, -0.792, 0.546),
(0.102, -0.829, 0.546),
(0.068, -0.839, 0.556),
(0.060, -0.824, 0.568),
(0.051, -0.814, 0.591),
(0.034, -0.818, 0.604),
(0.038, -0.821, 0.600),
(0.049, -0.821, 0.580),
(0.047, -0.819, 0.544),
(0.076, -0.826, 0.521),
(0.056, -0.832, 0.540),
(0.049, -0.837, 0.530),
(0.046, -0.842, 0.518),
(0.049, -0.841, 0.522),
(0.054, -0.838, 0.523),
(0.063, -0.826, 0.508),
(0.113, -0.823, 0.492),
(0.112, -0.829, 0.463),
(0.088, -0.824, 0.441),
(0.073, -0.841, 0.444),
(0.065, -0.852, 0.474),
(0.070, -0.851, 0.495),
(0.078, -0.834, 0.489),
(0.061, -0.829, 0.479),
(0.048, -0.828, 0.482),
(0.095, -0.831, 0.476),
(0.120, -0.835, 0.470),
(0.127, -0.831, 0.473),
(0.152, -0.828, 0.494),
(0.152, -0.823, 0.502),
(0.145, -0.819, 0.511),
(0.155, -0.801, 0.509),
(0.164, -0.809, 0.490),
(0.161, -0.809, 0.502),
(0.120, -0.833, 0.520),
(0.073, -0.875, 0.560),
(0.040, -0.867, 0.572),
(0.021, -0.841, 0.503),
(0.055, -0.807, 0.420),
(0.139, -0.787, 0.397),
(0.206, -0.802, 0.401),
(0.212, -0.820, 0.432),
(0.177, -0.818, 0.446),
(0.137, -0.798, 0.451),
(0.134, -0.786, 0.454),
(0.148, -0.784, 0.449),
(0.116, -0.778, 0.423),
(0.089, -0.801, 0.378),
(0.069, -0.812, 0.411),
(0.038, -0.762, 0.462),
(-0.034, -0.730, 0.483),
(-0.136, -0.728, 0.471),
(-0.142, -0.722, 0.428),
(-0.026, -0.755, 0.484),
(0.314, -0.459, 0.827),
(0.376, -0.367, 0.837),
(0.410, -0.342, 0.875),
(0.403, -0.375, 0.889),
(0.326, -0.403, 0.900),
(0.293, -0.403, 0.885),
(0.323, -0.354, 0.847),
(0.426, -0.254, 0.929),
(0.444, -0.216, 1.030),
(0.384, -0.207, 1.155),
(0.324, -0.247, 1.413),
(0.389, -0.246, 1.615),
(0.561, -0.148, 1.536),
(0.916, -0.347, 1.178),
(0.886, -0.617, 0.847),
(0.607, -0.676, 0.601),
(0.372, -1.017, 0.299),
(0.443, -0.801, 0.422),
(0.571, -0.553, 0.492),
(0.447, -0.488, 0.582),
(0.432, -0.421, 0.710),
(0.418, -0.335, 0.756),
(0.305, -0.312, 0.656),
(0.197, -0.320, 0.624),
(0.232, -0.256, 0.683),
(0.234, -0.240, 0.760),
(0.121, -0.241, 0.800),
(0.192, -0.129, 0.844),
(0.334, -0.113, 0.950),
(0.310, -0.053, 1.006),
(0.329, 0.052, 1.042),
(0.343, 0.093, 1.103),
(0.310, 0.049, 1.112),
(0.261, -0.014, 1.121),
(0.263, -0.043, 1.158),
(0.301, -0.060, 1.154),
(0.309, -0.081, 1.113),
(0.309, -0.141, 1.097),
(0.314, -0.254, 1.081),
(0.293, -0.319, 1.065),
(0.276, -0.330, 1.052),
(0.245, -0.412, 1.010),
(0.134, -0.659, 0.919),
(0.148, -0.727, 0.936),
(-0.081, -0.794, 0.754),
(-0.065, -1.017, 0.678),
(-0.296, -0.942, 0.489),
(-0.314, -0.869, 0.449),
(-0.293, -0.693, 0.347),
(-0.330, -0.723, 0.263),
(-0.231, -0.811, 0.267),
(-0.166, -0.751, 0.222),
(-0.153, -0.830, 0.111),
(-0.082, -0.936, -0.012),
(-0.047, -1.010, -0.030),
(-0.042, -1.025, 0.038),
(0.085, -1.054, 0.023),
(0.000, -0.919, -0.074),
(-0.183, -0.924, -0.149),
(-0.212, -0.945, -0.162),
(-0.145, -0.867, -0.220),
(-0.077, -0.802, -0.284),
(-0.001, -0.775, -0.374),
(-0.059, -0.794, -0.289),
(-0.116, -0.689, -0.196),
(-0.174, -0.743, -0.427),
(-0.198, -0.944, -0.487),
(-0.122, -1.135, -0.589),
(0.080, -0.945, -0.017),
(0.149, -0.490, -0.403),
(-0.284, -0.733, -0.261),
(-0.103, -0.785, -0.174),
(-0.227, -0.786, -0.485),
(-0.116, -1.055, -0.478),
(-0.011, -1.077, -0.288),
(0.002, -0.771, -0.307),
(-0.127, -0.701, -0.384),
(-0.177, -0.772, -0.461),
(-0.050, -0.708, -0.406),
(-0.008, -0.705, -0.313),
(-0.017, -0.645, -0.243),
(-0.016, -0.545, -0.148),
(-0.099, -0.516, -0.107),
(-0.125, -0.532, -0.102),
(-0.088, -0.571, -0.117),
(-0.055, -0.685, -0.064),
(-0.068, -0.854, 0.023),
(-0.096, -1.090, 0.055),
(0.174, -1.632, -0.146),
(0.360, -1.749, -0.350),
(0.504, -0.792, 0.325),
(0.497, -0.787, 0.310),
(0.390, -0.693, 0.404),
(0.409, -0.615, 0.536),
(0.419, -0.553, 0.590),
(0.309, -0.557, 0.536),
(0.209, -0.609, 0.556),
(0.222, -0.758, 0.599),
(0.219, -0.827, 0.565),
(0.178, -0.814, 0.441),
(0.191, -0.776, 0.419),
(0.141, -0.791, 0.406),
(0.123, -0.798, 0.385),
(0.127, -0.789, 0.403),
(0.155, -0.771, 0.383),
(0.170, -0.725, 0.381),
(0.138, -0.649, 0.438),
(0.121, -0.600, 0.442),
(0.167, -0.619, 0.496),
(0.200, -0.594, 0.557),
(0.171, -0.600, 0.616),
(0.166, -0.646, 0.676),
(0.289, -0.711, 0.661),
(0.460, -0.827, 0.606),
(0.508, -0.944, 0.668),
(0.486, -0.931, 0.732),
(0.456, -0.825, 0.758),
(0.412, -0.758, 0.769),
(0.367, -0.716, 0.705),
(0.375, -0.700, 0.700),
(0.400, -0.682, 0.729),
(0.414, -0.630, 0.728),
(0.396, -0.590, 0.731),
(0.362, -0.569, 0.732),
(0.342, -0.581, 0.712),
(0.355, -0.595, 0.684),
(0.366, -0.610, 0.654),
(0.362, -0.646, 0.665),
(0.365, -0.648, 0.675),
(0.351, -0.631, 0.663),
(0.381, -0.590, 0.645),
(0.450, -0.555, 0.640),
(0.513, -0.520, 0.732),
(0.511, -0.579, 0.816),
(0.486, -0.716, 0.776),
(0.503, -0.825, 0.636),
(0.441, -0.807, 0.558),
(0.278, -0.678, 0.509),
(0.157, -0.503, 0.361),
(0.117, -0.389, 0.244),
(0.127, -0.394, 0.228),
(0.167, -0.523, 0.271),
(0.250, -0.599, 0.231),
(0.376, -0.761, 0.251),
(0.466, -0.905, 0.314),
(0.642, -0.958, 0.327),
(0.852, -0.949, 0.288),
(0.839, -0.902, 0.293),
(0.751, -0.798, 0.306),
(0.804, -0.803, 0.299),
(0.754, -0.820, 0.389),
(0.497, -0.734, 0.447),
(0.391, -0.544, 0.390),
(0.331, -0.513, 0.396),
(0.254, -0.588, 0.378),
(0.287, -0.741, 0.329),
(0.339, -0.752, 0.237),
(0.484, -0.916, 0.073),
(0.495, -1.104, 0.281),
(0.494, -0.930, -0.005),
(0.501, -0.976, -0.030),
(0.492, -0.960, 0.072),
(0.476, -0.796, 0.037),
(0.473, -0.783, 0.128),
(0.494, -0.750, 0.163),
(0.489, -0.776, 0.185),
(0.479, -0.808, 0.187),
(0.513, -0.815, 0.154),
(0.545, -0.840, 0.162),
(0.543, -0.831, 0.156),
(0.529, -0.802, 0.150),
(0.537, -0.811, 0.207),
(0.574, -0.781, 0.221),
(0.578, -0.688, 0.229),
(0.507, -0.600, 0.177),
(0.456, -0.621, 0.118),
(0.452, -0.690, 0.072),
(0.496, -0.757, 0.068),
(0.562, -0.788, 0.132),
(0.341, -0.625, 0.317),
(0.165, -0.555, 0.389),
(0.268, -0.498, 0.419),
(0.319, -0.479, 0.477),
(0.601, -0.610, 0.403),
(0.918, -0.783, 0.405),
(1.009, -0.723, 0.490),
(1.066, -0.574, 0.459),
(1.102, -0.537, 0.489),
(0.947, -0.502, 0.477),
(0.584, -0.542, 0.307),
(0.660, -0.699, 0.321),
(0.889, -0.853, 0.401),
(1.089, -0.871, 0.560),
(1.041, -0.800, 0.580),
(0.758, -0.750, 0.481),
(0.492, -0.630, 0.411),
(0.412, -0.492, 0.301),
(0.373, -0.372, 0.150),
(0.358, -0.368, 0.068),
(0.433, -0.468, 0.041),
(0.506, -0.527, 0.034),
(0.543, -0.476, 0.088),
(0.475, -0.441, 0.130),
(0.366, -0.438, 0.197),
(0.278, -0.476, 0.332),
(0.194, -0.530, 0.477),
(0.195, -0.580, 0.578),
(0.383, -0.620, 0.574),
(0.722, -0.736, 0.433),
(0.892, -0.808, 0.236),
(0.927, -0.763, 0.176),
(0.945, -0.897, 0.106),
(1.145, -0.977, 0.085),
(1.198, -0.897, 0.114),
(0.854, -0.739, 0.122),
(0.573, -0.619, 0.182),
(0.453, -0.534, 0.242),
(0.359, -0.524, 0.317),
(0.305, -0.546, 0.412),
(0.276, -0.660, 0.543),
(0.404, -0.772, 0.727),
(0.727, -0.777, 0.759),
(0.882, -0.756, 0.574),
(0.838, -0.771, 0.319),
(0.684, -0.747, 0.156),
(0.563, -0.586, 0.127),
(0.556, -0.553, 0.133),
(0.571, -0.544, 0.162),
(0.569, -0.536, 0.216),
(0.537, -0.620, 0.306),
(0.615, -0.667, 0.355),
(0.629, -0.692, 0.386),
(0.643, -0.681, 0.408),
(0.581, -0.688, 0.416),
(0.567, -0.682, 0.429),
(0.567, -0.661, 0.432),
(0.546, -0.645, 0.430),
(0.501, -0.641, 0.441),
(0.461, -0.652, 0.452),
(0.511, -0.646, 0.477),
(0.612, -0.626, 0.487),
(0.619, -0.624, 0.460),
(0.581, -0.648, 0.423),
(0.556, -0.648, 0.388),
(0.554, -0.643, 0.358),
(0.554, -0.612, 0.345),
(0.562, -0.589, 0.339),
(0.554, -0.605, 0.366),
(0.559, -0.671, 0.442),
(0.591, -0.705, 0.499),
(0.583, -0.725, 0.530),
(0.544, -0.733, 0.545),
(0.482, -0.741, 0.527),
(0.439, -0.739, 0.472),
(0.431, -0.721, 0.418),
(0.421, -0.695, 0.360),
(0.413, -0.676, 0.300),
(0.482, -0.660, 0.264),
(0.607, -0.608, 0.316),
(0.662, -0.567, 0.383),
(0.739, -0.537, 0.466),
(0.740, -0.538, 0.501),
(0.673, -0.544, 0.492),
(0.564, -0.558, 0.462),
(0.508, -0.563, 0.446),
(0.518, -0.573, 0.445),
(0.524, -0.588, 0.451),
(0.509, -0.608, 0.453),
(0.519, -0.635, 0.469),
(0.544, -0.660, 0.480),
(0.542, -0.675, 0.479),
(0.519, -0.677, 0.459),
(0.534, -0.673, 0.418),
(0.560, -0.658, 0.384),
(0.565, -0.668, 0.375),
(0.585, -0.675, 0.384),
(0.581, -0.670, 0.391),
(0.558, -0.655, 0.383),
(0.560, -0.635, 0.386),
(0.569, -0.630, 0.396),
(0.575, -0.630, 0.412),
(0.577, -0.633, 0.426),
(0.568, -0.632, 0.428),
(0.588, -0.628, 0.423),
(0.591, -0.622, 0.408),
(0.573, -0.622, 0.391),
(0.569, -0.632, 0.393),
(0.586, -0.646, 0.402),
(0.591, -0.652, 0.409),
(0.573, -0.654, 0.407),
(0.564, -0.644, 0.394),
(0.562, -0.633, 0.376),
(0.548, -0.622, 0.373),
(0.530, -0.627, 0.383),
(0.596, -0.634, 0.397),
(0.604, -0.632, 0.393),
(0.583, -0.635, 0.383),
(0.576, -0.635, 0.379),
(0.585, -0.631, 0.385),
(0.594, -0.626, 0.395),
(0.594, -0.626, 0.403),
(0.587, -0.631, 0.409),
(0.575, -0.629, 0.404),
(0.561, -0.625, 0.397),
(0.563, -0.626, 0.399),
(0.571, -0.625, 0.397),
(0.568, -0.632, 0.394),
(0.567, -0.647, 0.395),
(0.570, -0.653, 0.389),
(0.574, -0.651, 0.388),
(0.581, -0.645, 0.393),
(0.562, -0.638, 0.389),
(0.585, -0.640, 0.400),
(0.576, -0.638, 0.392),
(0.563, -0.643, 0.388),
(0.567, -0.649, 0.384),
(0.575, -0.645, 0.380),
(0.578, -0.641, 0.380),
(0.575, -0.637, 0.385),
(0.565, -0.643, 0.390),
(0.561, -0.651, 0.390),
(0.568, -0.654, 0.383),
(0.574, -0.647, 0.379),
(0.581, -0.637, 0.377),
(0.587, -0.627, 0.375),
(0.584, -0.629, 0.380),
(0.560, -0.646, 0.385),
(0.577, -0.646, 0.380),
(0.580, -0.649, 0.377),
(0.567, -0.650, 0.373),
(0.568, -0.652, 0.378),
(0.572, -0.653, 0.378),
(0.568, -0.648, 0.372),
(0.571, -0.643, 0.373),
(0.573, -0.647, 0.374),
(0.565, -0.656, 0.379),
(0.566, -0.657, 0.378),
(0.583, -0.650, 0.379),
(0.578, -0.643, 0.381),
(0.561, -0.642, 0.375),
(0.558, -0.646, 0.372),
(0.569, -0.654, 0.372),
(0.574, -0.653, 0.380),
(0.575, -0.650, 0.383),
(0.574, -0.642, 0.386),
(0.574, -0.638, 0.387),
(0.571, -0.646, 0.384),
(0.566, -0.654, 0.375),
(0.564, -0.651, 0.368),
(0.564, -0.651, 0.371),
(0.557, -0.649, 0.374),
(0.559, -0.651, 0.378),
(0.566, -0.648, 0.385),
(0.566, -0.645, 0.390),
(0.567, -0.643, 0.393),
(0.571, -0.646, 0.397),
(0.572, -0.653, 0.396),
(0.574, -0.654, 0.390),
(0.568, -0.648, 0.381),
(0.560, -0.648, 0.370),
(0.568, -0.650, 0.363),
(0.570, -0.646, 0.373),
(0.567, -0.645, 0.383),
(0.573, -0.640, 0.390),
(0.568, -0.645, 0.392),
(0.565, -0.656, 0.395),
(0.569, -0.655, 0.393),
(0.567, -0.643, 0.393),
(0.566, -0.644, 0.387),
(0.563, -0.644, 0.379),
(0.567, -0.647, 0.376),
(0.568, -0.652, 0.377),
(0.575, -0.660, 0.373),
(0.577, -0.655, 0.370),
(0.573, -0.647, 0.375),
(0.572, -0.643, 0.383),
(0.573, -0.644, 0.389),
(0.565, -0.646, 0.388),
(0.557, -0.642, 0.387),
(0.558, -0.640, 0.386),
(0.571, -0.642, 0.392),
(0.573, -0.649, 0.393),
(0.569, -0.650, 0.387),
(0.567, -0.649, 0.380),
(0.566, -0.650, 0.378),
(0.568, -0.655, 0.377),
(0.582, -0.659, 0.381),
(0.625, -0.661, 0.385),
(0.686, -0.649, 0.381),
(0.693, -0.663, 0.357),
(0.721, -0.682, 0.327),
(0.750, -0.663, 0.332),
(0.727, -0.666, 0.407),
(0.566, -0.715, 0.413),
(0.399, -0.748, 0.425),
(0.311, -0.712, 0.485),
(0.363, -0.580, 0.598),
(0.439, -0.574, 0.576),
(0.430, -0.581, 0.524),
(0.401, -0.562, 0.506),
(0.450, -0.582, 0.471),
(0.434, -0.605, 0.454),
(0.443, -0.644, 0.446),
(0.469, -0.671, 0.434),
(0.460, -0.680, 0.443),
(0.450, -0.689, 0.452),
(0.457, -0.689, 0.469),
(0.490, -0.688, 0.507),
(0.554, -0.681, 0.552),
(0.601, -0.658, 0.594),
(0.583, -0.632, 0.594),
(0.524, -0.623, 0.564),
(0.494, -0.621, 0.557),
(0.535, -0.622, 0.584),
(0.571, -0.666, 0.575),
(0.545, -0.705, 0.558),
(0.538, -0.742, 0.569),
(0.551, -0.765, 0.604),
(0.480, -0.776, 0.620),
(0.404, -0.772, 0.688),
(0.412, -0.765, 0.723),
(0.420, -0.696, 0.788),
(0.437, -0.552, 0.849),
(0.464, -0.460, 0.855),
(0.427, -0.446, 0.848),
(0.418, -0.341, 0.854),
(0.502, -0.221, 0.842),
(0.570, -0.168, 0.850),
(0.624, -0.133, 0.853),
(0.661, -0.099, 0.846),
(0.554, -0.090, 0.840),
(0.569, 0.001, 0.847),
(0.603, 0.036, 0.842),
(0.612, 0.048, 0.834),
(0.613, 0.064, 0.816),
(0.607, 0.110, 0.791),
(0.614, 0.124, 0.796),
(0.594, 0.162, 0.815),
(0.607, 0.245, 0.861),
(0.585, 0.233, 0.856),
(0.472, 0.183, 0.812),
(0.415, 0.180, 0.791),
(0.410, 0.153, 0.768),
(0.410, 0.121, 0.763),
(0.392, 0.127, 0.731),
(0.360, 0.126, 0.694),
(0.362, 0.111, 0.717),
(0.464, 0.042, 0.698),
(0.532, -0.041, 0.639),
(0.502, -0.091, 0.587),
(0.476, -0.113, 0.553),
(0.527, -0.118, 0.599),
(0.641, -0.167, 0.587),
(0.711, -0.221, 0.521),
(0.690, -0.232, 0.527),
(0.638, -0.281, 0.564),
(0.675, -0.299, 0.548),
(0.744, -0.268, 0.506),
(0.771, -0.249, 0.555),
(0.800, -0.242, 0.585),
(0.835, -0.232, 0.531),
(0.873, -0.245, 0.473),
(0.851, -0.260, 0.478),
(0.717, -0.242, 0.405),
(0.724, -0.192, 0.359),
(0.985, -0.166, 0.370),
(0.737, -0.233, 0.341),
(0.875, -0.279, 0.255),
(1.097, -0.270, 0.245),
(1.069, -0.223, 0.293),
(1.009, -0.145, 0.269),
(0.964, -0.206, 0.170),
(1.016, -0.262, 0.109),
(1.037, -0.249, 0.089),
(1.006, -0.263, 0.021),
(0.956, -0.391, -0.035),
(0.967, -0.377, 0.023),
(0.950, -0.345, 0.110),
(0.839, -0.354, 0.193),
(0.726, -0.381, 0.234),
(0.676, -0.338, 0.304),
(0.563, -0.212, 0.540),
(0.551, -0.174, 0.604),
(0.582, -0.106, 0.607),
(0.576, -0.038, 0.637),
(0.542, 0.028, 0.648),
(0.480, 0.112, 0.701),
(0.418, 0.135, 0.724),
(0.404, 0.158, 0.766),
(0.482, 0.220, 0.820),
(0.564, 0.255, 0.809),
(0.400, 0.270, 0.894),
(0.533, 0.297, 0.861),
(0.543, 0.334, 0.860),
(0.467, 0.376, 0.888),
(0.436, 0.388, 0.873),
(0.408, 0.369, 0.828),
(0.411, 0.373, 0.854),
(0.415, 0.422, 0.944),
(0.366, 0.388, 0.906),
(0.365, 0.356, 0.867),
(0.412, 0.386, 0.894),
(0.466, 0.391, 0.929),
(0.447, 0.376, 0.965),
(0.371, 0.365, 0.966),
(0.366, 0.343, 0.973),
(0.338, 0.316, 0.967),
(0.279, 0.303, 0.968),
(0.332, 0.252, 0.920),
(0.289, 0.208, 0.911),
(0.270, 0.150, 0.896),
(0.368, 0.158, 0.911),
(0.447, 0.175, 0.915),
(0.435, 0.188, 0.913),
(0.376, 0.189, 0.911),
(0.317, 0.181, 0.923),
(0.337, 0.178, 0.932),
(0.325, 0.168, 0.935),
(0.285, 0.162, 0.950),
(0.274, 0.192, 0.952),
(0.349, 0.258, 0.932),
(0.375, 0.294, 0.900),
(0.366, 0.315, 0.885),
(0.365, 0.312, 0.868),
(0.392, 0.251, 0.757),
(0.624, 0.249, 0.718),
(0.748, 0.331, 0.830),
(0.582, 0.324, 0.860),
(0.593, 0.295, 0.832),
(0.253, 0.200, 0.890),
(0.179, 0.196, 0.934),
(0.087, 0.247, 0.961),
(0.049, 0.295, 0.932),
(0.044, 0.349, 0.922),
(0.074, 0.365, 0.922),
(0.077, 0.331, 0.920),
(0.044, 0.313, 0.926),
(0.011, 0.314, 0.953),
(-0.014, 0.311, 0.984),
(0.024, 0.351, 0.981),
(0.155, 0.318, 0.964),
(0.092, 0.276, 1.017),
(-0.053, 0.233, 1.008),
(0.041, 0.231, 1.010),
(0.132, 0.216, 1.041),
(-0.017, 0.180, 1.053),
(-0.000, 0.163, 1.038),
(0.062, 0.104, 1.025),
(0.125, 0.057, 1.027),
(0.120, 0.016, 1.002),
(0.050, -0.027, 0.955),
(0.064, -0.059, 0.903),
(0.113, -0.072, 0.886),
(0.185, -0.079, 0.861),
(0.259, -0.098, 0.860),
(0.400, -0.176, 0.885),
(0.781, -0.650, 1.227),
(0.518, -0.228, 1.252),
(0.341, 0.017, 1.159),
(0.122, 0.019, 1.067),
(0.018, 0.187, 0.871),
(0.115, -0.006, 1.032),
(0.108, -0.081, 1.066),
(0.048, -0.078, 1.070),
(0.122, -0.005, 0.901),
(0.020, -0.069, 0.927),
(0.105, -0.103, 0.953),
(0.243, -0.088, 0.988),
(0.267, -0.065, 1.020),
(0.226, -0.045, 1.001),
(0.248, -0.022, 0.985),
(0.289, -0.033, 0.982),
(0.219, -0.033, 0.985),
(0.130, -0.071, 0.976),
(0.081, -0.114, 0.983),
(0.007, -0.103, 0.985),
(0.022, -0.077, 0.979),
(0.111, -0.070, 1.028),
(0.200, -0.128, 1.062),
(0.298, -0.169, 1.038),
(0.416, -0.154, 0.949),
(0.412, -0.145, 0.942),
(0.245, -0.125, 0.912),
(0.223, -0.040, 0.853),
(0.365, 0.050, 0.876),
(0.266, 0.016, 0.976),
(0.080, 0.061, 1.027),
(0.110, 0.023, 1.052),
(0.262, -0.209, 1.052),
(0.244, -0.254, 1.031),
(-0.220, -0.208, 1.027),
(-0.077, -0.042, 0.929),
(0.340, 0.154, 0.964),
(0.315, 0.134, 1.037),
(0.302, 0.047, 1.042),
(0.354, -0.017, 0.994),
(0.194, -0.008, 0.923),
(-0.043, -0.024, 0.950),
(-0.137, -0.131, 0.998),
(0.042, -0.146, 1.056),
(0.023, 0.025, 1.026),
(-0.010, 0.077, 0.965),
(0.017, 0.019, 1.004),
(-0.006, -0.034, 1.027),
(0.014, -0.023, 0.982),
(0.036, -0.014, 1.008),
(-0.085, -0.033, 1.023),
(-0.061, 0.032, 1.074),
(-0.105, 0.102, 1.086),
(-0.036, 0.032, 1.030),
(-0.030, -0.026, 1.002),
(-0.030, -0.014, 1.000),
(-0.035, 0.014, 1.001),
(-0.031, 0.070, 0.985),
(0.107, 0.033, 1.023),
(0.114, 0.012, 1.022),
(0.109, -0.014, 1.055),
(0.114, -0.036, 1.066),
(0.151, -0.030, 1.095),
(0.044, 0.039, 1.111),
(-0.049, 0.091, 1.106),
(-0.106, 0.099, 1.105),
(-0.113, 0.102, 1.135),
(-0.042, 0.096, 1.158),
(-0.031, 0.061, 1.047),
(-0.090, 0.012, 0.958),
(-0.083, 0.031, 0.984),
(-0.093, 0.070, 1.039),
(-0.080, 0.082, 1.053),
(0.010, 0.076, 1.071),
(0.108, 0.078, 1.044),
(0.145, 0.086, 1.023),
(0.106, 0.048, 0.991),
(0.159, -0.005, 0.988),
(0.251, -0.064, 0.975),
(0.348, -0.108, 0.923),
(0.381, -0.330, 0.766),
(0.314, -0.424, 0.758),
(0.539, -0.454, 0.694),
(0.668, -0.472, 0.634),
(0.555, -0.474, 0.633),
(0.425, -0.439, 0.689),
(0.342, -0.367, 0.830),
(0.383, -0.255, 0.932),
(0.371, -0.132, 1.033),
(0.279, 0.009, 1.097),
(0.144, 0.263, 1.229),
(-0.015, 0.228, 1.205),
(-0.055, 0.160, 1.156),
(-0.013, 0.078, 1.038),
(-0.057, 0.010, 1.005),
(-0.088, -0.009, 1.037),
(-0.105, -0.015, 1.030),
(-0.072, -0.033, 1.000),
(0.003, -0.093, 0.998),
(0.126, -0.171, 0.967),
(0.245, -0.207, 0.929),
(0.370, -0.276, 0.838),
(0.427, -0.350, 0.788),
(0.396, -0.399, 0.721),
(0.398, -0.406, 0.677),
(0.416, -0.379, 0.669),
(0.424, -0.341, 0.680),
(0.452, -0.287, 0.720),
(0.542, -0.088, 0.809),
(0.400, -0.048, 0.928),
(0.297, -0.001, 1.022),
(0.302, 0.050, 1.185),
(0.416, 0.133, 1.260),
(0.399, 0.142, 1.144),
(0.229, 0.210, 1.091),
(0.140, 0.266, 1.059),
(0.158, 0.281, 1.108),
(0.197, 0.191, 1.083),
(0.107, 0.111, 1.024),
(0.069, 0.085, 1.028),
(0.033, 0.078, 1.027),
(0.007, 0.081, 1.009),
(0.047, 0.077, 1.001),
(0.112, 0.042, 1.002),
(0.089, -0.005, 0.988),
(0.063, 0.002, 1.013),
(0.044, 0.034, 1.048),
(0.030, 0.047, 1.073),
(0.045, 0.046, 1.047),
(0.075, 0.043, 1.066),
(0.122, 0.014, 1.052),
(0.151, 0.038, 1.055),
(0.197, 0.046, 1.026),
(0.245, 0.016, 1.016),
(0.304, -0.002, 1.008),
(0.396, -0.013, 0.992),
(0.434, -0.068, 0.987),
(0.586, -0.171, 0.847),
(0.662, -0.210, 0.776),
(0.649, -0.247, 0.734),
(0.623, -0.308, 0.662),
(0.638, -0.386, 0.620),
(0.688, -0.445, 0.526),
(0.626, -0.482, 0.457),
(0.526, -0.463, 0.477),
(0.521, -0.395, 0.585),
(0.527, -0.353, 0.711),
(0.402, -0.397, 0.765),
(0.286, -0.417, 0.792),
(0.203, -0.386, 0.839),
(0.129, -0.278, 0.971),
(0.048, -0.214, 1.017),
(0.056, -0.170, 0.965),
(0.091, -0.066, 1.057),
(-0.036, 0.123, 1.231),
(-0.049, 0.183, 1.310),
(0.038, 0.147, 1.163),
(-0.033, 0.183, 1.055),
(-0.108, 0.299, 1.090),
(-0.084, 0.368, 1.096),
(0.009, 0.384, 1.083),
(0.047, 0.312, 1.076),
(0.085, 0.242, 1.024),
(0.151, 0.163, 1.003),
(0.177, 0.016, 1.027),
(0.238, -0.085, 1.016),
(0.317, -0.086, 1.005),
(0.306, -0.075, 1.009),
(0.239, -0.059, 1.018),
(0.219, -0.043, 1.014),
(-0.064, 0.073, 1.099),
(-0.143, 0.088, 1.110),
(-0.025, 0.186, 1.045),
(-0.001, 0.179, 1.018),
(-0.011, 0.155, 0.963),
(0.036, 0.097, 0.917),
(0.101, -0.014, 0.851),
(0.158, -0.034, 0.870),
(0.178, -0.077, 0.885),
(0.173, -0.122, 0.890),
(0.185, -0.170, 0.894),
(0.175, -0.207, 0.872),
(0.150, -0.225, 0.841),
(0.122, -0.236, 0.802),
(0.090, -0.246, 0.792),
(0.052, -0.263, 0.830),
(0.039, -0.301, 0.858),
(0.048, -0.316, 0.899),
(0.057, -0.287, 0.974),
(0.108, -0.233, 1.052),
(0.080, -0.144, 1.138),
(0.021, -0.020, 1.326),
(-0.140, 0.048, 1.441),
(-0.209, 0.025, 1.358),
(-0.170, -0.015, 1.257),
(-0.087, 0.023, 1.265),
(-0.211, 0.155, 1.315),
(0.036, 0.120, 1.270),
(-0.273, 0.052, 0.933),
(-0.256, 0.047, 0.981),
(-0.184, 0.029, 0.992),
(-0.229, -0.031, 0.970),
(-0.219, -0.116, 0.978),
(-0.219, -0.197, 0.979),
(-0.193, -0.253, 0.969),
(-0.174, -0.265, 0.963),
(-0.173, -0.261, 0.971),
(-0.188, -0.241, 0.990),
(-0.162, -0.223, 0.986),
(-0.131, -0.241, 0.995),
(-0.153, -0.275, 0.976),
(-0.149, -0.280, 0.955),
(-0.143, -0.251, 0.979),
(-0.121, -0.220, 1.006),
(-0.109, -0.201, 1.026),
(-0.119, -0.190, 1.022),
(-0.106, -0.197, 1.014),
(-0.125, -0.199, 0.996),
(-0.158, -0.200, 0.988),
(-0.159, -0.208, 0.994),
(-0.161, -0.212, 0.990),
(-0.157, -0.216, 0.995),
(-0.131, -0.208, 1.022),
(-0.128, -0.204, 1.028),
(-0.127, -0.214, 0.995),
(-0.109, -0.225, 1.012),
(-0.106, -0.209, 1.022),
(-0.081, -0.190, 1.036),
(-0.042, -0.192, 1.059),
(-0.029, -0.190, 1.051),
(-0.175, -0.189, 0.993),
(-0.159, -0.223, 0.989),
(-0.116, -0.218, 0.999),
(-0.081, -0.203, 1.007),
(-0.059, -0.200, 1.024),
(-0.069, -0.176, 1.003),
(-0.065, -0.207, 0.964),
(-0.017, -0.224, 0.972),
(0.006, -0.238, 0.985),
(-0.054, -0.265, 0.979),
(-0.066, -0.289, 0.915),
(-0.064, -0.294, 0.963),
(-0.052, -0.284, 1.005),
(-0.054, -0.282, 0.979),
(-0.004, -0.312, 0.970),
(0.009, -0.311, 0.949),
(0.037, -0.265, 0.935),
(0.058, -0.232, 0.988),
(0.054, -0.229, 0.964),
(0.031, -0.273, 0.970),
(0.021, -0.315, 0.953),
(0.035, -0.324, 0.945),
(-0.010, -0.294, 0.998),
(0.009, -0.265, 0.980),
(0.071, -0.247, 1.002),
(0.056, -0.217, 1.003),
(0.093, -0.221, 1.037),
(0.212, -0.229, 1.088),
(0.308, -0.286, 1.088),
(0.422, -0.228, 1.168),
(0.414, -0.256, 1.149),
(0.302, -0.300, 1.156),
(0.451, -0.117, 1.188),
(0.414, -0.083, 1.187),
(0.382, 0.075, 1.082),
(0.348, 0.111, 1.019),
(0.273, 0.178, 0.944),
(0.222, 0.250, 0.863),
(0.250, 0.310, 0.805),
(0.312, 0.271, 0.795),
(0.355, 0.178, 0.767),
(0.343, 0.097, 0.762),
(0.299, 0.026, 0.771),
(0.298, -0.102, 0.715),
(0.383, -0.213, 0.704),
(0.520, -0.289, 0.706),
(0.489, -0.289, 0.654),
(0.373, -0.251, 0.663),
(0.368, -0.264, 0.685),
(0.481, -0.267, 0.721),
(0.691, -0.210, 0.595),
(0.569, -0.234, 0.600),
(0.634, -0.304, 0.499),
(0.777, -0.332, 0.500),
(0.795, -0.305, 0.504),
(0.774, -0.291, 0.513),
(0.795, -0.286, 0.501),
(0.838, -0.270, 0.456),
(0.810, -0.241, 0.422),
(0.804, -0.219, 0.460),
(0.842, -0.222, 0.515),
(0.867, -0.224, 0.481),
(0.850, -0.203, 0.462),
(0.764, -0.177, 0.426),
(0.726, -0.196, 0.419),
(0.862, -0.169, 0.447),
(0.818, -0.166, 0.412),
(0.958, -0.191, 0.460),
(0.932, -0.230, 0.410),
(0.917, -0.273, 0.333),
(0.969, -0.296, 0.266),
(0.971, -0.346, 0.238),
(0.879, -0.389, 0.236),
(0.763, -0.430, 0.227),
(0.696, -0.428, 0.224),
(0.546, -0.392, 0.333),
(0.360, -0.303, 0.505),
(0.392, 0.122, 0.885),
(0.373, 0.179, 0.918),
(0.280, 0.114, 0.958),
(0.288, 0.088, 0.928),
(0.352, 0.147, 1.011),
(0.420, 0.119, 1.024),
(0.389, 0.048, 0.951),
(0.464, 0.042, 1.008),
(0.430, 0.000, 1.095),
(0.336, -0.027, 1.107),
(0.355, 0.006, 1.071),
(0.324, 0.005, 1.156),
(0.311, -0.030, 1.189),
(0.337, -0.083, 1.134),
(0.332, -0.162, 1.053),
(0.310, -0.230, 1.086),
(0.345, -0.231, 1.122),
(0.297, -0.210, 1.073),
(0.261, -0.171, 1.038),
(0.158, -0.241, 1.072),
(0.195, -0.226, 1.064),
(0.190, -0.288, 1.034),
(0.142, -0.327, 0.961),
(0.092, -0.320, 0.918),
(0.078, -0.312, 0.885),
(0.088, -0.284, 0.899),
(0.102, -0.245, 0.893),
(0.111, -0.278, 0.883),
(0.033, -0.221, 0.989),
(0.086, -0.169, 0.981),
(0.020, -0.178, 0.920),
(0.071, -0.225, 0.927),
(0.104, -0.310, 0.885),
(0.101, -0.350, 0.885),
(0.095, -0.267, 0.936),
(0.128, -0.304, 0.947),
(0.119, -0.396, 1.120),
(0.048, -0.362, 1.190),
(0.010, -0.314, 1.053),
(-0.043, -0.327, 1.005),
(-0.057, -0.308, 0.993),
(-0.011, -0.300, 0.993),
(-0.005, -0.294, 1.009),
(0.024, -0.299, 0.997),
(0.018, -0.301, 0.987),
(-0.001, -0.312, 0.966),
(-0.016, -0.325, 0.954),
(-0.026, -0.335, 0.954),
(-0.031, -0.349, 0.954),
(-0.026, -0.360, 0.964),
(-0.032, -0.362, 0.969),
(-0.043, -0.357, 0.960),
(-0.034, -0.337, 0.956),
(-0.003, -0.308, 0.953),
(-0.020, -0.304, 0.963),
(-0.012, -0.304, 0.971),
(0.000, -0.309, 0.973),
(0.002, -0.312, 0.967),
(0.011, -0.313, 0.958),
(0.011, -0.325, 0.944),
(-0.001, -0.344, 0.937),
(-0.023, -0.357, 0.942),
(-0.037, -0.358, 0.947),
(-0.043, -0.352, 0.953),
(-0.034, -0.341, 0.949),
(-0.024, -0.338, 0.954),
(-0.016, -0.341, 0.958),
(-0.013, -0.347, 0.961),
(-0.014, -0.344, 0.960),
(-0.019, -0.335, 0.960),
(-0.023, -0.332, 0.959),
(-0.017, -0.327, 0.963),
(-0.009, -0.326, 0.957),
(-0.011, -0.331, 0.951),
(-0.012, -0.335, 0.958),
(-0.018, -0.341, 0.955),
(-0.020, -0.342, 0.959),
(-0.019, -0.341, 0.961),
(-0.020, -0.334, 0.959),
(-0.018, -0.327, 0.962),
(-0.015, -0.332, 0.959),
(-0.013, -0.331, 0.956),
(-0.011, -0.332, 0.955),
(-0.016, -0.330, 0.959),
(-0.025, -0.329, 0.961),
(-0.032, -0.334, 0.960),
(-0.025, -0.338, 0.961),
(-0.021, -0.343, 0.956),
(-0.023, -0.339, 0.954),
(-0.016, -0.339, 0.955),
(-0.015, -0.344, 0.953),
(-0.018, -0.346, 0.951),
(-0.019, -0.342, 0.950),
(-0.021, -0.344, 0.950),
(-0.021, -0.343, 0.952),
(-0.010, -0.343, 0.955),
(-0.010, -0.346, 0.951),
(-0.016, -0.342, 0.952),
(-0.020, -0.340, 0.954),
(-0.021, -0.339, 0.951),
(-0.021, -0.339, 0.956),
(-0.018, -0.344, 0.958),
(-0.016, -0.347, 0.957),
(-0.014, -0.344, 0.951),
(-0.015, -0.340, 0.942),
(-0.022, -0.342, 0.941),
(-0.025, -0.350, 0.953),
(-0.023, -0.351, 0.960),
(-0.022, -0.345, 0.955),
(-0.017, -0.345, 0.949),
(-0.012, -0.344, 0.948),
(-0.015, -0.344, 0.947),
(-0.022, -0.345, 0.947),
(-0.021, -0.341, 0.947),
(-0.018, -0.342, 0.956),
(-0.019, -0.346, 0.960),
(-0.016, -0.349, 0.957),
(-0.015, -0.346, 0.947),
(-0.013, -0.344, 0.944),
(-0.014, -0.341, 0.948),
(-0.016, -0.343, 0.954),
(-0.016, -0.342, 0.958),
(-0.013, -0.340, 0.958),
(-0.014, -0.343, 0.954),
(-0.016, -0.344, 0.953),
(-0.017, -0.343, 0.952),
(-0.018, -0.342, 0.950),
(-0.018, -0.343, 0.949),
(-0.017, -0.344, 0.949),
(-0.015, -0.345, 0.955),
(-0.013, -0.344, 0.956),
(-0.013, -0.342, 0.952),
(-0.015, -0.342, 0.952),
(-0.014, -0.340, 0.957),
(-0.016, -0.337, 0.961),
(-0.017, -0.338, 0.962),
(-0.018, -0.336, 0.958),
(-0.017, -0.336, 0.956),
(-0.017, -0.341, 0.960),
(-0.019, -0.341, 0.955),
(-0.022, -0.341, 0.950),
(-0.018, -0.342, 0.950),
(-0.013, -0.342, 0.953),
(-0.012, -0.343, 0.954),
(-0.013, -0.343, 0.955),
(-0.013, -0.345, 0.966),
(-0.016, -0.350, 0.968),
(-0.021, -0.352, 0.958),
(-0.016, -0.345, 0.948),
(-0.010, -0.339, 0.940),
(-0.015, -0.338, 0.944),
(-0.021, -0.341, 0.952),
(-0.021, -0.345, 0.954),
(-0.013, -0.346, 0.949),
(-0.007, -0.342, 0.954),
(-0.005, -0.336, 0.963),
(-0.010, -0.332, 0.958),
(-0.012, -0.333, 0.949),
(-0.004, -0.337, 0.943),
(0.001, -0.338, 0.941),
(-0.007, -0.343, 0.948),
(-0.010, -0.336, 0.962),
(-0.000, -0.336, 0.963),
(-0.003, -0.342, 0.966),
(-0.013, -0.344, 0.955),
(-0.022, -0.341, 0.940),
(-0.029, -0.340, 0.945),
(-0.029, -0.348, 0.964),
(-0.034, -0.361, 0.969),
(-0.036, -0.369, 0.954),
(-0.026, -0.370, 0.942),
(-0.019, -0.367, 0.935),
(-0.014, -0.353, 0.932),
(-0.010, -0.336, 0.931),
(-0.010, -0.325, 0.947),
(-0.004, -0.324, 0.962),
(0.012, -0.327, 0.966),
(0.016, -0.333, 0.959),
(0.012, -0.333, 0.959),
(0.008, -0.331, 0.962),
(-0.002, -0.335, 0.957),
(-0.009, -0.341, 0.948),
(-0.014, -0.347, 0.948),
(-0.021, -0.350, 0.950),
(-0.026, -0.351, 0.959),
(-0.024, -0.349, 0.965),
(-0.020, -0.343, 0.969),
(-0.018, -0.340, 0.969),
(-0.012, -0.343, 0.965),
(-0.014, -0.341, 0.959),
(-0.012, -0.340, 0.950),
(-0.009, -0.342, 0.945),
(-0.005, -0.341, 0.944),
(0.002, -0.344, 0.944),
(0.006, -0.344, 0.940),
(0.010, -0.346, 0.933),
(0.012, -0.345, 0.934),
(0.004, -0.342, 0.944),
(0.006, -0.327, 0.964),
(0.014, -0.320, 0.970),
(-0.010, -0.339, 0.969),
(-0.024, -0.351, 0.961),
(-0.024, -0.356, 0.938),
(-0.023, -0.356, 0.928),
(-0.026, -0.357, 0.933),
(-0.018, -0.351, 0.943),
(-0.010, -0.343, 0.947),
(-0.008, -0.340, 0.954),
(0.005, -0.341, 0.966),
(0.006, -0.344, 0.972),
(-0.001, -0.345, 0.965),
(-0.005, -0.341, 0.952),
(-0.002, -0.342, 0.943),
(0.000, -0.348, 0.939),
(-0.012, -0.350, 0.941),
(-0.012, -0.349, 0.947),
(-0.011, -0.347, 0.956),
(-0.014, -0.347, 0.962),
(-0.014, -0.349, 0.961),
(-0.017, -0.345, 0.955),
(-0.019, -0.341, 0.955),
(-0.018, -0.341, 0.959),
(-0.018, -0.343, 0.963),
(-0.015, -0.341, 0.955),
(-0.012, -0.341, 0.946),
(-0.010, -0.344, 0.945),
(-0.008, -0.346, 0.951),
(-0.006, -0.346, 0.958),
(-0.004, -0.345, 0.957),
(-0.002, -0.342, 0.945),
(-0.002, -0.344, 0.937),
(-0.010, -0.347, 0.944),
(-0.018, -0.349, 0.954),
(-0.012, -0.351, 0.956),
(-0.010, -0.351, 0.951),
(-0.011, -0.349, 0.953),
(-0.009, -0.346, 0.951),
(-0.006, -0.343, 0.947),
(-0.004, -0.342, 0.945),
(-0.004, -0.343, 0.948),
(0.006, -0.341, 0.954),
(0.022, -0.340, 0.955),
(0.036, -0.342, 0.957),
(0.057, -0.332, 0.969),
(0.068, -0.326, 0.990),
(0.060, -0.322, 0.978),
(0.083, -0.332, 0.959),
(0.087, -0.341, 0.983),
(0.086, -0.365, 1.011),
(0.090, -0.368, 0.976),
(0.084, -0.356, 0.939),
(0.057, -0.378, 0.931),
(0.042, -0.398, 0.939),
(0.047, -0.424, 0.953),
(0.023, -0.461, 0.888),
(-0.018, -0.453, 0.878),
(-0.032, -0.414, 0.898),
(-0.015, -0.387, 0.921),
(-0.002, -0.383, 0.935),
(-0.001, -0.389, 0.967),
(-0.021, -0.391, 0.975),
