(-0.403, 0.397, 0.870),
(-0.406, 0.402, 0.879),
(-0.404, 0.405, 0.881),
(-0.402, 0.403, 0.883),
(-0.398, 0.409, 0.879),
(-0.399, 0.414, 0.869),
(-0.407, 0.432, 0.867),
(-0.415, 0.443, 0.873),
(-0.406, 0.446, 0.875),
(-0.386, 0.466, 0.877),
(-0.382, 0.483, 0.882),
(-0.381, 0.496, 0.886),
(-0.336, 0.536, 0.907),
(-0.314, 0.585, 0.910),
(-0.332, 0.637, 0.924),
(-0.326, 0.691, 0.904),
(-0.290, 0.752, 0.896),
(-0.251, 0.809, 0.886),
(-0.232, 0.830, 0.877),
(-0.229, 0.847, 0.882),
(-0.272, 0.881, 0.872),
(-0.287, 0.985, 1.000),
(-0.344, 0.985, 1.071),
(-0.416, 0.786, 1.041),
(-0.510, 0.756, 1.030),
(-0.451, 0.700, 1.216),
(-0.429, 0.539, 1.185),
(-0.417, 0.237, 1.059),
(-0.403, 0.145, 1.111),
(-0.338, 0.108, 1.165),
(-0.309, 0.193, 1.134),
(-0.299, 0.150, 1.153),
(-0.056, -0.036, 1.096),
(0.049, -0.219, 1.068),
(-0.140, -0.361, 0.927),
(-0.150, -0.444, 0.768),
(0.479, -0.149, 0.462),
(0.434, -0.108, 0.458),
(0.350, -0.054, 0.467),
(0.209, -0.022, 0.607),
(0.108, -0.015, 0.826),
(0.247, 0.028, 0.910),
(0.342, 0.044, 0.934),
(0.351, 0.008, 0.848),
(0.288, -0.015, 0.834),
(0.444, 0.025, 0.843),
(0.434, -0.016, 0.821),
(0.373, -0.048, 0.812),
(0.349, -0.082, 0.781),
(0.393, -0.133, 0.759),
(0.302, -0.097, 0.822),
(0.215, -0.140, 0.748),
(0.208, -0.245, 0.733),
(0.080, -0.245, 0.852),
(0.027, -0.094, 0.956),
(-0.012, -0.115, 0.937),
(-0.044, -0.296, 0.859),
(-0.082, -0.291, 0.916),
(-0.232, -0.198, 0.945),
(-0.387, -0.101, 1.013),
(-0.335, -0.042, 1.014),
(-0.337, 0.041, 1.043),
(-0.412, 0.166, 1.052),
(-0.438, 0.124, 1.064),
(-0.447, 0.040, 1.014),
(-0.511, 0.061, 0.977),
(-0.600, 0.132, 0.995),
(-0.688, 0.333, 0.994),
(-0.636, 0.395, 0.999),
(-0.541, 0.536, 1.048),
(-0.612, 0.690, 1.006),
(-0.708, 0.961, 1.065),
(-0.582, 1.218, 1.054),
(-0.274, 1.250, 0.993),
(-0.205, 1.326, 0.967),
(-0.302, 1.481, 1.038),
(-0.442, 1.321, 0.865),
(-0.443, 1.113, 0.749),
(-0.440, 0.813, 0.710),
(-0.517, 0.578, 0.715),
(-0.553, 0.454, 0.707),
(-0.503, 0.418, 0.698),
(-0.460, 0.419, 0.699),
(-0.434, 0.413, 0.706),
(-0.429, 0.421, 0.740),
(-0.414, 0.447, 0.795),
(-0.385, 0.502, 0.833),
(-0.381, 0.676, 0.879),
(-0.374, 0.793, 0.898),
(-0.323, 0.952, 0.917),
(-0.313, 1.007, 0.957),
(-0.350, 0.991, 0.976),
(-0.380, 0.958, 0.994),
(-0.406, 0.985, 1.028),
(-0.430, 1.060, 1.117),
(-0.553, 1.115, 1.250),
(-0.586, 0.788, 1.024),
(-0.687, 0.604, 1.034),
(-0.674, 0.617, 1.223),
(-0.546, 0.620, 1.215),
(-0.468, 0.507, 1.067),
(-0.467, 0.115, 1.135),
(-0.093, -0.030, 1.101),
(-0.022, -0.236, 1.021),
(-0.249, -0.580, 0.824),
(-0.279, -0.709, 0.458),
(0.331, -0.586, 0.324),
(0.961, -0.416, 0.244),
(0.896, -0.211, 0.234),
(0.696, -0.077, 0.149),
(0.293, -0.109, 0.497),
(-0.166, -0.131, 0.915),
(-0.122, -0.034, 1.042),
(0.294, 0.074, 1.026),
(0.527, 0.098, 0.907),
(0.368, 0.074, 0.795),
(0.195, 0.054, 0.868),
(0.342, 0.060, 0.904),
(0.280, 0.063, 0.931),
(0.217, 0.067, 0.890),
(0.286, 0.037, 0.833),
(0.376, 0.008, 0.778),
(0.328, -0.024, 0.766),
(0.302, -0.059, 0.760),
(0.327, -0.114, 0.688),
(0.303, -0.176, 0.695),
(0.198, -0.156, 0.787),
(0.122, -0.181, 0.749),
(0.118, -0.289, 0.710),
(0.122, -0.325, 0.750),
(-0.002, -0.233, 0.927),
(-0.031, -0.140, 0.944),
(-0.115, -0.144, 0.926),
(-0.169, -0.170, 0.950),
(-0.228, 0.088, 1.060),
(-0.343, 0.156, 1.130),
(-0.414, 0.166, 1.081),
(-0.407, 0.092, 1.009),
(-0.401, 0.061, 0.953),
(-0.470, 0.421, 1.141),
(-0.582, 0.659, 1.309),
(-0.678, 0.642, 1.231),
(-0.657, 0.512, 1.034),
(-0.585, 0.787, 0.941),
(-0.626, 1.277, 0.964),
(-0.478, 1.708, 0.906),
(-0.213, 1.720, 0.809),
(-0.164, 1.543, 0.823),
(-0.236, 1.240, 0.869),
(-0.287, 0.938, 0.901),
(-0.366, 0.692, 0.914),
(-0.448, 0.544, 0.928),
(-0.477, 0.426, 0.913),
(-0.422, 0.399, 0.817),
(-0.408, 0.402, 0.792),
(-0.399, 0.407, 0.781),
(-0.398, 0.412, 0.769),
(-0.395, 0.429, 0.773),
(-0.385, 0.450, 0.783),
(-0.379, 0.485, 0.814),
(-0.369, 0.518, 0.852),
(-0.375, 0.544, 0.882),
(-0.135, -0.453, 0.829),
(0.228, -0.458, 0.250),
(0.711, -0.289, 0.344),
(0.870, -0.257, 0.224),
(0.034, -0.213, 0.820),
(-0.014, -0.194, 1.018),
(0.365, -0.077, 1.111),
(0.644, -0.003, 1.030),
(0.533, 0.002, 0.850),
(0.327, -0.049, 0.820),
(0.284, -0.066, 0.882),
(0.341, -0.061, 0.890),
(0.429, -0.071, 0.835),
(0.453, -0.112, 0.772),
(0.470, -0.155, 0.704),
(0.547, -0.179, 0.657),
(0.486, -0.220, 0.639),
(0.019, -0.333, 0.850),
(-0.051, -0.222, 0.901),
(-0.069, -0.237, 0.874),
(-0.128, -0.239, 0.893),
(-0.147, -0.066, 1.052),
(-0.239, 0.153, 1.180),
(-0.302, 0.000, 1.015),
(-0.335, -0.087, 0.935),
(-0.358, -0.086, 0.941),
(-0.490, 0.010, 0.815),
(-0.675, 0.263, 1.018),
(-0.694, 0.320, 1.076),
(-0.581, 0.584, 1.121),
(-0.627, 1.051, 1.080),
(-0.693, 1.487, 1.042),
(-0.511, 1.667, 0.968),
(-0.361, 1.640, 0.939),
(-0.284, 1.491, 0.988),
(-0.287, 1.293, 0.996),
(-0.330, 0.884, 0.944),
(-0.342, 0.735, 0.912),
(-0.351, 0.614, 0.871),
(-0.368, 0.527, 0.826),
(-0.368, 0.896, 1.035),
(-0.452, 0.709, 0.975),
(-0.491, 0.509, 1.026),
(-0.474, 0.450, 1.059),
(-0.438, 0.401, 1.154),
(-0.213, 0.266, 1.256),
(-0.064, -0.003, 0.803),
(-0.448, -0.241, 0.984),
(-0.603, -0.313, 1.031),
(-0.448, -0.360, 0.954),
(0.110, -0.461, 0.873),
(0.571, -0.563, 0.539),
(0.449, -0.619, 0.197),
(0.380, -0.467, 0.273),
(0.766, -0.125, 0.573),
(0.403, -0.137, 0.664),
(0.103, -0.151, 0.802),
(0.170, -0.146, 0.903),
(0.520, -0.013, 0.967),
(0.432, -0.033, 0.899),
(0.363, -0.058, 0.854),
(0.345, -0.047, 0.870),
(0.387, -0.091, 0.816),
(0.470, -0.104, 0.806),
(0.521, -0.136, 0.706),
(0.473, -0.206, 0.642),
(0.381, -0.226, 0.552),
(0.317, -0.321, 0.535),
(0.201, -0.424, 0.517),
(0.073, -0.384, 0.772),
(-0.166, -0.216, 1.018),
(-0.327, 1.508, 1.179),
(-0.252, 1.476, 1.165),
(-0.434, 0.695, 0.865),
(-0.447, 0.539, 0.753),
(-0.430, 0.530, 0.735),
(-0.413, 0.550, 0.745),
(-0.354, 0.608, 0.794),
(-0.337, 0.636, 0.817),
(-0.329, 0.704, 0.860),
(-0.325, 0.788, 0.895),
(-0.324, 0.847, 0.938),
(-0.327, 0.867, 0.946),
(-0.338, 0.842, 0.944),
(-0.373, 0.772, 0.928),
(-0.377, 0.716, 0.921),
(-0.395, 0.695, 0.930),
(-0.418, 0.777, 0.987),
(-0.339, 0.821, 1.035),
(-0.308, 0.586, 0.950),
(-0.400, 0.503, 1.081),
(-0.247, 0.147, 1.118),
(-0.150, -0.007, 1.224),
(-0.228, -0.094, 1.210),
(-0.442, -0.091, 1.088),
(-0.461, -0.093, 0.992),
(-0.142, -0.286, 0.823),
(0.145, -0.522, 0.593),
(0.370, -0.569, 0.386),
(0.646, -0.423, 0.305),
(0.857, -0.224, 0.311),
(0.873, -0.175, 0.183),
(0.644, -0.143, 0.335),
(0.171, -0.212, 0.697),
(0.043, -0.194, 0.900),
(0.391, -0.031, 1.026),
(0.626, -0.003, 0.880),
(0.619, -0.034, 0.746),
(0.367, -0.106, 0.729),
(0.204, -0.114, 0.758),
(0.330, -0.131, 0.764),
(0.556, -0.177, 0.679),
(0.663, -0.232, 0.608),
(0.439, -0.267, 0.659),
(0.232, -0.291, 0.648),
(0.243, -0.348, 0.589),
(0.229, -0.464, 0.507),
(0.099, -0.458, 0.684),
(-0.120, -0.318, 0.907),
(-0.260, -0.322, 0.872),
(-0.268, -0.329, 0.913),
(-0.248, -0.116, 1.034),
(-0.354, 0.068, 1.131),
(-0.456, 0.088, 1.101),
(-0.523, 0.010, 1.027),
(-0.551, 0.081, 1.018),
(-0.475, 0.372, 1.094),
(-0.509, 0.665, 1.259),
(-0.541, 0.711, 1.257),
(-0.575, 0.734, 1.182),
(-0.509, 0.831, 1.130),
(-0.509, 1.012, 1.106),
(-0.297, 1.178, 0.892),
(-0.363, 1.106, 0.904),
(-0.447, 0.951, 0.822),
(-0.430, 0.830, 0.759),
(-0.449, 0.727, 0.762),
(-0.466, 0.664, 0.777),
(-0.457, 0.654, 0.786),
(-0.432, 0.622, 0.763),
(-0.405, 0.608, 0.775),
(-0.353, 0.663, 0.832),
(-0.349, 0.724, 0.854),
(-0.360, 0.716, 0.854),
(-0.358, 0.719, 0.878),
(-0.337, 0.783, 0.933),
(-0.306, 0.828, 0.954),
(-0.363, 0.820, 0.969),
(-0.455, 0.782, 0.968),
(-0.443, 0.807, 1.035),
(-0.308, 0.781, 1.096),
(-0.291, 0.566, 1.083),
(-0.475, 0.476, 1.122),
(-0.637, 0.417, 1.127),
(-0.582, 0.369, 1.221),
(-0.125, -0.009, 1.278),
(-0.288, -0.046, 1.216),
(-0.604, -0.047, 1.131),
(-0.653, -0.257, 1.078),
(0.476, -0.698, 0.530),
(0.457, -0.694, 0.343),
(0.389, -0.473, 0.309),
(0.616, -0.267, 0.197),
(0.786, -0.203, 0.188),
(0.521, -0.267, 0.521),
(0.175, -0.293, 0.848),
(0.066, -0.201, 0.992),
(0.217, -0.073, 1.012),
(0.474, -0.023, 0.954),
(0.531, -0.090, 0.791),
(0.327, -0.159, 0.777),
(0.480, -0.150, 0.758),
(0.561, -0.185, 0.698),
(0.470, -0.271, 0.625),
(0.316, -0.284, 0.650),
(0.250, -0.276, 0.727),
(0.167, -0.355, 0.723),
(0.012, -0.369, 0.902),
(-0.134, -0.229, 1.085),
(-0.137, -0.078, 1.107),
(-0.032, -0.084, 1.024),
(0.011, -0.090, 0.991),
(-0.035, 0.135, 1.111),
(-0.128, 0.355, 1.273),
(-0.169, 0.252, 1.171),
(-0.146, 0.186, 1.010),
(-0.117, 0.266, 1.052),
(-0.194, 0.418, 1.137),
(-0.292, 0.445, 1.061),
(-0.226, 0.409, 1.004),
(-0.107, 0.373, 0.932),
(-0.108, 0.469, 0.909),
(-0.200, 0.539, 0.931),
(-0.228, 0.552, 0.939),
(-0.206, 0.452, 0.849),
(-0.159, 0.427, 0.814),
(-0.228, 0.504, 0.828),
(-0.288, 0.611, 0.916),
(-0.308, 0.596, 0.833),
(-0.241, 0.653, 0.759),
(-0.210, 0.756, 0.744),
(-0.258, 0.798, 0.761),
(-0.291, 0.833, 0.796),
(-0.236, 0.850, 0.796),
(-0.285, 1.012, 0.776),
(-0.289, 0.978, 0.812),
(-0.254, 0.903, 0.827),
(-0.257, 0.881, 0.844),
(-0.253, 0.823, 0.830),
(-0.262, 0.752, 0.823),
(-0.274, 0.685, 0.816),
(-0.300, 0.632, 0.809),
(-0.323, 0.595, 0.799),
(-0.322, 0.593, 0.780),
(-0.327, 0.605, 0.777),
(-0.321, 0.624, 0.781),
(-0.320, 0.651, 0.787),
(-0.320, 0.655, 0.790),
(-0.317, 0.662, 0.795),
(-0.319, 0.706, 0.799),
(-0.338, 0.749, 0.802),
(-0.332, 0.787, 0.816),
(-0.303, 0.806, 0.836),
(-0.323, 0.761, 0.835),
(-0.347, 0.722, 0.834),
(-0.367, 0.679, 0.851),
(-0.292, 0.720, 0.932),
(-0.404, 0.581, 0.868),
(-0.385, 0.581, 0.873),
(-0.280, 0.694, 1.031),
(-0.184, 0.562, 0.997),
(-0.285, 0.407, 0.906),
(-0.469, 0.408, 0.977),
(-0.399, 0.395, 1.045),
(-0.125, 0.340, 1.113),
(-0.057, 0.219, 1.048),
(-0.452, 0.012, 1.017),
(0.004, 0.069, 1.068),
(0.122, 0.102, 1.066),
(-0.227, -0.068, 0.929),
(-0.328, -0.166, 0.977),
(-0.000, -0.128, 1.016),
(0.113, -0.130, 1.010),
(0.049, -0.176, 0.944),
(0.088, -0.255, 0.851),
(0.192, -0.281, 0.872),
(0.307, -0.267, 0.829),
(0.444, -0.230, 0.711),
(0.511, -0.170, 0.693),
(0.424, -0.146, 0.721),
(0.354, -0.168, 0.721),
(0.355, -0.201, 0.725),
(0.370, -0.176, 0.795),
(0.400, -0.191, 0.807),
(0.487, -0.179, 0.765),
(0.525, -0.152, 0.745),
(0.448, -0.164, 0.779),
(0.374, -0.179, 0.759),
(0.447, -0.220, 0.685),
(0.497, -0.270, 0.651),
(0.404, -0.285, 0.758),
(0.136, -0.285, 0.865),
(0.064, -0.331, 0.794),
(0.164, -0.388, 0.754),
(0.092, -0.338, 0.811),
(-0.095, -0.205, 1.014),
(-0.188, -0.024, 1.055),
(-0.212, 0.146, 1.052),
(-0.250, 0.178, 1.135),
(-0.270, 0.388, 1.176),
(-0.287, 0.324, 1.108),
(-0.292, 0.415, 1.037),
(-0.191, 0.528, 1.059),
(-0.220, 0.597, 1.087),
(-0.307, 0.563, 0.981),
(-0.309, 0.507, 0.887),
(-0.252, 0.506, 0.898),
(-0.250, 0.618, 0.996),
(-0.216, 0.529, 0.846),
(-0.231, 0.591, 0.866),
(-0.290, 0.583, 0.898),
(-0.300, 0.544, 0.880),
(-0.247, 0.527, 0.867),
(-0.267, 0.496, 0.847),
(-0.269, 0.524, 0.864),
(-0.283, 0.443, 0.857),
(-0.338, 0.438, 0.874),
(-0.337, 0.444, 0.899),
(-0.352, 0.449, 0.908),
(-0.369, 0.474, 0.908),
(-0.376, 0.470, 0.919),
(-0.409, 0.456, 0.918),
(-0.409, 0.508, 0.945),
(-0.406, 0.516, 0.932),
(-0.380, 0.557, 0.933),
(-0.329, 0.628, 0.992),
(-0.417, 0.411, 0.905),
(-0.417, 0.435, 0.905),
(-0.423, 0.435, 0.908),
(-0.406, 0.455, 0.914),
(-0.385, 0.488, 0.911),
(-0.388, 0.526, 0.905),
(-0.400, 0.558, 0.909),
(-0.398, 0.533, 0.900),
(-0.386, 0.530, 0.905),
(-0.373, 0.568, 0.889),
(-0.408, 0.623, 0.938),
(-0.391, 0.551, 0.907),
(-0.340, 0.487, 0.869),
(-0.323, 0.557, 0.918),
(-0.314, 0.592, 0.982),
(-0.201, 0.550, 1.046),
(-0.193, 0.436, 0.962),
(-0.358, 0.473, 0.989),
(-0.401, 0.438, 1.019),
(-0.268, 0.388, 0.996),
(-0.109, 0.350, 1.137),
(0.164, -0.143, 0.872),
(0.298, -0.142, 0.912),
(0.259, -0.115, 0.875),
(0.279, -0.122, 0.739),
(0.434, -0.167, 0.672),
(0.428, -0.144, 0.676),
(0.371, -0.119, 0.756),
(0.215, -0.119, 0.883),
(0.216, -0.113, 0.913),
(0.380, -0.077, 0.906),
(0.411, -0.049, 0.928),
(0.384, -0.063, 0.913),
(0.391, -0.095, 0.858),
(0.367, -0.146, 0.840),
(0.379, -0.187, 0.818),
(0.387, -0.184, 0.853),
(0.441, -0.184, 0.806),
(0.436, -0.262, 0.719),
(0.373, -0.319, 0.685),
(0.282, -0.198, 0.845),
(0.142, -0.149, 0.963),
(0.140, -0.235, 0.951),
(0.172, -0.192, 1.012),
(0.178, -0.068, 1.128),
(0.135, 0.050, 1.202),
(0.082, 0.057, 1.198),
(0.062, 0.161, 1.138),
(0.093, 0.150, 1.077),
(0.024, 0.253, 1.085),
(-0.054, 0.369, 1.084),
(-0.091, 0.349, 1.001),
(-0.105, 0.333, 0.938),
(-0.051, 0.440, 0.922),
(-0.002, 0.507, 0.919),
(-0.051, 0.626, 0.852),
(-0.051, 0.624, 0.855),
(-0.035, 0.607, 0.804),
(-0.015, 0.647, 0.813),
(-0.025, 0.586, 0.721),
(-0.047, 0.538, 0.695),
(-0.092, 0.591, 0.735),
(-0.115, 0.648, 0.734),
(-0.186, 0.652, 0.675),
(-0.173, 0.703, 0.688),
(-0.208, 0.783, 0.737),
(-0.265, 0.818, 0.745),
(-0.251, 0.919, 0.745),
(-0.173, 1.041, 0.791),
(-0.127, 1.176, 0.915),
(-0.130, 1.107, 0.942),
(-0.139, 1.007, 0.954),
(-0.163, 0.924, 0.946),
(-0.210, 0.811, 0.911),
(-0.252, 0.692, 0.876),
(-0.341, 0.535, 0.749),
(-0.332, 0.547, 0.745),
(-0.300, 0.576, 0.747),
(-0.266, 0.626, 0.765),
(-0.243, 0.712, 0.784),
(-0.265, 0.745, 0.797),
(-0.255, 0.780, 0.799),
(-0.240, 0.839, 0.813),
(-0.258, 0.892, 0.827),
(-0.263, 0.904, 0.809),
(-0.262, 0.912, 0.828),
(-0.302, 0.932, 0.860),
(-0.272, 0.947, 0.826),
(-0.300, 0.894, 0.842),
(-0.411, 0.756, 0.928),
(-0.382, 0.834, 1.082),
(-0.242, 0.646, 1.027),
(-0.386, 0.371, 0.923),
(-0.575, 0.331, 0.950),
(-0.531, 0.392, 1.015),
(-0.241, 0.521, 1.174),
(-0.064, 0.417, 1.179),
(-0.312, 0.181, 1.053),
(-0.293, 0.075, 1.114),
(0.113, 0.017, 1.116),
(0.116, -0.146, 0.974),
(-0.208, -0.260, 0.909),
(-0.196, -0.283, 0.845),
(0.069, -0.246, 0.798),
(0.254, -0.180, 0.812),
(0.287, -0.146, 0.735),
(0.268, -0.122, 0.671),
(0.350, -0.090, 0.484),
(0.324, -0.038, 0.747),
(-0.023, -0.226, 0.870),
(-0.153, -0.292, 0.907),
(-0.164, -0.294, 0.908),
(-0.075, -0.229, 0.948),
(-0.292, 0.021, 1.159),
(-0.489, 0.101, 1.167),
(-0.384, 0.060, 1.085),
(-0.301, 0.171, 1.201),
(-0.416, 0.401, 1.240),
(-0.556, 0.517, 1.169),
(-0.517, 0.562, 1.084),
(-0.389, 0.697, 1.089),
(-0.434, 0.829, 1.189),
(-0.520, 0.791, 1.045),
(-0.406, 0.805, 0.956),
(-0.291, 0.837, 0.976),
(-0.329, 0.758, 0.945),
(-0.379, 0.715, 0.887),
(-0.407, 0.672, 0.775),
(-0.412, 0.596, 0.709),
(-0.451, 0.639, 0.695),
(-0.453, 0.708, 0.652),
(-0.331, 0.819, 0.624),
(-0.291, 0.803, 0.625),
(-0.303, 0.802, 0.681),
(-0.277, 0.858, 0.740),
(-0.242, 0.876, 0.771),
(-0.246, 0.855, 0.799),
(-0.383, 0.735, 0.725),
(-0.409, 0.819, 0.736),
(-0.416, 0.778, 0.762),
(-0.424, 0.763, 0.802),
(-0.431, 0.788, 0.837),
(-0.453, 0.803, 0.913),
(-0.432, 0.790, 0.930),
(-0.467, 0.747, 0.946),
(-0.546, 0.704, 0.963),
(-0.487, 0.704, 0.995),
(-0.450, 0.646, 0.962),
(-0.447, 0.586, 1.012),
(-0.484, 0.566, 1.047),
(-0.539, 0.569, 1.041),
(-0.515, 0.580, 1.069),
(-0.321, 0.525, 1.135),
(-0.241, -0.201, 0.808),
(0.027, -0.129, 0.772),
(0.181, -0.133, 0.728),
(0.160, -0.149, 0.714),
(0.185, -0.099, 0.692),
(0.394, -0.040, 0.578),
(0.475, -0.029, 0.531),
(-0.020, -0.061, 0.779),
(-0.041, -0.009, 0.872),
(0.098, 0.036, 0.974),
(0.175, 0.066, 0.988),
(0.148, 0.041, 0.962),
(0.150, 0.022, 0.910),
(0.151, 0.010, 0.910),
(0.137, 0.021, 0.888),
(0.177, -0.119, 0.758),
(0.118, -0.335, 0.502),
(-0.399, -0.205, 0.769),
(-0.207, -0.229, 0.795),
(-0.265, -0.031, 1.003),
(-0.596, 0.363, 1.179),
(-0.524, 0.333, 1.066),
(-0.342, 0.181, 1.011),
(-0.291, 0.164, 1.014),
(-0.351, 0.357, 1.095),
(-0.491, 0.571, 1.200),
(-0.507, 0.561, 1.110),
(-0.428, 0.455, 1.027),
(-0.377, 0.555, 0.996),
(-0.401, 0.709, 1.046),
(-0.461, 0.757, 1.100),
(-0.432, 0.710, 1.064),
(-0.624, 0.788, 0.888),
(-0.580, 0.844, 0.838),
(-0.415, 0.847, 0.754),
(-0.404, 0.891, 0.790),
(-0.354, 0.859, 0.817),
(-0.308, 0.800, 0.853),
(-0.319, 0.754, 0.864),
(-0.409, 0.612, 0.859),
(-0.428, 0.553, 0.807),
(-0.420, 0.541, 0.789),
(-0.408, 0.557, 0.783),
(-0.412, 0.573, 0.783),
(-0.405, 0.593, 0.794),
(-0.384, 0.644, 0.814),
(-0.377, 0.709, 0.849),
(-0.372, 0.760, 0.897),
(-0.380, 0.794, 0.907),
(-0.383, 0.833, 0.915),
(-0.371, 0.647, 1.058),
(-0.403, 0.126, 1.091),
(-0.117, 0.135, 1.022),
(-0.056, -0.015, 1.015),
(-0.212, -0.237, 0.919),
(-0.204, -0.391, 0.722),
(0.098, -0.371, 0.577),
(0.419, -0.322, 0.511),
(0.523, -0.326, 0.446),
(0.460, -0.209, 0.516),
(0.339, -0.116, 0.567),
(0.184, -0.132, 0.770),
(-0.018, -0.165, 1.012),
(0.085, -0.115, 1.057),
(0.405, -0.049, 0.994),
(0.486, -0.058, 0.905),
(0.181, -0.083, 0.884),
(0.059, -0.065, 0.866),
(0.250, -0.067, 0.844),
(0.403, -0.116, 0.788),
(0.378, -0.170, 0.759),
(0.291, -0.205, 0.738),
(0.195, -0.252, 0.723),
(0.201, -0.293, 0.772),
(0.227, -0.335, 0.802),
(0.093, -0.310, 0.862),
(-0.068, -0.213, 0.970),
(-0.163, -0.096, 1.007),
(-0.147, -0.067, 0.929),
(-0.326, 0.285, 1.157),
(-0.343, 0.407, 0.955),
(-0.333, 0.602, 1.030),
(-0.315, 0.668, 0.952),
(-0.177, 0.757, 1.043),
(-0.252, 0.672, 1.021),
(-0.411, 0.549, 0.846),
(-0.395, 0.722, 0.840),
(-0.323, 0.817, 0.862),
(-0.360, 0.817, 0.730),
(-0.286, 0.958, 0.846),
(-0.182, 0.915, 0.803),
(-0.162, 0.981, 0.835),
(-0.292, 0.965, 0.885),
(-0.376, 0.862, 0.898),
(-0.402, 0.669, 0.774),
(-0.499, 0.587, 0.687),
(-0.504, 0.590, 0.670),
(-0.494, 0.582, 0.677),
(-0.454, 0.571, 0.693),
(-0.461, 0.591, 0.706),
(-0.518, 0.660, 0.683),
(-0.496, 0.678, 0.688),
(-0.480, 0.750, 0.727),
(-0.479, 0.805, 0.725),
(-0.451, 0.829, 0.725),
(-0.427, 0.878, 0.747),
(-0.402, 0.958, 0.801),
(-0.391, 0.970, 0.796),
(-0.439, 0.944, 0.773),
(-0.482, 0.920, 0.792),
(-0.542, 0.970, 0.925),
(-0.520, 0.798, 0.928),
(-0.483, -0.005, 1.081),
(-0.434, 0.045, 1.048),
(-0.473, 0.097, 1.026),
(-0.419, -0.070, 0.964),
(-0.180, -0.224, 0.860),
(-0.033, -0.348, 0.774),
(-0.001, -0.357, 0.530),
(0.319, -0.268, 0.489),
(0.535, -0.174, 0.421),
(0.520, -0.093, 0.304),
(0.173, -0.049, 0.483),
(-0.248, -0.010, 0.821),
(-0.217, 0.041, 0.967),
(0.085, 0.092, 0.977),
(0.190, 0.106, 0.868),
(0.034, 0.103, 0.922),
(0.128, 0.094, 0.933),
(0.272, 0.071, 0.912),
(0.263, 0.040, 0.905),
(0.228, 0.021, 0.901),
(0.244, -0.003, 0.888),
(0.116, -0.179, 0.741),
(0.011, -0.269, 0.709),
(-0.025, -0.243, 0.762),
(-0.130, -0.159, 0.858),
(-0.301, -0.238, 0.805),
(-0.333, -0.240, 0.838),
(-0.333, 0.093, 0.981),
(-0.479, 0.073, 0.954),
(-0.595, 0.400, 1.037),
(-0.653, 0.587, 1.028),
(-0.571, 0.582, 1.000),
(-0.549, 0.468, 0.909),
(-0.524, 0.681, 0.990),
(-0.506, 0.825, 1.011),
(-0.521, 0.866, 0.971),
(-0.421, 1.021, 0.998),
(-0.308, 1.200, 1.094),
(-0.228, 1.289, 1.114),
(-0.321, 1.266, 1.086),
(-0.429, 1.058, 1.006),
(-0.479, 0.914, 0.890),
(-0.497, 0.834, 0.792),
(-0.521, 0.715, 0.740),
(-0.443, 0.334, 0.816),
(-0.438, 0.527, 0.843),
(-0.461, 0.562, 0.837),
(-0.479, 0.590, 0.845),
(-0.492, 0.599, 0.856),
(-0.507, 0.601, 0.854),
(-0.500, 0.596, 0.847),
(-0.471, 0.625, 0.837),
(-0.452, 0.694, 0.869),
(-0.444, 0.751, 0.890),
(-0.431, 0.735, 0.870),
(-0.454, 0.707, 0.870),
(-0.477, 0.735, 0.904),
(-0.477, 0.753, 0.927),
(-0.486, 0.725, 0.926),
(-0.511, 0.709, 0.985),
(-0.570, 0.809, 1.066),
(-0.553, 0.683, 1.059),
(-0.471, 0.482, 1.017),
(-0.518, 0.541, 1.107),
(-0.544, 0.660, 1.193),
(-0.439, 0.609, 1.235),
(-0.245, 0.286, 1.255),
(-0.233, 0.033, 1.089),
(-0.500, 0.012, 1.157),
(-0.433, 0.038, 1.033),
(-0.092, -0.091, 0.953),
(0.085, -0.214, 0.901),
(0.001, -0.322, 0.707),
(-0.054, -0.375, 0.475),
(0.150, -0.242, 0.513),
(0.422, -0.169, 0.573),
(0.520, -0.132, 0.620),
(0.505, -0.093, 0.650),
(0.493, -0.096, 0.623),
(0.650, 0.007, 0.402),
(0.637, -0.009, 0.391),
(0.614, 0.033, 0.501),
(0.605, 0.061, 0.587),
(0.556, 0.054, 0.711),
(0.628, 0.111, 0.728),
(0.551, 0.116, 0.735),
(0.599, 0.111, 0.714),
(0.608, 0.102, 0.688),
(0.570, 0.081, 0.674),
(0.579, 0.054, 0.655),
(0.688, 0.033, 0.576),
(0.751, -0.029, 0.479),
(0.695, -0.139, 0.336),
(0.536, -0.221, 0.225),
(0.342, -0.261, 0.194),
(0.123, -0.373, 0.276),
(0.055, -0.454, 0.338),
(-0.030, -0.463, 0.547),
(-0.262, -0.370, 0.890),
(-0.327, -0.125, 1.039),
(-0.229, 0.039, 1.070),
(-0.289, 0.097, 1.269),
(-0.421, 0.517, 1.461),
(-0.435, 0.696, 1.453),
(-0.487, 0.595, 1.294),
(-0.421, 0.546, 1.205),
(-0.308, 0.658, 1.193),
(-0.318, 0.749, 1.232),
(-0.384, 0.679, 1.147),
(-0.462, 0.647, 1.060),
(-0.454, 0.719, 0.994),
(-0.521, 0.705, 0.938),
(-0.518, 0.646, 0.827),
(-0.506, 0.717, 0.789),
(-0.530, 0.759, 0.782),
(-0.488, 0.787, 0.798),
(-0.457, 0.750, 0.819),
(-0.423, 0.681, 0.834),
(-0.418, 0.654, 0.867),
(-0.441, 0.583, 0.894),
(-0.449, 0.491, 0.889),
(-0.457, 0.401, 0.875),
(-0.495, 0.307, 0.844),
(-0.500, 0.306, 0.839),
(-0.500, 0.333, 0.841),
(-0.477, 0.372, 0.841),
(-0.456, 0.400, 0.831),
(-0.484, 0.426, 0.831),
(-0.523, 0.445, 0.828),
(-0.522, 0.426, 0.844),
(-0.517, 0.401, 0.859),
(-0.514, 0.392, 0.878),
(-0.509, 0.384, 0.875),
(-0.510, 0.391, 0.863),
(-0.509, 0.384, 0.848),
(-0.497, 0.391, 0.846),
(-0.495, 0.399, 0.839),
(-0.505, 0.402, 0.840),
(-0.504, 0.401, 0.844),
(-0.509, 0.400, 0.834),
(-0.519, 0.402, 0.824),
(-0.524, 0.406, 0.832),
(-0.502, 0.455, 0.875),
(-0.489, 0.517, 0.906),
(-0.477, 0.605, 0.916),
(-0.474, 0.698, 0.940),
(-0.465, 0.812, 0.961),
(-0.471, 0.835, 0.985),
(-0.460, 0.853, 0.982),
(-0.429, 0.841, 0.939),
(-0.481, 0.809, 0.946),
(-0.541, 0.787, 0.958),
(-0.513, 0.790, 1.018),
(-0.505, 0.775, 1.012),
(-0.528, 0.693, 0.958),
(-0.602, 0.680, 0.990),
(-0.363, 0.548, 1.099),
(-0.578, 0.298, 1.162),
(-0.417, 0.274, 1.158),
(-0.259, 0.225, 1.106),
(-0.175, 0.068, 1.099),
(-0.084, -0.147, 0.989),
(-0.049, -0.383, 0.784),
(-0.133, -0.427, 0.492),
(0.061, -0.343, 0.317),
(0.423, -0.230, 0.403),
(0.677, -0.153, 0.454),
(0.711, -0.066, 0.413),
(0.569, 0.027, 0.338),
(0.393, 0.128, 0.828),
(0.532, 0.172, 0.858),
(0.369, 0.169, 0.791),
(0.348, 0.175, 0.813),
(0.434, 0.183, 0.854),
(0.487, 0.152, 0.885),
(0.512, 0.140, 0.851),
(0.521, 0.149, 0.838),
(0.476, 0.126, 0.801),
(0.539, 0.096, 0.724),
(0.604, 0.023, 0.620),
(0.625, -0.033, 0.519),
(0.631, -0.035, 0.459),
(0.648, -0.108, 0.307),
(0.504, -0.283, 0.200),
(0.314, -0.384, 0.245),
(0.011, -0.408, 0.537),
(-0.307, -0.399, 0.691),
(-0.414, -0.397, 0.635),
(-0.361, -0.229, 0.821),
(-0.288, -0.031, 1.090),
(-0.386, 0.160, 1.244),
(-0.499, 0.298, 1.277),
(-0.577, 0.273, 1.086),
(-0.565, 0.658, 1.151),
(-0.447, 1.110, 1.247),
(-0.567, 0.976, 1.204),
(-0.463, 0.499, 0.750),
(-0.438, 0.519, 0.735),
(-0.435, 0.548, 0.736),
(-0.468, 0.553, 0.747),
(-0.483, 0.556, 0.773),
(-0.482, 0.548, 0.792),
(-0.475, 0.534, 0.810),
(-0.484, 0.518, 0.813),
(-0.497, 0.507, 0.817),
(-0.505, 0.496, 0.798),
(-0.516, 0.509, 0.770),
(-0.515, 0.511, 0.768),
(-0.521, 0.489, 0.779),
(-0.517, 0.492, 0.792),
(-0.521, 0.509, 0.802),
(-0.524, 0.501, 0.805),
(-0.523, 0.491, 0.808),
(-0.518, 0.503, 0.806),
(-0.511, 0.525, 0.798),
(-0.507, 0.556, 0.796),
(-0.484, 0.602, 0.801),
(-0.455, 0.673, 0.825),
(-0.446, 0.722, 0.840),
(-0.416, 0.760, 0.831),
(-0.396, 0.927, 0.857),
(-0.413, 0.923, 0.860),
(-0.464, 0.897, 0.807),
(-0.448, 0.867, 0.800),
(-0.454, 0.841, 0.817),
(-0.463, 0.800, 0.850),
(-0.433, 0.783, 0.897),
(-0.384, 0.795, 0.924),
(-0.368, 0.683, 0.921),
(-0.318, 0.606, 0.996),
(-0.228, 0.582, 1.010),
(-0.335, 0.470, 0.983),
(-0.022, 0.019, 1.024),
(-0.120, -0.100, 0.883),
(-0.097, -0.219, 0.731),
(0.060, -0.207, 0.684),
(0.262, -0.171, 0.755),
(0.419, -0.202, 0.678),
(0.575, -0.126, 0.558),
(0.596, -0.014, 0.723),
(0.688, 0.030, 0.651),
(0.587, 0.020, 0.625),
(0.551, -0.024, 0.607),
(0.552, -0.079, 0.589),
(0.485, -0.104, 0.744),
(0.504, -0.135, 0.774),
(0.419, -0.204, 0.703),
(0.272, -0.174, 0.803),
(0.145, 0.069, 1.007),
(0.046, -0.027, 0.903),
(-0.048, -0.016, 0.888),
(-0.023, 0.228, 1.008),
(-0.067, 0.368, 1.119),
(-0.183, 0.264, 0.998),
(-0.189, 0.157, 0.917),
(-0.083, 0.418, 1.050),
(-0.030, 0.645, 1.130),
(-0.158, 0.579, 1.023),
(-0.316, 0.480, 0.895),
(-0.304, 0.579, 0.892),
(-0.131, 0.731, 0.987),
(-0.170, 0.666, 0.933),
(-0.290, 0.566, 0.870),
(-0.318, 0.606, 0.790),
(-0.246, 0.777, 0.868),
(-0.244, 0.783, 0.860),
(-0.304, 0.743, 0.807),
(-0.253, 0.688, 0.787),
(-0.232, 0.710, 0.827),
(-0.240, 0.739, 0.865),
(-0.244, 0.737, 0.871),
(-0.239, 0.767, 0.886),
(-0.275, 0.725, 0.884),
(-0.301, 0.742, 0.865),
(-0.372, 0.748, 0.877),
(-0.355, 0.711, 0.897),
(-0.378, 0.667, 0.874),
(-0.417, 0.646, 0.900),
(-0.414, 0.625, 0.900),
(-0.432, 0.596, 0.918),
(-0.433, 0.574, 0.941),
(-0.425, 0.562, 0.969),
(-0.405, 0.535, 0.990),
(-0.381, 0.538, 0.997),
(-0.378, 0.560, 1.000),
(-0.379, 0.575, 0.987),
(-0.392, 0.558, 0.979),
(-0.385, 0.541, 0.980),
(-0.403, 0.604, 0.932),
(-0.338, 0.663, 0.913),
(-0.325, 0.645, 0.880),
(-0.300, 0.652, 0.866),
(-0.286, 0.703, 0.878),
(-0.247, 0.758, 0.899),
(-0.160, 0.535, 0.982),
(-0.181, 0.477, 1.020),
(-0.121, 0.376, 1.013),
(-0.153, 0.206, 0.987),
(-0.005, 0.092, 1.005),
(0.053, 0.145, 0.983),
(-0.031, 0.103, 0.952),
(0.014, 0.055, 0.936),
(-0.016, -0.000, 0.844),
(0.070, -0.030, 0.733),
(0.276, 0.016, 0.707),
(0.422, 0.032, 0.644),
(0.490, 0.023, 0.556),
(0.504, -0.009, 0.486),
(0.449, -0.026, 0.531),
(0.222, -0.049, 0.713),
(0.230, -0.028, 0.895),
(0.405, 0.012, 0.977),
(0.558, 0.043, 0.889),
(0.554, 0.043, 0.807),
(0.436, 0.024, 0.793),
(0.363, 0.027, 0.802),
(0.380, 0.008, 0.791),
(0.455, -0.039, 0.774),
(0.470, -0.092, 0.760),
(0.552, -0.106, 0.764),
(0.628, -0.077, 0.776),
(0.460, -0.104, 0.745),
(0.101, -0.154, 0.722),
(0.002, -0.100, 0.770),
(0.082, -0.056, 0.840),
(-0.012, 0.022, 0.945),
(-0.108, 0.235, 1.071),
(-0.097, 0.246, 1.052),
(-0.062, 0.235, 0.947),
(-0.156, 0.321, 0.982),
(-0.189, 0.468, 1.050),
(-0.093, 0.471, 1.048),
(-0.005, 0.371, 0.925),
(-0.055, 0.534, 0.928),
(-0.155, 0.517, 0.856),
(0.050, 0.648, 0.889),
(0.049, 0.663, 0.934),
(-0.227, 0.581, 0.895),
(-0.306, 0.608, 0.927),
(-0.383, 0.552, 0.926),
(-0.401, 0.535, 0.904),
(-0.390, 0.547, 0.928),
(-0.370, 0.585, 0.990),
(-0.386, 0.616, 1.043),
(-0.406, 0.594, 1.048),
(-0.372, 0.576, 1.069),
(-0.312, 0.612, 1.110),
(-0.341, 0.586, 1.140),
(-0.418, 0.498, 1.099),
(-0.460, 0.440, 1.019),
(-0.489, 0.409, 0.953),
(-0.521, 0.383, 0.888),
(-0.553, 0.324, 0.838),
(-0.583, 0.277, 0.823),
(-0.584, 0.231, 0.820),
(-0.560, 0.242, 0.823),
(-0.559, 0.305, 0.851),
(-0.496, 0.493, 0.970),
(-0.453, 0.568, 1.004),
(-0.419, 0.652, 1.052),
(-0.399, 0.710, 1.059),
(-0.386, 0.778, 0.998),
(-0.393, 0.800, 0.969),
(-0.374, 0.806, 0.929),
(-0.365, 0.844, 0.933),
(-0.410, 0.882, 0.935),
(-0.427, 0.813, 0.913),
(-0.402, 0.805, 1.024),
(-0.319, 0.561, 0.906),
(-0.357, 0.441, 0.921),
(-0.441, 0.469, 0.966),
(-0.467, 0.456, 0.909),
(-0.371, 0.188, 0.945),
(-0.205, 0.196, 1.032),
(0.157, 0.110, 1.065),
(0.186, 0.020, 0.938),
(-0.213, -0.100, 0.886),
(-0.226, -0.075, 0.870),
(0.311, -0.073, 0.963),
(0.316, -0.109, 0.887),
(0.065, -0.175, 0.818),
(0.074, -0.185, 0.779),
(0.289, -0.130, 0.905),
(0.529, -0.135, 0.949),
(0.537, -0.185, 0.769),
(0.315, -0.160, 0.668),
(0.437, -0.162, 0.618),
(0.600, -0.117, 0.585),
(0.426, -0.104, 0.659),
(0.178, -0.157, 0.813),
(0.289, -0.120, 0.876),
(0.481, -0.053, 0.867),
(0.406, -0.078, 0.769),
(0.427, -0.112, 0.712),
(0.502, -0.133, 0.665),
(0.499, -0.167, 0.657),
(0.357, -0.269, 0.755),
(0.252, -0.211, 0.885),
(0.171, -0.160, 0.907),
(0.170, -0.155, 0.888),
(0.061, -0.020, 0.990),
(-0.053, 0.107, 1.010),
(-0.191, 0.113, 0.980),
(-0.188, 0.151, 1.020),
(-0.135, 0.302, 1.073),
(-0.134, 0.408, 1.069),
(-0.186, 0.377, 0.988),
(-0.199, 0.312, 0.971),
(-0.208, 0.496, 1.084),
(-0.209, 0.595, 1.047),
(-0.218, 0.530, 1.004),
(-0.216, 0.474, 0.952),
(-0.166, 0.494, 0.934),
(-0.091, 0.615, 1.010),
(-0.173, 0.583, 0.983),
(-0.239, 0.480, 0.892),
(-0.295, 0.503, 0.880),
(-0.295, 0.521, 0.882),
(-0.308, 0.531, 0.890),
(-0.349, 0.568, 0.927),
(-0.352, 0.593, 0.932),
(-0.364, 0.589, 0.950),
(-0.363, 0.642, 1.013),
(-0.328, 0.677, 1.022),
(-0.293, 0.808, 1.062),
(-0.237, 0.822, 1.107),
(-0.272, 0.783, 1.145),
(-0.366, 0.724, 1.055),
(-0.433, 0.643, 0.986),
(-0.478, 0.530, 0.923),
(-0.519, 0.362, 0.846),
(-0.525, 0.341, 0.840),
(-0.517, 0.366, 0.860),
(-0.486, 0.406, 0.873),
(-0.473, 0.423, 0.920),
(-0.446, 0.446, 0.942),
(-0.384, 0.515, 0.990),
(-0.354, 0.554, 1.020),
(-0.357, 0.562, 1.042),
(-0.371, 0.566, 1.038),
(-0.373, 0.592, 1.021),
(-0.342, 0.621, 1.020),
(-0.325, 0.691, 1.097),
(-0.385, 0.640, 1.043),
(-0.366, 0.562, 1.002),
(-0.310, 0.546, 1.017),
(-0.284, 0.566, 1.079),
(-0.273, 0.586, 1.094),
(-0.291, 0.509, 1.064),
(0.004, -0.009, 1.024),
(0.105, -0.039, 1.033),
(0.096, -0.060, 0.956),
(0.093, -0.180, 0.883),
(0.135, -0.265, 0.792),
(0.235, -0.188, 0.819),
(0.347, -0.150, 0.800),
(0.410, -0.113, 0.824),
(0.347, -0.083, 0.722),
(0.301, -0.055, 0.680),
(0.307, -0.070, 0.676),
(0.353, -0.104, 0.702),
(0.357, -0.098, 0.740),
(0.334, -0.082, 0.801),
(0.303, -0.041, 0.899),
(0.310, -0.034, 0.897),
(0.391, -0.017, 0.837),
(0.370, -0.003, 0.841),
(0.358, -0.039, 0.779),
(0.349, -0.097, 0.741),
(0.337, -0.125, 0.701),
(0.028, -0.257, 0.690),
(-0.032, -0.287, 0.732),
(-0.040, -0.091, 0.954),
(-0.114, 0.166, 1.080),
(-0.163, 0.104, 1.043),
(-0.127, 0.022, 1.004),
(-0.114, 0.154, 1.129),
(-0.126, 0.355, 1.156),
(-0.126, 0.305, 1.117),
(-0.205, 0.285, 1.050),
(-0.244, 0.303, 1.039),
(-0.221, 0.578, 1.174),
(-0.280, 0.453, 0.999),
(-0.225, 0.486, 1.000),
(-0.254, 0.607, 1.036),
(-0.260, 0.628, 1.061),
(-0.311, 0.600, 0.971),
(-0.353, 0.540, 0.968),
(-0.378, 0.555, 1.030),
(-0.350, 0.588, 1.032),
(-0.263, 0.660, 1.001),
(-0.289, 0.633, 1.023),
(-0.288, 0.632, 0.987),
(-0.308, 0.689, 0.969),
(-0.359, 0.692, 0.956),
(-0.393, 0.654, 0.931),
(-0.404, 0.614, 0.905),
(-0.439, 0.564, 0.896),
(-0.460, 0.500, 0.892),
(-0.465, 0.455, 0.868),
(-0.462, 0.419, 0.858),
(-0.474, 0.395, 0.857),
(-0.477, 0.392, 0.874),
(-0.467, 0.373, 0.896),
(-0.463, 0.346, 0.880),
(-0.429, 0.439, 0.926),
(-0.417, 0.457, 0.931),
(-0.421, 0.439, 0.938),
(-0.430, 0.416, 0.938),
(-0.429, 0.428, 0.952),
(-0.423, 0.471, 0.961),
(-0.426, 0.513, 0.966),
(-0.416, 0.519, 0.959),
(-0.417, 0.516, 0.946),
(-0.395, 0.610, 0.939),
(-0.383, 0.584, 0.914),
(-0.382, 0.564, 0.891),
(-0.354, 0.578, 0.880),
(-0.296, 0.571, 0.908),
(-0.293, 0.539, 0.897),
(-0.320, 0.561, 0.939),
(-0.308, 0.568, 0.902),
(-0.215, 0.566, 0.939),
(-0.190, 0.504, 0.954),
(-0.205, 0.512, 0.998),
(-0.194, 0.562, 0.989),
(-0.162, 0.490, 0.904),
(-0.124, 0.483, 0.978),
(-0.115, 0.471, 1.072),
(-0.101, 0.403, 1.070),
(-0.201, 0.267, 1.002),
(-0.106, 0.256, 1.085),
(0.059, 0.292, 1.069),
(0.014, 0.204, 1.004),
(-0.091, 0.069, 0.990),
(-0.040, 0.033, 1.027),
(0.030, 0.058, 1.023),
(0.071, -0.017, 0.973),
(0.145, -0.071, 0.971),
(0.185, -0.091, 0.963),
(0.162, -0.102, 0.925),
(0.169, -0.090, 0.933),
(0.239, -0.094, 0.921),
(0.295, -0.079, 0.867),
(0.293, -0.065, 0.787),
(0.364, -0.064, 0.613),
(0.473, -0.067, 0.540),
(0.338, -0.073, 0.648),
(0.211, -0.068, 0.742),
(0.309, -0.036, 0.819),
(0.417, -0.014, 0.842),
(0.483, -0.047, 0.707),
(0.435, -0.082, 0.711),
(0.330, -0.156, 0.754),
(0.342, -0.249, 0.732),
(0.332, -0.107, 0.817),
(0.034, 0.030, 0.925),
(-0.145, -0.031, 0.871),
(-0.073, -0.113, 0.780),
(0.014, 0.007, 0.905),
(-0.019, 0.239, 1.070),
(-0.037, 0.286, 1.055),
(-0.044, 0.158, 1.002),
(-0.192, 0.204, 1.014),
(-0.209, 0.496, 1.115),
(-0.135, 0.672, 1.124),
(-0.246, 0.571, 1.008),
(-0.278, 0.531, 0.948),
(-0.184, 0.678, 1.010),
(-0.128, 0.657, 0.999),
(-0.202, 0.569, 0.963),
(-0.201, 0.623, 0.926),
(-0.122, 0.733, 0.979),
(-0.166, 0.699, 0.946),
(-0.261, 0.683, 0.897),
(-0.320, 0.674, 0.786),
(-0.368, 0.741, 0.736),
(-0.400, 0.774, 0.717),
(-0.405, 0.803, 0.702),
(-0.428, 0.763, 0.682),
(-0.383, 0.938, 0.741),
(-0.320, 0.920, 0.796),
(-0.310, 0.896, 0.877),
(-0.364, 0.804, 0.886),
(-0.423, 0.702, 0.824),
(-0.448, 0.624, 0.776),
(-0.460, 0.572, 0.764),
(-0.470, 0.532, 0.763),
(-0.444, 0.516, 0.760),
(-0.434, 0.510, 0.771),
(-0.451, 0.581, 0.809),
(-0.424, 0.667, 0.814),
(-0.395, 0.736, 0.846),
(-0.424, 0.674, 0.830),
(-0.401, 0.734, 0.892),
(-0.389, 0.734, 0.944),
(-0.366, 0.640, 0.905),
(-0.329, 0.433, 0.980),
(-0.211, 0.515, 0.990),
(-0.154, 0.514, 1.023),
(-0.292, 0.358, 0.962),
(-0.333, 0.283, 0.980),
(-0.230, 0.332, 1.027),
(-0.137, 0.399, 1.043),
(-0.187, 0.146, 1.009),
(-0.186, 0.076, 1.038),
(-0.156, 0.135, 1.063),
(-0.067, 0.143, 1.069),
(-0.037, 0.057, 1.113),
(-0.111, -0.037, 1.115),
(-0.113, -0.062, 1.017),
(0.028, -0.072, 0.956),
(0.119, -0.097, 0.950),
(0.317, -0.148, 0.763),
(0.391, -0.099, 0.701),
(0.515, -0.060, 0.608),
(0.506, -0.024, 0.500),
(0.255, -0.053, 0.623),
(0.067, -0.055, 0.852),
(0.195, 0.009, 0.908),
(0.382, 0.073, 0.908),
(0.407, 0.097, 0.842),
(0.307, 0.073, 0.750),
(0.328, 0.029, 0.666),
(0.350, -0.031, 0.670),
(0.326, -0.057, 0.727),
(0.390, -0.043, 0.761),
(0.148, -0.156, 0.682),
(0.004, -0.068, 0.821),
(-0.086, -0.074, 0.901),
(-0.046, -0.129, 0.828),
(-0.141, -0.016, 0.913),
(-0.247, 0.133, 1.064),
(-0.184, 0.220, 1.125),
(-0.154, 0.068, 1.037),
(-0.384, 0.385, 1.048),
(-0.371, 0.499, 1.004),
(-0.428, 0.491, 0.976),
(-0.552, 0.687, 0.991),
(-0.621, 0.683, 0.999),
(-0.570, 0.812, 0.930),
(-0.468, 1.034, 0.936),
(-0.250, 1.269, 1.060),
(-0.104, 1.361, 1.127),
(-0.166, 1.203, 1.046),
(-0.357, 0.943, 0.916),
(-0.466, 0.719, 0.846),
(-0.458, 0.448, 0.935),
(-0.451, 0.455, 0.926),
(-0.466, 0.457, 0.903),
(-0.481, 0.472, 0.890),
(-0.488, 0.490, 0.874),
(-0.490, 0.552, 0.865),
(-0.456, 0.607, 0.875),
(-0.442, 0.631, 0.914),
(-0.432, 0.621, 0.956),
(-0.403, 0.546, 0.979),
(-0.399, 0.571, 0.968),
(-0.405, 0.611, 0.969),
(-0.375, 0.565, 0.929),
(-0.351, 0.536, 0.918),
(-0.360, 0.535, 0.932),
(-0.369, 0.622, 0.961),
(-0.254, 0.677, 0.894),
(-0.256, 0.574, 0.969),
(-0.335, 0.483, 0.930),
(-0.327, 0.495, 0.955),
(-0.267, 0.608, 1.055),
(-0.199, 0.545, 1.110),
(-0.217, 0.352, 1.121),
(-0.349, 0.286, 1.153),
(-0.354, 0.361, 1.162),
(-0.215, 0.419, 1.260),
(-0.138, -0.028, 1.154),
(-0.084, -0.281, 0.940),
(0.105, -0.342, 0.865),
(0.229, -0.361, 0.605),
(0.465, -0.291, 0.406),
(0.607, -0.178, 0.368),
(0.622, -0.072, 0.332),
(0.399, -0.042, 0.481),
(0.011, -0.095, 0.788),
(0.010, -0.034, 0.958),
(0.491, 0.057, 0.841),
(0.323, 0.026, 0.780),
(0.446, -0.009, 0.906),
(0.497, -0.038, 0.773),
(0.507, -0.092, 0.627),
(0.402, -0.125, 0.632),
(0.245, -0.102, 0.738),
(0.313, -0.126, 0.718),
(0.549, -0.257, 0.701),
(0.444, -0.276, 0.764),
(-0.033, -0.161, 0.974),
(-0.391, -0.081, 1.018),
(-0.278, -0.130, 0.873),
(-0.052, -0.074, 0.893),
(-0.089, 0.191, 1.168),
(-0.193, 0.311, 1.168),
(-0.277, 0.184, 0.949),
(-0.296, 0.271, 0.964),
(-0.230, 0.470, 1.021),
(-0.180, 0.577, 1.089),
(-0.266, 0.474, 1.024),
(-0.371, 0.344, 0.879),
(-0.337, 0.473, 0.898),
(-0.295, 0.626, 0.930),
(-0.336, 0.587, 0.924),
(-0.433, 0.561, 0.910),
(-0.451, 0.549, 0.899),
(-0.454, 0.524, 0.859),
(-0.437, 0.577, 0.874),
(-0.457, 0.679, 0.887),
(-0.438, 0.727, 0.851),
(-0.470, 0.756, 0.905),
(-0.396, 0.901, 0.882),
(-0.375, 1.022, 0.896),
(-0.365, 1.050, 0.919),
(-0.339, 1.063, 0.930),
(-0.418, 0.836, 0.877),
(-0.454, 0.696, 0.882),
(-0.495, 0.553, 0.833),
(-0.532, 0.444, 0.807),
(-0.556, 0.364, 0.797),
(-0.556, 0.329, 0.792),
(-0.533, 0.341, 0.788),
(-0.489, 0.380, 0.793),
(-0.459, 0.429, 0.801),
(-0.438, 0.562, 0.831),
(-0.420, 0.620, 0.850),
(-0.410, 0.678, 0.857),
(-0.396, 0.732, 0.878),
(-0.367, 0.790, 0.914),
(-0.328, 0.832, 0.970),
(-0.346, 0.846, 0.975),
(-0.377, 0.862, 0.944),
(-0.381, 0.862, 0.996),
(-0.388, 0.742, 0.963),
(-0.414, 0.723, 0.987),
(-0.459, 0.736, 1.048),
(-0.451, 0.743, 1.067),
(-0.354, 0.596, 1.033),
(-0.365, 0.495, 1.126),
(-0.376, 0.450, 1.175),
(-0.364, 0.395, 1.112),
(-0.312, 0.314, 1.170),
(-0.216, 0.199, 1.125),
(-0.154, 0.108, 1.113),
(-0.080, 0.156, 1.020),
(0.082, 0.006, 0.944),
(0.105, -0.112, 0.952),
(0.056, -0.187, 0.859),
(0.218, -0.311, 0.655),
(0.395, -0.293, 0.563),
(0.566, -0.258, 0.417),
(0.705, -0.159, 0.472),
(0.681, -0.110, 0.499),
(0.700, -0.075, 0.345),
(0.776, 0.000, 0.336),
(0.655, 0.038, 0.395),
(0.459, -0.004, 0.449),
(0.608, 0.064, 0.731),
(0.672, 0.065, 0.719),
(0.594, 0.047, 0.745),
(0.569, 0.037, 0.755),
(0.650, 0.036, 0.742),
(0.695, 0.034, 0.722),
(0.632, 0.021, 0.657),
(0.623, 0.001, 0.594),
(0.666, -0.020, 0.562),
(0.762, -0.063, 0.484),
(0.686, -0.171, 0.355),
(0.654, -0.225, 0.290),
(0.655, -0.247, 0.270),
(0.437, -0.351, 0.226),
(0.035, -0.500, 0.414),
(-0.073, -0.454, 0.729),
(-0.244, -0.368, 0.796),
(-0.338, -0.333, 0.809),
(-0.421, 0.004, 1.238),
(-0.437, 0.039, 1.251),
(-0.550, -0.054, 1.166),
(-0.635, 0.073, 1.223),
(-0.716, 0.667, 1.429),
(-0.778, 0.638, 1.405),
(-0.698, 0.513, 1.290),
(-0.640, 0.549, 1.320),
(-0.468, 0.851, 1.353),
(-0.479, 0.928, 1.329),
(-0.609, 0.840, 1.185),
(-0.587, 0.772, 1.037),
(-0.589, 0.717, 0.898),
(-0.589, 0.647, 0.756),
(-0.620, 0.553, 0.693),
(-0.644, 0.467, 0.676),
(-0.634, 0.375, 0.677),
(-0.561, 0.340, 0.735),
(-0.538, 0.324, 0.829),
(-0.513, 0.276, 0.853),
(-0.507, 0.290, 0.876),
(-0.499, 0.289, 0.882),
(-0.500, 0.272, 0.889),
(-0.532, 0.264, 0.881),
(-0.555, 0.255, 0.871),
(-0.554, 0.273, 0.859),
(-0.581, 0.311, 0.860),
(-0.572, 0.446, 0.885),
(-0.558, 0.505, 0.881),
(-0.520, 0.553, 0.876),
(-0.487, 0.567, 0.894),
(-0.489, 0.540, 0.929),
(-0.507, 0.595, 0.957),
(-0.465, 0.598, 1.050),
(-0.461, 0.585, 1.099),
(-0.508, 0.597, 1.097),
(-0.552, 0.704, 1.209),
(-0.443, 0.493, 1.089),
(-0.418, 0.235, 1.074),
(-0.462, 0.250, 1.155),
(-0.472, 0.310, 1.122),
(-0.322, 0.285, 1.093),
(0.293, -0.489, 0.505),
(0.628, -0.377, 0.251),
(0.548, -0.152, 0.462),
(0.512, -0.139, 0.611),
(0.606, -0.086, 0.856),
(0.621, -0.036, 0.843),
(0.523, -0.021, 0.782),
(0.566, -0.048, 0.800),
(0.601, -0.071, 0.851),
(0.565, -0.101, 0.749),
(0.630, -0.135, 0.668),
(0.604, -0.241, 0.576),
(0.490, -0.299, 0.612),
(0.256, -0.334, 0.637),
(0.178, -0.313, 0.681),
(0.347, -0.292, 0.629),
(0.315, -0.350, 0.641),
(0.000, -0.290, 0.806),
(-0.214, -0.131, 0.975),
(-0.053, -0.059, 0.933),
(0.034, -0.103, 0.922),
(-0.155, -0.032, 1.007),
(-0.340, 0.205, 1.161),
(-0.309, 0.318, 1.141),
(-0.234, 0.251, 1.039),
(-0.312, 0.283, 0.967),
(-0.395, 0.478, 1.018),
(-0.411, 0.533, 1.020),
(-0.412, 0.450, 1.030),
(-0.422, 0.459, 1.042),
(-0.441, 0.489, 1.016),
(-0.468, 0.611, 1.031),
(-0.482, 0.657, 1.025),
(-0.467, 0.661, 0.972),
(-0.418, 0.737, 0.989),
(-0.492, 0.836, 0.946),
(-0.485, 0.869, 0.900),
(-0.439, 0.807, 0.874),
(-0.493, 0.723, 0.892),
(-0.560, 0.639, 0.900),
(-0.593, 0.554, 0.924),
(-0.590, 0.449, 0.932),
(-0.601, 0.359, 0.917),
(-0.594, 0.306, 0.882),
(-0.523, 0.490, 0.933),
(-0.469, 0.756, 1.100),
(-0.511, 0.455, 1.083),
(-0.537, 0.454, 1.157),
(-0.477, 0.448, 1.210),
(-0.325, 0.372, 1.218),
(-0.324, 0.150, 1.100),
(-0.520, 0.083, 1.098),
(-0.489, 0.125, 1.201),
(-0.005, -0.010, 1.173),
(-0.136, -0.201, 1.054),
(-0.254, -0.299, 0.900),
(0.398, -0.478, 0.680),
(0.436, -0.411, 0.545),
(0.377, -0.121, 0.606),
(0.197, -0.118, 0.637),
(0.288, -0.141, 0.607),
(0.582, -0.115, 0.622),
(0.536, -0.055, 0.713),
(0.481, -0.049, 0.707),
(0.427, -0.055, 0.762),
(0.418, -0.057, 0.817),
(0.441, -0.047, 0.817),
(0.521, -0.048, 0.809),
(0.500, -0.055, 0.840),
(0.439, -0.063, 0.854),
(0.490, -0.068, 0.844),
(0.501, -0.078, 0.850),
(0.442, -0.085, 0.834),
(0.571, -0.126, 0.750),
(0.617, -0.163, 0.716),
(0.570, -0.198, 0.657),
(0.565, -0.231, 0.561),
(0.596, -0.279, 0.488),
(0.654, -0.327, 0.497),
(0.671, -0.326, 0.573),
(0.444, -0.361, 0.555),
(0.130, -0.409, 0.529),
(-0.120, -0.164, 0.965),
(-0.105, -0.149, 0.956),
(-0.059, -0.147, 0.965),
(-0.074, 0.030, 1.133),
(-0.160, 0.139, 1.116),
(-0.217, 0.048, 1.018),
(-0.307, 0.129, 1.014),
(-0.337, 0.436, 1.110),
(-0.297, 0.511, 1.141),
(-0.352, 0.447, 1.020),
(-0.403, 0.433, 0.958),
(-0.358, 0.645, 1.048),
(-0.345, 0.755, 1.087),
(-0.394, 0.696, 1.035),
(-0.347, 0.659, 0.934),
(-0.215, 0.802, 0.980),
(-0.261, 0.808, 1.038),
(-0.309, 0.711, 1.060),
(-0.263, 0.607, 1.016),
(-0.321, 0.623, 1.012),
(-0.375, 0.581, 0.975),
(-0.435, 0.520, 0.955),
(-0.490, 0.436, 0.869),
(-0.488, 0.427, 0.809),
(-0.483, 0.462, 0.785),
(-0.489, 0.626, 0.781),
(-0.470, 0.612, 0.761),
(-0.451, 0.601, 0.781),
(-0.454, 0.595, 0.816),
(-0.466, 0.572, 0.871),
(-0.473, 0.495, 0.906),
(-0.505, 0.348, 0.882),
(-0.501, 0.334, 0.883),
(-0.492, 0.356, 0.897),
(-0.480, 0.405, 0.909),
(-0.462, 0.471, 0.913),
(-0.447, 0.530, 0.915),
(-0.436, 0.572, 0.915),
(-0.429, 0.589, 0.920),
(-0.472, 0.661, 0.937),
(-0.434, 0.604, 0.921),
(-0.423, 0.583, 0.942),
(-0.454, 0.579, 0.947),
(-0.490, 0.641, 1.010),
(-0.494, 0.611, 1.015),
(-0.398, 0.518, 1.049),
(-0.406, 0.463, 1.073),
(-0.468, 0.466, 1.040),
(-0.404, 0.530, 1.061),
(-0.315, 0.505, 1.063),
(-0.334, 0.366, 1.078),
(-0.002, 0.142, 1.052),
(-0.319, -0.042, 1.096),
(0.140, -0.415, 0.817),
(-0.018, -0.417, 0.769),
(0.189, -0.352, 0.728),
(0.470, -0.411, 0.555),
(0.533, -0.351, 0.507),
(0.483, -0.319, 0.383),
(0.560, -0.290, 0.327),
(0.602, -0.254, 0.475),
(0.515, -0.223, 0.690),
(0.654, -0.203, 0.819),
(0.660, -0.177, 0.870),
(0.556, -0.147, 0.781),
(0.565, -0.121, 0.685),
(0.581, -0.109, 0.702),
(0.496, -0.104, 0.759),
(0.520, -0.104, 0.764),
(0.633, -0.095, 0.764),
(0.584, -0.098, 0.797),
(0.493, -0.117, 0.768),
(0.562, -0.121, 0.736),
(0.671, -0.119, 0.720),
(0.669, -0.170, 0.710),
(0.577, -0.249, 0.665),
(0.556, -0.273, 0.593),
(0.691, -0.236, 0.528),
(0.568, -0.240, 0.668),
(-0.112, 0.153, 1.048),
(-0.159, 0.295, 1.110),
(-0.195, 0.362, 1.104),
(-0.230, 0.297, 1.030),
(-0.205, 0.396, 1.017),
(-0.152, 0.506, 1.041),
(-0.245, 0.489, 0.974),
(-0.312, 0.472, 0.925),
(-0.269, 0.454, 0.917),
(-0.240, 0.530, 0.902),
(-0.199, 0.495, 0.898),
(-0.210, 0.507, 0.915),
(-0.265, 0.543, 0.912),
(-0.281, 0.574, 0.908),
(-0.306, 0.482, 0.872),
(-0.311, 0.449, 0.877),
(-0.314, 0.422, 0.900),
(-0.341, 0.454, 0.890),
(-0.375, 0.493, 0.914),
(-0.383, 0.449, 0.900),
(-0.369, 0.462, 0.905),
(-0.377, 0.490, 0.875),
(-0.352, 0.599, 0.883),
(-0.318, 0.599, 0.825),
(-0.290, 0.607, 0.809),
(-0.324, 0.645, 0.829),
(-0.404, 0.681, 0.861),
(-0.479, 0.664, 0.904),
(-0.515, 0.602, 0.941),
(-0.489, 0.529, 0.973),
(-0.454, 0.419, 0.987),
(-0.448, 0.333, 0.976),
(-0.464, 0.293, 0.955),
(-0.479, 0.299, 0.917),
(-0.480, 0.328, 0.867),
(-0.477, 0.365, 0.839),
(-0.463, 0.399, 0.854),
(-0.458, 0.422, 0.867),
(-0.452, 0.455, 0.885),
(-0.434, 0.482, 0.901),
(-0.441, 0.523, 0.913),
(-0.445, 0.563, 0.913),
(-0.439, 0.604, 0.904),
(-0.421, 0.628, 0.877),
(-0.378, 0.646, 0.884),
(-0.339, 0.678, 0.898),
(-0.334, 0.684, 0.877),
(-0.379, 0.665, 0.869),
(-0.412, 0.689, 0.882),
(-0.419, 0.784, 0.958),
(-0.386, 0.719, 0.985),
(-0.392, 0.542, 1.026),
(-0.479, 0.465, 1.062),
(-0.416, 0.571, 1.229),
(-0.356, 0.457, 1.228),
(-0.344, 0.096, 1.039),
(-0.448, 0.020, 1.154),
(-0.403, 0.145, 1.244),
(-0.161, 0.186, 1.226),
(-0.065, 0.047, 1.118),
(-0.109, -0.091, 1.096),
(-0.165, -0.195, 0.985),
(-0.157, -0.209, 0.936),
(-0.002, -0.218, 0.998),
(0.167, -0.342, 0.900),
(0.235, -0.446, 0.708),
(0.286, -0.459, 0.616),
(0.358, -0.413, 0.595),
(0.486, -0.399, 0.537),
(0.647, -0.294, 0.386),
(0.603, -0.279, 0.378),
(0.643, -0.195, 0.421),
(0.552, -0.168, 0.515),
(0.610, -0.173, 0.779),
(0.597, -0.133, 0.862),
(0.509, -0.109, 0.813),
(0.589, -0.086, 0.752),
(0.543, -0.094, 0.769),
(0.551, -0.116, 0.743),
(0.642, -0.094, 0.748),
(0.626, -0.071, 0.760),
(0.533, -0.092, 0.746),
(0.525, -0.106, 0.737),
(0.580, -0.092, 0.750),
(0.608, -0.094, 0.732),
(0.604, -0.155, 0.700),
(0.613, -0.220, 0.662),
(0.650, -0.256, 0.593),
(0.615, -0.258, 0.604),
(0.523, -0.404, 0.508),
(0.453, -0.372, 0.577),
(0.340, -0.235, 0.745),
(0.290, -0.254, 0.742),
(0.239, -0.343, 0.715),
(0.147, -0.312, 0.760),
(0.032, -0.204, 0.958),
(0.014, -0.020, 1.054),
(0.023, 0.034, 1.075),
(0.062, 0.037, 1.085),
(0.078, 0.095, 1.116),
(0.005, 0.164, 1.132),
(-0.229, 0.184, 1.144),
(-0.188, 0.267, 1.138),
(-0.171, 0.343, 1.093),
(-0.329, 0.535, 1.068),
(-0.231, 0.542, 0.980),
(-0.228, 0.645, 0.926),
(-0.276, 0.705, 0.929),
(-0.320, 0.690, 0.884),
(-0.321, 0.682, 0.845),
(-0.306, 0.732, 0.854),
(-0.312, 0.733, 0.817),
(-0.303, 0.763, 0.844),
(-0.301, 0.729, 0.880),
(-0.272, 0.732, 0.897),
(-0.249, 0.800, 0.899),
(-0.228, 0.805, 0.946),
(-0.239, 0.754, 0.978),
(-0.252, 0.733, 0.999),
(-0.271, 0.718, 1.006),
(-0.302, 0.666, 0.979),
(-0.386, 0.566, 0.926),
(-0.385, 0.601, 0.917),
(-0.372, 0.624, 0.912),
(-0.373, 0.643, 0.923),
(-0.369, 0.660, 0.932),
(-0.357, 0.668, 0.921),
(-0.383, 0.647, 0.936),
(-0.381, 0.644, 0.950),
(-0.338, 0.617, 0.945),
(-0.351, 0.600, 0.942),
(-0.388, 0.601, 0.950),
(-0.411, 0.614, 0.963),
(-0.306, 0.603, 1.009),
(-0.215, 0.485, 0.952),
(-0.286, 0.413, 0.932),
(-0.311, 0.490, 1.012),
(-0.137, 0.525, 1.157),
(-0.047, 0.295, 0.955),
(-0.289, 0.146, 1.028),
(-0.412, 0.210, 1.038),
(-0.268, 0.273, 1.090),
(-0.022, 0.207, 1.050),
(0.170, -0.010, 0.969),
(0.106, -0.094, 1.011),
(-0.101, -0.027, 1.063),
(-0.113, 0.107, 1.258),
(0.183, -0.044, 1.140),
(0.362, -0.354, 0.866),
(0.316, -0.385, 0.631),
(0.319, -0.307, 0.565),
(0.531, -0.299, 0.475),
(0.698, -0.239, 0.491),
(0.594, -0.148, 0.552),
(0.434, -0.102, 0.543),
(0.450, -0.091, 0.537),
(0.588, -0.087, 0.750),
(0.301, -0.106, 0.874),
(0.240, -0.116, 0.845),
(0.520, -0.050, 0.830),
(0.416, -0.049, 0.912),
(0.444, -0.037, 0.911),
(0.428, -0.047, 0.892),
(0.431, -0.057, 0.856),
(0.462, -0.059, 0.797),
(0.500, -0.078, 0.750),
(0.498, -0.119, 0.716),
(0.460, -0.169, 0.635),
(0.361, -0.237, 0.603),
(0.219, -0.281, 0.610),
(0.156, -0.273, 0.687),
(0.170, -0.202, 0.806),
(0.109, -0.095, 0.915),
(0.009, -0.076, 0.923),
(0.054, -0.095, 0.878),
(0.052, -0.008, 0.972),
(-0.212, 0.237, 1.194),
(-0.223, 0.180, 1.147),
(-0.180, 0.126, 1.017),
(-0.166, 0.190, 1.056),
(-0.205, 0.275, 1.107),
(-0.336, 0.334, 1.103),
(-0.394, 0.282, 1.100),
(-0.383, 0.272, 1.012),
(-0.373, 0.308, 1.024),
(-0.420, 0.377, 1.009),
(-0.517, 0.461, 1.003),
(-0.490, 0.563, 1.033),
(-0.471, 0.621, 1.015),
(-0.504, 0.679, 0.958),
(-0.464, 0.807, 0.993),
(-0.411, 0.883, 1.044),
(-0.363, 0.846, 1.004),
(-0.328, 0.871, 1.028),
(-0.342, 0.816, 1.048),
(-0.397, 0.701, 0.997),
(-0.457, 0.608, 0.920),
(-0.478, 0.516, 0.879),
(-0.494, 0.403, 0.832),
(-0.495, 0.300, 0.812),
(-0.492, 0.238, 0.807),
(-0.485, 0.215, 0.805),
(-0.492, 0.196, 0.797),
(-0.497, 0.217, 0.815),
(-0.487, 0.252, 0.845),
(-0.482, 0.267, 0.930),
(-0.488, 0.276, 0.945),
(-0.507, 0.270, 0.953),
(-0.527, 0.244, 0.951),
(-0.537, 0.246, 0.956),
(-0.538, 0.243, 0.953),
(-0.537, 0.239, 0.946),
(-0.530, 0.216, 0.939),
(-0.534, 0.201, 0.928),
(-0.548, 0.200, 0.938),
(-0.553, 0.198, 0.919),
(-0.542, 0.178, 0.923),
(-0.533, 0.177, 0.925),
(-0.523, 0.164, 0.919),
(-0.506, 0.156, 0.902),
(-0.490, 0.143, 0.892),
(-0.472, 0.141, 0.874),
(-0.460, 0.157, 0.864),
(-0.456, 0.175, 0.870),
(-0.374, 0.156, 0.942),
(-0.385, 0.147, 0.946),
(-0.401, 0.147, 0.950),
(-0.405, 0.150, 0.938),
(-0.418, 0.153, 0.915),
(-0.416, 0.158, 0.900),
(-0.422, 0.161, 0.891),
(-0.431, 0.162, 0.896),
(-0.445, 0.161, 0.910),
(-0.453, 0.161, 0.921),
(-0.451, 0.157, 0.937),
(-0.448, 0.157, 0.948),
(-0.438, 0.146, 0.953),
(-0.435, 0.140, 0.957),
(-0.442, 0.147, 0.964),
(-0.448, 0.149, 0.965),
(-0.452, 0.145, 0.963),
(-0.454, 0.144, 0.969),
(-0.452, 0.147, 0.950),
(-0.446, 0.141, 0.937),
(-0.451, 0.143, 0.938),
(-0.452, 0.150, 0.931),
(-0.456, 0.149, 0.927),
(-0.452, 0.151, 0.928),
(-0.453, 0.151, 0.929),
(-0.451, 0.156, 0.938),
(-0.453, 0.159, 0.937),
(-0.457, 0.157, 0.937),
(-0.458, 0.156, 0.938),
(-0.461, 0.158, 0.938),
(-0.459, 0.155, 0.938),
(-0.460, 0.152, 0.936),
(-0.463, 0.153, 0.943),
(-0.460, 0.148, 0.936),
(-0.460, 0.137, 0.931),
(-0.461, 0.134, 0.933),
(-0.465, 0.126, 0.934),
(-0.464, 0.121, 0.936),
(-0.461, 0.120, 0.942),
(-0.460, 0.118, 0.942),
(-0.459, 0.114, 0.945),
(-0.458, 0.110, 0.944),
(-0.458, 0.109, 0.949),
(-0.456, 0.106, 0.951),
(-0.456, 0.104, 0.953),
(-0.454, 0.105, 0.954),
(-0.444, 0.100, 0.947),
(-0.445, 0.099, 0.943),
(-0.444, 0.101, 0.946),
(-0.422, 0.085, 0.946),
(-0.423, 0.086, 0.946),
(-0.424, 0.092, 0.944),
(-0.426, 0.092, 0.944),
(-0.422, 0.088, 0.945),
(-0.414, 0.081, 0.951),
(-0.409, 0.079, 0.956),
(-0.408, 0.078, 0.954),
(-0.419, 0.081, 0.957),
(-0.423, 0.080, 0.955),
(-0.417, 0.079, 0.958),
(-0.416, 0.077, 0.954),
(-0.413, 0.079, 0.961),
(-0.417, 0.075, 0.960),
(-0.416, 0.074, 0.959),
(-0.416, 0.072, 0.961),
(-0.415, 0.067, 0.961),
(-0.415, 0.060, 0.960),
(-0.412, 0.062, 0.961),
(-0.412, 0.064, 0.962),
(-0.411, 0.061, 0.963),
(-0.410, 0.063, 0.962),
(-0.409, 0.064, 0.958),
(-0.405, 0.057, 0.954),
(-0.398, 0.052, 0.954),
