,SENSOR_TYPE_x,X_AXIS_x,Y_AXIS_x,Z_AXIS_x,Time_since_start_x,timestamp,ACCEL_X,ACCEL_Y,ACCEL_Z,SENSOR_TYPE_y,X_AXIS_y,Y_AXIS_y,Z_AXIS_y,Time_since_start_y,GYRO_X,GYRO_Y,GYRO_Z
0,Accel_Log,-0.367,-0.652,-0.669,23349501450,2016-01-09 15:59:57.463,-0.367,-0.652,-0.669,,,,,,,,
1,Accel_Log,-0.372,-0.66,-0.683,23353105304,2016-01-09 15:59:57.503,-0.372,-0.66,-0.683,,,,,,,,
2,Accel_Log,-0.371,-0.656,-0.674,23354653064,2016-01-09 15:59:57.544,-0.371,-0.656,-0.674,,,,,,,,
3,Accel_Log,-0.374,-0.659,-0.673,23448839002,2016-01-09 15:59:57.583,-0.374,-0.659,-0.673,Gyro_Log,-1.402,-0.183,-2.195,23252454679.0,-1.402,-0.183,-2.195
4,Accel_Log,-0.376,-0.648,-0.679,23453462491,2016-01-09 15:59:57.623,-0.376,-0.648,-0.679,Gyro_Log,-1.463,-0.549,-1.829,23255960408.0,-1.463,-0.549,-1.829
5,Accel_Log,-0.372,-0.647,-0.678,23498977231,2016-01-09 15:59:57.662,-0.372,-0.647,-0.678,Gyro_Log,-1.402,-1.159,-1.463,23302015148.0,-1.402,-1.159,-1.463
6,Accel_Log,-0.377,-0.648,-0.676,23548855148,2016-01-09 15:59:57.702,-0.377,-0.648,-0.676,Gyro_Log,-1.037,-0.366,-0.793,23352313273.0,-1.037,-0.366,-0.793
7,Accel_Log,-0.383,-0.636,-0.697,23553184939,2016-01-09 15:59:57.741,-0.383,-0.636,-0.697,Gyro_Log,-0.732,-0.305,-0.366,23355250668.0,-0.732,-0.305,-0.366
8,Accel_Log,-0.382,-0.641,-0.682,23598971971,2016-01-09 15:59:57.781,-0.382,-0.641,-0.682,,,,,,,,
9,Accel_Log,-0.387,-0.645,-0.683,23602238793,2016-01-09 15:59:57.822,-0.387,-0.645,-0.683,Gyro_Log,-1.341,0.366,0.488,23404132960.0,-1.341,0.366,0.488
10,Accel_Log,-0.384,-0.645,-0.696,23649336971,2016-01-09 15:59:57.861,-0.384,-0.645,-0.696,Gyro_Log,-2.683,0.0,0.854,23451231502.0,-2.683,0.0,0.854
11,Accel_Log,-0.392,-0.639,-0.687,23651423741,2016-01-09 15:59:57.901,-0.392,-0.639,-0.687,Gyro_Log,-4.085,-0.305,-0.305,23453215929.0,-4.085,-0.305,-0.305
12,Accel_Log,-0.394,-0.641,-0.689,23698855356,2016-01-09 15:59:57.941,-0.394,-0.641,-0.689,Gyro_Log,-1.524,0.244,-1.463,23501502127.0,-1.524,0.244,-1.463
13,Accel_Log,-0.398,-0.647,-0.682,23702367856,2016-01-09 15:59:57.980,-0.398,-0.647,-0.682,Gyro_Log,-0.183,0.976,-2.439,23504847179.0,-0.183,0.976,-2.439
14,Accel_Log,-0.406,-0.643,-0.688,23748833846,2016-01-09 15:59:58.020,-0.406,-0.643,-0.688,Gyro_Log,-2.134,-0.488,-3.354,23551401137.0,-2.134,-0.488,-3.354
15,Accel_Log,-0.403,-0.638,-0.687,23752288325,2016-01-09 15:59:58.059,-0.403,-0.638,-0.687,,,,,,,,
16,Accel_Log,-0.389,-0.646,-0.679,23798847596,2016-01-09 15:59:58.100,-0.389,-0.646,-0.679,Gyro_Log,-0.488,-0.244,-7.744,23601450200.0,-0.488,-0.244,-7.744
17,Accel_Log,-0.397,-0.652,-0.679,23802328220,2016-01-09 15:59:58.140,-0.397,-0.652,-0.679,Gyro_Log,1.28,-0.244,-8.598,23604248793.0,1.28,-0.244,-8.598
18,Accel_Log,-0.385,-0.645,-0.675,23848858533,2016-01-09 15:59:58.179,-0.385,-0.645,-0.675,Gyro_Log,0.793,-0.305,-10.244,23651448689.0,0.793,-0.305,-10.244
19,Accel_Log,-0.385,-0.65,-0.671,23852313429,2016-01-09 15:59:58.219,-0.385,-0.65,-0.671,Gyro_Log,-0.305,0.0,-13.415,23654775199.0,-0.305,0.0,-13.415
20,Accel_Log,-0.38,-0.641,-0.667,23898856294,2016-01-09 15:59:58.258,-0.38,-0.641,-0.667,Gyro_Log,0.183,0.671,-18.171,23799668377.0,0.183,0.671,-18.171
21,Accel_Log,-0.361,-0.646,-0.67,24000880616,2016-01-09 15:59:58.298,-0.361,-0.646,-0.67,,,,,,,,
22,Accel_Log,-0.344,-0.649,-0.66,24004477752,2016-01-09 15:59:58.339,-0.344,-0.649,-0.66,Gyro_Log,0.061,3.293,-26.829,23849636346.0,0.061,3.293,-26.829
23,Accel_Log,-0.362,-0.652,-0.667,24051702700,2016-01-09 15:59:58.379,-0.362,-0.652,-0.667,Gyro_Log,-1.28,2.683,-30.366,23853653533.0,-1.28,2.683,-30.366
24,Accel_Log,-0.349,-0.656,-0.675,24054052491,2016-01-09 15:59:58.418,-0.349,-0.656,-0.675,Gyro_Log,-3.171,5.366,-32.927,23901017908.0,-3.171,5.366,-32.927
25,Accel_Log,-0.362,-0.674,-0.672,24102117179,2016-01-09 15:59:58.458,-0.362,-0.674,-0.672,Gyro_Log,-5.305,9.207,-33.963,23904451658.0,-5.305,9.207,-33.963
26,Accel_Log,-0.335,-0.68,-0.69,24104902856,2016-01-09 15:59:58.497,-0.335,-0.68,-0.69,Gyro_Log,-5.61,8.476,-36.159,23949736085.0,-5.61,8.476,-36.159
27,Accel_Log,-0.287,-0.679,-0.689,24151006710,2016-01-09 15:59:58.537,-0.287,-0.679,-0.689,Gyro_Log,-5.122,8.415,-40.244,23953112387.0,-5.122,8.415,-40.244
28,Accel_Log,-0.255,-0.688,-0.716,24153456918,2016-01-09 15:59:58.576,-0.255,-0.688,-0.716,,,,,,,,
29,Accel_Log,-0.199,-0.67,-0.72,24201847075,2016-01-09 15:59:58.617,-0.199,-0.67,-0.72,Gyro_Log,-3.537,2.866,-46.159,24004497804.0,-3.537,2.866,-46.159
30,Accel_Log,-0.183,-0.683,-0.712,24248840564,2016-01-09 15:59:58.657,-0.183,-0.683,-0.712,Gyro_Log,-6.646,4.878,-45.244,24051536710.0,-6.646,4.878,-45.244
31,Accel_Log,-0.127,-0.675,-0.717,24252512075,2016-01-09 15:59:58.696,-0.127,-0.675,-0.717,Gyro_Log,-6.159,3.476,-41.524,24055168897.0,-6.159,3.476,-41.524
32,Accel_Log,-0.115,-0.659,-0.725,24298838846,2016-01-09 15:59:58.736,-0.115,-0.659,-0.725,Gyro_Log,-9.634,2.866,-42.439,24101605356.0,-9.634,2.866,-42.439
33,Accel_Log,-0.076,-0.672,-0.757,24302944887,2016-01-09 15:59:58.776,-0.076,-0.672,-0.757,Gyro_Log,-11.22,-1.768,-43.72,24105441866.0,-11.22,-1.768,-43.72
34,Accel_Log,-0.041,-0.686,-0.759,24348811294,2016-01-09 15:59:58.815,-0.041,-0.686,-0.759,Gyro_Log,-7.622,0.122,-41.098,24152567387.0,-7.622,0.122,-41.098
35,Accel_Log,-0.026,-0.668,-0.743,24352969054,2016-01-09 15:59:58.856,-0.026,-0.668,-0.743,Gyro_Log,-5.061,-2.134,-37.622,24155203481.0,-5.061,-2.134,-37.622
36,Accel_Log,0.003,-0.644,-0.747,24400245460,2016-01-09 15:59:58.896,0.003,-0.644,-0.747,Gyro_Log,-3.293,-2.5,-33.049,24202928272.0,-3.293,-2.5,-33.049
37,Accel_Log,0.023,-0.658,-0.747,24403872074,2016-01-09 15:59:58.935,0.023,-0.658,-0.747,Gyro_Log,-1.28,-2.927,-29.329,24205654366.0,-1.28,-2.927,-29.329
38,Accel_Log,0.027,-0.648,-0.727,24450176710,2016-01-09 15:59:58.975,0.027,-0.648,-0.727,Gyro_Log,3.171,-4.878,-25.732,24252796554.0,3.171,-4.878,-25.732
39,Accel_Log,0.031,-0.656,-0.738,24453341710,2016-01-09 15:59:59.014,0.031,-0.656,-0.738,Gyro_Log,5.488,-2.622,-24.634,24255244001.0,5.488,-2.622,-24.634
40,Accel_Log,0.048,-0.69,-0.724,24500286866,2016-01-09 15:59:59.054,0.048,-0.69,-0.724,Gyro_Log,5.915,-2.012,-24.085,24302990147.0,5.915,-2.012,-24.085
41,Accel_Log,0.045,-0.684,-0.657,24503668481,2016-01-09 15:59:59.134,0.045,-0.684,-0.657,Gyro_Log,7.866,-0.976,-18.72,24305619106.0,7.866,-0.976,-18.72
42,Accel_Log,0.04,-0.698,-0.637,24550222648,2016-01-09 15:59:59.174,0.04,-0.698,-0.637,Gyro_Log,10.915,-0.671,-18.537,24352866814.0,10.915,-0.671,-18.537
43,Accel_Log,0.033,-0.719,-0.652,24553476554,2016-01-09 15:59:59.214,0.033,-0.719,-0.652,Gyro_Log,13.598,-0.122,-18.963,24355454470.0,13.598,-0.122,-18.963
44,Accel_Log,0.037,-0.731,-0.647,24600238585,2016-01-09 15:59:59.253,0.037,-0.731,-0.647,Gyro_Log,15.549,3.293,-17.866,24402869470.0,15.549,3.293,-17.866
45,Accel_Log,0.048,-0.745,-0.641,24603536293,2016-01-09 15:59:59.294,0.048,-0.745,-0.641,Gyro_Log,15.549,4.268,-15.427,24405549210.0,15.549,4.268,-15.427
46,Accel_Log,0.07,-0.747,-0.641,24650215512,2016-01-09 15:59:59.332,0.07,-0.747,-0.641,Gyro_Log,16.707,1.159,-13.841,24452861502.0,16.707,1.159,-13.841
47,Accel_Log,0.093,-0.757,-0.61,24653613064,2016-01-09 15:59:59.372,0.093,-0.757,-0.61,,,,,,,,
48,Accel_Log,0.106,-0.765,-0.598,24700185773,2016-01-09 15:59:59.413,0.106,-0.765,-0.598,Gyro_Log,15.61,5.366,-13.841,24502861710.0,15.61,5.366,-13.841
49,Accel_Log,0.121,-0.737,-0.59,24703468481,2016-01-09 15:59:59.452,0.121,-0.737,-0.59,Gyro_Log,14.268,6.768,-17.134,24505431449.0,14.268,6.768,-17.134
50,Accel_Log,0.142,-0.724,-0.558,24750226814,2016-01-09 15:59:59.492,0.142,-0.724,-0.558,Gyro_Log,11.28,7.256,-18.476,24552905668.0,11.28,7.256,-18.476
51,Accel_Log,0.147,-0.732,-0.555,24753645668,2016-01-09 15:59:59.531,0.147,-0.732,-0.555,Gyro_Log,12.378,7.134,-16.341,24555650616.0,12.378,7.134,-16.341
52,Accel_Log,0.152,-0.74,-0.553,24799465460,2016-01-09 15:59:59.571,0.152,-0.74,-0.553,Gyro_Log,11.646,2.073,-13.293,24699655564.0,11.646,2.073,-13.293
53,Accel_Log,0.162,-0.754,-0.531,24900945929,2016-01-09 15:59:59.611,0.162,-0.754,-0.531,,,,,,,,
54,Accel_Log,0.193,-0.75,-0.54,24904534626,2016-01-09 15:59:59.652,0.193,-0.75,-0.54,Gyro_Log,6.768,1.646,-9.329,24749640512.0,6.768,1.646,-9.329
55,Accel_Log,0.183,-0.745,-0.535,24951801970,2016-01-09 15:59:59.691,0.183,-0.745,-0.535,Gyro_Log,5.793,2.805,-7.622,24753623637.0,5.793,2.805,-7.622
56,Accel_Log,0.16,-0.746,-0.526,24954374835,2016-01-09 15:59:59.731,0.16,-0.746,-0.526,Gyro_Log,0.915,2.378,-6.707,24800926345.0,0.915,2.378,-6.707
57,Accel_Log,0.185,-0.745,-0.543,25002952439,2016-01-09 15:59:59.770,0.185,-0.745,-0.543,Gyro_Log,-4.817,5.427,-4.207,24804950720.0,-4.817,5.427,-4.207
58,Accel_Log,0.214,-0.743,-0.561,25050197752,2016-01-09 15:59:59.810,0.214,-0.743,-0.561,Gyro_Log,-8.72,2.561,-2.012,24852819522.0,-8.72,2.561,-2.012
59,Accel_Log,0.168,-0.721,-0.57,25053432283,2016-01-09 15:59:59.849,0.168,-0.721,-0.57,Gyro_Log,-12.744,-0.732,-0.854,24855424001.0,-12.744,-0.732,-0.854
60,Accel_Log,0.174,-0.708,-0.587,25098925773,2016-01-09 15:59:59.889,0.174,-0.708,-0.587,,,,,,,,
61,Accel_Log,0.155,-0.707,-0.609,25103216606,2016-01-09 15:59:59.930,0.155,-0.707,-0.609,Gyro_Log,-24.817,2.622,4.451,24950127179.0,-24.817,2.622,4.451
62,Accel_Log,0.154,-0.694,-0.644,25151369783,2016-01-09 15:59:59.969,0.154,-0.694,-0.644,Gyro_Log,-29.268,-2.012,4.451,24953993741.0,-29.268,-2.012,4.451
63,Accel_Log,0.152,-0.671,-0.678,25154946293,2016-01-09 16:00:00.009,0.152,-0.671,-0.678,Gyro_Log,-36.89,-0.793,3.72,24999691918.0,-36.89,-0.793,3.72
64,Accel_Log,0.151,-0.651,-0.716,25201020095,2016-01-09 16:00:00.049,0.151,-0.651,-0.716,Gyro_Log,-42.5,-3.963,3.354,25003886918.0,-42.5,-3.963,3.354
65,Accel_Log,0.139,-0.615,-0.787,25204844106,2016-01-09 16:00:00.088,0.139,-0.615,-0.787,Gyro_Log,-46.951,-7.439,2.866,25049713273.0,-46.951,-7.439,2.866
66,Accel_Log,0.124,-0.595,-0.813,25251206762,2016-01-09 16:00:00.128,0.124,-0.595,-0.813,,,,,,,,
67,Accel_Log,0.122,-0.542,-0.845,25254708064,2016-01-09 16:00:00.169,0.122,-0.542,-0.845,Gyro_Log,-50.549,-7.439,4.939,25099654627.0,-50.549,-7.439,4.939
68,Accel_Log,0.131,-0.497,-0.864,25300915095,2016-01-09 16:00:00.208,0.131,-0.497,-0.864,Gyro_Log,-51.951,-5.61,6.707,25103587491.0,-51.951,-5.61,6.707
69,Accel_Log,0.108,-0.463,-0.873,25304476345,2016-01-09 16:00:00.248,0.108,-0.463,-0.873,Gyro_Log,-51.585,-7.256,7.256,25149731710.0,-51.585,-7.256,7.256
70,Accel_Log,0.087,-0.418,-0.886,25351057491,2016-01-09 16:00:00.287,0.087,-0.418,-0.886,Gyro_Log,-51.341,-3.963,6.098,25153672543.0,-51.341,-3.963,6.098
71,Accel_Log,0.08,-0.401,-0.895,25354593064,2016-01-09 16:00:00.327,0.08,-0.401,-0.895,Gyro_Log,-50.427,1.402,5.305,25199698481.0,-50.427,1.402,5.305
72,Accel_Log,0.085,-0.406,-0.908,25401833012,2016-01-09 16:00:00.366,0.085,-0.406,-0.908,Gyro_Log,-49.695,3.232,4.878,25203758793.0,-49.695,3.232,4.878
73,Accel_Log,0.094,-0.389,-0.91,25404357022,2016-01-09 16:00:00.406,0.094,-0.389,-0.91,,,,,,,,
74,Accel_Log,0.093,-0.354,-0.924,25451206606,2016-01-09 16:00:00.447,0.093,-0.354,-0.924,Gyro_Log,-47.073,6.098,2.561,25253670147.0,-47.073,6.098,2.561
75,Accel_Log,0.068,-0.347,-0.931,25454003481,2016-01-09 16:00:00.486,0.068,-0.347,-0.931,Gyro_Log,-42.012,7.073,2.866,25299706554.0,-42.012,7.073,2.866
76,Accel_Log,0.085,-0.326,-0.952,25501047127,2016-01-09 16:00:00.526,0.085,-0.326,-0.952,Gyro_Log,-41.951,4.512,3.171,25302862856.0,-41.951,4.512,3.171
77,Accel_Log,0.079,-0.296,-0.959,25503196293,2016-01-09 16:00:00.566,0.079,-0.296,-0.959,Gyro_Log,-41.768,0.427,0.732,25349665564.0,-41.768,0.427,0.732
78,Accel_Log,0.091,-0.274,-0.953,25551593168,2016-01-09 16:00:00.605,0.091,-0.274,-0.953,Gyro_Log,-40.305,-4.451,-2.134,25353355668.0,-40.305,-4.451,-2.134
79,Accel_Log,0.129,-0.258,-0.957,25553590616,2016-01-09 16:00:00.645,0.129,-0.258,-0.957,Gyro_Log,-38.415,-3.659,-2.134,25399629991.0,-38.415,-3.659,-2.134
80,Accel_Log,0.105,-0.243,-0.966,25600848533,2016-01-09 16:00:00.684,0.105,-0.243,-0.966,,,,,,,,
81,Accel_Log,0.091,-0.222,-0.973,25604134418,2016-01-09 16:00:00.725,0.091,-0.222,-0.973,Gyro_Log,-36.22,-9.512,-1.585,25449679158.0,-36.22,-9.512,-1.585
82,Accel_Log,0.072,-0.212,-0.958,25650958064,2016-01-09 16:00:00.765,0.072,-0.212,-0.958,Gyro_Log,-36.402,-2.927,-0.122,25453383272.0,-36.402,-2.927,-0.122
83,Accel_Log,0.097,-0.172,-0.968,25654250668,2016-01-09 16:00:00.804,0.097,-0.172,-0.968,Gyro_Log,-35.976,-1.951,0.854,25499674262.0,-35.976,-1.951,0.854
84,Accel_Log,0.073,-0.172,-0.904,25798739158,2016-01-09 16:00:00.883,0.073,-0.172,-0.904,Gyro_Log,-35.976,0.244,2.683,25601429366.0,-35.976,0.244,2.683
85,Accel_Log,0.052,-0.127,-0.939,25802266345,2016-01-09 16:00:00.923,0.052,-0.127,-0.939,,,,,,,,
86,Accel_Log,0.001,-0.107,-1.028,25850477231,2016-01-09 16:00:00.964,0.001,-0.107,-1.028,Gyro_Log,-40.244,5.183,-9.024,25652471501.0,-40.244,5.183,-9.024
87,Accel_Log,0.026,-0.029,-1.029,25852799679,2016-01-09 16:00:01.004,0.026,-0.029,-1.029,Gyro_Log,-46.28,3.293,-15.183,25699554470.0,-46.28,3.293,-15.183
88,Accel_Log,0.09,0.048,-1.005,25900268429,2016-01-09 16:00:01.043,0.09,0.048,-1.005,,,,,,,,
89,Accel_Log,0.193,0.07,-1.023,25903576918,2016-01-09 16:00:01.083,0.193,0.07,-1.023,Gyro_Log,-48.659,-21.28,-13.598,25749769575.0,-48.659,-21.28,-13.598
90,Accel_Log,0.214,0.097,-1.082,25950708897,2016-01-09 16:00:01.122,0.214,0.097,-1.082,Gyro_Log,-46.89,-32.744,6.098,25752969106.0,-46.89,-32.744,6.098
91,Accel_Log,0.047,0.178,-1.111,25953248116,2016-01-09 16:00:01.162,0.047,0.178,-1.111,Gyro_Log,-47.012,-28.232,18.78,25800120147.0,-47.012,-28.232,18.78
92,Accel_Log,-0.081,0.271,-1.048,26002204731,2016-01-09 16:00:01.201,-0.081,0.271,-1.048,,,,,,,,
93,Accel_Log,-0.05,0.219,-1.066,26004279470,2016-01-09 16:00:01.242,-0.05,0.219,-1.066,Gyro_Log,-41.098,10.366,-5.549,25849843012.0,-41.098,10.366,-5.549
94,Accel_Log,0.047,0.226,-1.028,26051671137,2016-01-09 16:00:01.282,0.047,0.226,-1.028,Gyro_Log,-30.732,-11.037,-3.537,25854604366.0,-30.732,-11.037,-3.537
95,Accel_Log,0.006,0.252,-0.939,26055698376,2016-01-09 16:00:01.321,0.006,0.252,-0.939,Gyro_Log,-19.085,-23.415,-0.488,25906999782.0,-19.085,-23.415,-0.488
96,Accel_Log,-0.004,0.247,-0.958,26118301033,2016-01-09 16:00:01.361,-0.004,0.247,-0.958,Gyro_Log,-6.89,-5.549,4.634,25928333011.0,-6.89,-5.549,4.634
97,Accel_Log,0.01,0.233,-0.986,26136504470,2016-01-09 16:00:01.401,0.01,0.233,-0.986,Gyro_Log,-8.72,4.268,7.622,25963970199.0,-8.72,4.268,7.622
98,Accel_Log,0.016,0.224,-0.982,26164812960,2016-01-09 16:00:01.440,0.016,0.224,-0.982,,,,,,,,
99,Accel_Log,0.008,0.238,-0.961,26167314834,2016-01-09 16:00:01.481,0.008,0.238,-0.961,Gyro_Log,-4.39,-2.927,-0.61,26004026397.0,-4.39,-2.927,-0.61
100,Accel_Log,0.005,0.238,-0.961,26205080303,2016-01-09 16:00:01.521,0.005,0.238,-0.961,Gyro_Log,3.171,-3.293,0.183,26007111084.0,3.171,-3.293,0.183
101,Accel_Log,0.036,0.234,-0.96,26208070877,2016-01-09 16:00:01.560,0.036,0.234,-0.96,Gyro_Log,0.061,2.988,0.488,26049836918.0,0.061,2.988,0.488
102,Accel_Log,0.061,0.281,-0.981,26251032283,2016-01-09 16:00:01.600,0.061,0.281,-0.981,Gyro_Log,-2.622,3.963,-4.939,26053328272.0,-2.622,3.963,-4.939
103,Accel_Log,0.078,0.315,-0.995,26253854783,2016-01-09 16:00:01.639,0.078,0.315,-0.995,Gyro_Log,-1.037,-0.915,-5.366,26100782126.0,-1.037,-0.915,-5.366
104,Accel_Log,0.064,0.288,-0.995,26302406344,2016-01-09 16:00:01.679,0.064,0.288,-0.995,Gyro_Log,-0.427,-3.78,0.793,26104467959.0,-0.427,-3.78,0.793
105,Accel_Log,0.0,0.248,-0.989,26304929729,2016-01-09 16:00:01.718,0.0,0.248,-0.989,,,,,,,,
106,Accel_Log,0.002,0.246,-0.996,26351785563,2016-01-09 16:00:01.759,0.002,0.246,-0.996,Gyro_Log,-5.671,-3.171,8.171,26161892386.0,-5.671,-3.171,8.171
107,Accel_Log,0.037,0.237,-1.017,26364199834,2016-01-09 16:00:01.799,0.037,0.237,-1.017,Gyro_Log,-1.646,-2.073,12.988,26202589782.0,-1.646,-2.073,12.988
108,Accel_Log,-0.016,0.192,-1.048,26404916761,2016-01-09 16:00:01.839,-0.016,0.192,-1.048,Gyro_Log,3.049,-10.488,14.939,26208108792.0,3.049,-10.488,14.939
109,Accel_Log,-0.04,0.154,-1.075,26412202022,2016-01-09 16:00:01.878,-0.04,0.154,-1.075,Gyro_Log,4.634,-10.61,9.146,26250814313.0,4.634,-10.61,9.146
110,Accel_Log,-0.025,0.163,-1.035,26460527074,2016-01-09 16:00:01.918,-0.025,0.163,-1.035,Gyro_Log,1.585,-4.024,2.683,26267157907.0,1.585,-4.024,2.683
111,Accel_Log,-0.023,0.167,-1.021,26471821084,2016-01-09 16:00:01.957,-0.023,0.167,-1.021,Gyro_Log,1.89,-7.744,9.695,26305642021.0,1.89,-7.744,9.695
112,Accel_Log,-0.051,0.145,-1.002,26512725667,2016-01-09 16:00:01.997,-0.051,0.145,-1.002,,,,,,,,
113,Accel_Log,-0.088,0.136,-0.982,26524971448,2016-01-09 16:00:02.038,-0.088,0.136,-0.982,Gyro_Log,7.683,-13.11,15.854,26360711187.0,7.683,-13.11,15.854
114,Accel_Log,-0.084,0.143,-0.973,26567911188,2016-01-09 16:00:02.077,-0.084,0.143,-0.973,Gyro_Log,7.134,-5.976,14.024,26372620459.0,7.134,-5.976,14.024
115,Accel_Log,-0.068,0.119,-0.984,26600780199,2016-01-09 16:00:02.117,-0.068,0.119,-0.984,Gyro_Log,4.207,-1.098,14.512,26415584990.0,4.207,-1.098,14.512
116,Accel_Log,-0.063,0.096,-0.958,26700807019,2016-01-09 16:00:02.156,-0.063,0.096,-0.958,Gyro_Log,3.476,2.866,17.622,26516226708.0,3.476,2.866,17.622
117,Accel_Log,-0.08,0.094,-0.977,26724597491,2016-01-09 16:00:02.196,-0.08,0.094,-0.977,Gyro_Log,2.805,7.744,19.146,26533006710.0,2.805,7.744,19.146
118,Accel_Log,-0.031,0.099,-1.003,26759551032,2016-01-09 16:00:02.236,-0.031,0.099,-1.003,,,,,,,,
119,Accel_Log,-0.028,0.109,-1.059,26775931292,2016-01-09 16:00:02.277,-0.028,0.109,-1.059,Gyro_Log,4.817,4.512,13.415,26584444156.0,4.817,4.512,13.415
120,Accel_Log,-0.088,0.127,-1.061,26801624730,2016-01-09 16:00:02.316,-0.088,0.127,-1.061,Gyro_Log,9.695,4.329,13.72,26612926500.0,9.695,4.329,13.72
121,Accel_Log,-0.076,0.099,-1.05,26813050094,2016-01-09 16:00:02.356,-0.076,0.099,-1.05,Gyro_Log,12.561,7.805,9.878,26615214313.0,12.561,7.805,9.878
122,Accel_Log,-0.05,0.08,-1.079,26848478375,2016-01-09 16:00:02.395,-0.05,0.08,-1.079,Gyro_Log,12.134,13.659,10.183,26652202854.0,12.134,13.659,10.183
123,Accel_Log,-0.055,0.06,-1.041,26852703063,2016-01-09 16:00:02.435,-0.055,0.06,-1.041,Gyro_Log,7.256,9.939,9.207,26654730302.0,7.256,9.939,9.207
124,Accel_Log,-0.035,0.069,-1.038,26898497699,2016-01-09 16:00:02.474,-0.035,0.069,-1.038,Gyro_Log,4.756,6.463,6.585,26702149782.0,4.756,6.463,6.585
125,Accel_Log,-0.044,0.084,-1.001,26902677438,2016-01-09 16:00:02.514,-0.044,0.084,-1.001,,,,,,,,
126,Accel_Log,-0.016,0.076,-0.982,26948490197,2016-01-09 16:00:02.555,-0.016,0.076,-0.982,Gyro_Log,7.988,4.085,-4.268,26752061290.0,7.988,4.085,-4.268
127,Accel_Log,0.059,0.069,-0.978,26952679832,2016-01-09 16:00:02.634,0.059,0.069,-0.978,Gyro_Log,11.037,12.744,-10.61,26754661759.0,11.037,12.744,-10.61
128,Accel_Log,0.064,0.064,-0.964,26998505358,2016-01-09 16:00:02.674,0.064,0.064,-0.964,Gyro_Log,9.024,13.537,-8.049,26802307336.0,9.024,13.537,-8.049
129,Accel_Log,0.071,0.042,-0.989,27002878795,2016-01-09 16:00:02.713,0.071,0.042,-0.989,Gyro_Log,7.012,14.024,-10.549,26804878690.0,7.012,14.024,-10.549
130,Accel_Log,0.111,0.067,-1.032,27048488527,2016-01-09 16:00:02.753,0.111,0.067,-1.032,,,,,,,,
131,Accel_Log,0.167,0.01,-1.016,27052663840,2016-01-09 16:00:02.794,0.167,0.01,-1.016,Gyro_Log,10.0,14.329,-15.854,26854748215.0,10.0,14.329,-15.854
132,Accel_Log,0.154,-0.011,-0.99,27098509418,2016-01-09 16:00:02.833,0.154,-0.011,-0.99,Gyro_Log,12.5,13.963,-13.171,26902117387.0,12.5,13.963,-13.171
133,Accel_Log,0.172,-0.022,-0.972,27102683220,2016-01-09 16:00:02.873,0.172,-0.022,-0.972,Gyro_Log,14.634,14.756,-15.427,26904693793.0,14.634,14.756,-15.427
134,Accel_Log,0.196,-0.071,-0.945,27148484989,2016-01-09 16:00:02.912,0.196,-0.071,-0.945,Gyro_Log,14.268,14.634,-16.22,26952191656.0,14.268,14.634,-16.22
135,Accel_Log,0.132,-0.081,-0.972,27152683739,2016-01-09 16:00:02.952,0.132,-0.081,-0.972,Gyro_Log,16.951,11.22,-15.793,26954716135.0,16.951,11.22,-15.793
136,Accel_Log,0.136,-0.083,-0.978,27203418011,2016-01-09 16:00:02.991,0.136,-0.083,-0.978,,,,,,,,
137,Accel_Log,0.188,-0.09,-0.981,27235304417,2016-01-09 16:00:03.031,0.188,-0.09,-0.981,,,,,,,,
138,Accel_Log,0.189,-0.086,-0.969,27263146032,2016-01-09 16:00:03.072,0.189,-0.086,-0.969,Gyro_Log,19.085,12.012,-14.817,27072238271.0,19.085,12.012,-14.817
139,Accel_Log,0.139,-0.078,-0.985,27272796449,2016-01-09 16:00:03.111,0.139,-0.078,-0.985,Gyro_Log,16.89,5.183,-13.72,27074732230.0,16.89,5.183,-13.72
140,Accel_Log,0.157,-0.086,-1.002,27298509833,2016-01-09 16:00:03.151,0.157,-0.086,-1.002,Gyro_Log,15.244,0.244,-14.939,27102216499.0,15.244,0.244,-14.939
141,Accel_Log,0.187,-0.09,-1.009,27302850145,2016-01-09 16:00:03.191,0.187,-0.09,-1.009,Gyro_Log,14.512,-2.378,-17.134,27104850197.0,14.512,-2.378,-17.134
142,Accel_Log,0.14,-0.1,-0.993,27349912592,2016-01-09 16:00:03.230,0.14,-0.1,-0.993,Gyro_Log,16.098,-3.171,-17.195,27152742072.0,16.098,-3.171,-17.195
143,Accel_Log,0.143,-0.113,-1.006,27353220978,2016-01-09 16:00:03.270,0.143,-0.113,-1.006,Gyro_Log,16.646,-3.841,-14.268,27199273168.0,16.646,-3.841,-14.268
144,Accel_Log,0.156,-0.122,-1.024,27401378689,2016-01-09 16:00:03.311,0.156,-0.122,-1.024,Gyro_Log,15.549,-7.256,-14.39,27203511658.0,15.549,-7.256,-14.39
145,Accel_Log,0.131,-0.128,-1.038,27403965720,2016-01-09 16:00:03.350,0.131,-0.128,-1.038,Gyro_Log,16.341,-12.439,-16.829,27249301969.0,16.341,-12.439,-16.829
146,Accel_Log,0.124,-0.146,-1.029,27451387437,2016-01-09 16:00:03.390,0.124,-0.146,-1.029,Gyro_Log,17.317,-8.537,-19.634,27253496604.0,17.317,-8.537,-19.634
147,Accel_Log,0.147,-0.166,-0.961,27453978270,2016-01-09 16:00:03.429,0.147,-0.166,-0.961,Gyro_Log,17.012,-4.695,-19.512,27399170561.0,17.012,-4.695,-19.512
148,Accel_Log,0.121,-0.165,-0.911,27601568530,2016-01-09 16:00:03.469,0.121,-0.165,-0.911,Gyro_Log,16.646,-5.976,-19.146,27403714207.0,16.646,-5.976,-19.146
149,Accel_Log,0.122,-0.163,-0.905,27604199363,2016-01-09 16:00:03.508,0.122,-0.163,-0.905,Gyro_Log,15.854,-10.244,-19.207,27449268845.0,15.854,-10.244,-19.207
150,Accel_Log,0.119,-0.18,-0.904,27651326813,2016-01-09 16:00:03.548,0.119,-0.18,-0.904,,,,,,,,
151,Accel_Log,0.121,-0.214,-0.884,27653923011,2016-01-09 16:00:03.589,0.121,-0.214,-0.884,Gyro_Log,15.0,-7.927,-11.524,27499246969.0,15.0,-7.927,-11.524
152,Accel_Log,0.151,-0.2,-0.928,27701506135,2016-01-09 16:00:03.629,0.151,-0.2,-0.928,Gyro_Log,16.585,-11.829,-6.159,27503758062.0,16.585,-11.829,-6.159
153,Accel_Log,0.153,-0.2,-0.965,27704211239,2016-01-09 16:00:03.668,0.153,-0.2,-0.965,Gyro_Log,17.073,-10.183,-4.268,27549246030.0,17.073,-10.183,-4.268
154,Accel_Log,0.154,-0.225,-0.993,27751295666,2016-01-09 16:00:03.708,0.154,-0.225,-0.993,Gyro_Log,16.159,-8.232,-1.646,27553432749.0,16.159,-8.232,-1.646
155,Accel_Log,0.152,-0.271,-0.994,27753881812,2016-01-09 16:00:03.747,0.152,-0.271,-0.994,Gyro_Log,14.146,-1.768,0.244,27599252228.0,14.146,-1.768,0.244
156,Accel_Log,0.147,-0.295,-0.981,27801520249,2016-01-09 16:00:03.787,0.147,-0.295,-0.981,Gyro_Log,9.878,-4.756,3.598,27603716447.0,9.878,-4.756,3.598
157,Accel_Log,0.111,-0.284,-0.989,27804188322,2016-01-09 16:00:03.826,0.111,-0.284,-0.989,,,,,,,,
158,Accel_Log,0.094,-0.254,-0.99,27851321136,2016-01-09 16:00:03.867,0.094,-0.254,-0.99,Gyro_Log,0.183,0.427,10.427,27653424104.0,0.183,0.427,10.427
159,Accel_Log,0.116,-0.244,-0.97,27853878271,2016-01-09 16:00:03.907,0.116,-0.244,-0.97,Gyro_Log,-1.463,2.134,15.305,27699267437.0,-1.463,2.134,15.305
160,Accel_Log,0.116,-0.201,-0.993,27901673531,2016-01-09 16:00:03.946,0.116,-0.201,-0.993,Gyro_Log,-1.89,-1.951,17.622,27703867489.0,-1.89,-1.951,17.622
161,Accel_Log,0.112,-0.167,-0.994,27904322281,2016-01-09 16:00:03.986,0.112,-0.167,-0.994,Gyro_Log,-2.439,-2.744,18.963,27799274314.0,-2.439,-2.744,18.963
162,Accel_Log,0.092,-0.193,-0.953,28001608377,2016-01-09 16:00:04.026,0.092,-0.193,-0.953,Gyro_Log,-3.537,-6.098,24.878,27803757075.0,-3.537,-6.098,24.878
163,Accel_Log,0.059,-0.192,-0.96,28004214627,2016-01-09 16:00:04.065,0.059,-0.192,-0.96,,,,,,,,
164,Accel_Log,0.085,-0.167,-0.973,28094077437,2016-01-09 16:00:04.106,0.085,-0.167,-0.973,Gyro_Log,-5.183,-9.451,37.744,27911584781.0,-5.183,-9.451,37.744
165,Accel_Log,0.067,-0.186,-0.93,28112269989,2016-01-09 16:00:04.146,0.067,-0.186,-0.93,Gyro_Log,-6.768,-7.927,34.878,27914447229.0,-6.768,-7.927,34.878
166,Accel_Log,0.063,-0.175,-0.95,28114922281,2016-01-09 16:00:04.185,0.063,-0.175,-0.95,Gyro_Log,-3.476,-6.037,31.341,27916914833.0,-3.476,-6.037,31.341
167,Accel_Log,0.05,-0.179,-0.966,28117372385,2016-01-09 16:00:04.225,0.05,-0.179,-0.966,Gyro_Log,-2.805,0.122,28.598,27949389468.0,-2.805,0.122,28.598
168,Accel_Log,0.034,-0.19,-0.984,28151552280,2016-01-09 16:00:04.264,0.034,-0.19,-0.984,Gyro_Log,-6.768,5.061,25.488,27953621603.0,-6.768,5.061,25.488
169,Accel_Log,0.073,-0.177,-0.987,28154067645,2016-01-09 16:00:04.304,0.073,-0.177,-0.987,Gyro_Log,-5.732,10.366,27.378,27999602698.0,-5.732,10.366,27.378
170,Accel_Log,0.008,-0.19,-1.028,28201404260,2016-01-09 16:00:04.384,0.008,-0.19,-1.028,Gyro_Log,-6.037,12.744,34.634,28004341239.0,-6.037,12.744,34.634
171,Accel_Log,0.021,-0.186,-1.006,28248498635,2016-01-09 16:00:04.424,0.021,-0.186,-1.006,Gyro_Log,-8.171,17.866,32.073,28052189051.0,-8.171,17.866,32.073
172,Accel_Log,0.033,-0.171,-0.996,28252738322,2016-01-09 16:00:04.464,0.033,-0.171,-0.996,Gyro_Log,-10.488,22.439,33.293,28054773061.0,-10.488,22.439,33.293
173,Accel_Log,0.041,-0.144,-0.993,28298445249,2016-01-09 16:00:04.503,0.041,-0.144,-0.993,Gyro_Log,-12.866,14.878,31.585,28102060041.0,-12.866,14.878,31.585
174,Accel_Log,0.0,-0.159,-1.002,28302598322,2016-01-09 16:00:04.544,0.0,-0.159,-1.002,Gyro_Log,-11.341,13.72,27.866,28104912489.0,-11.341,13.72,27.866
175,Accel_Log,0.004,-0.14,-0.978,28348488740,2016-01-09 16:00:04.582,0.004,-0.14,-0.978,Gyro_Log,-10.366,8.293,23.598,28152137698.0,-10.366,8.293,23.598
176,Accel_Log,-0.022,-0.135,-0.999,28352656552,2016-01-09 16:00:04.623,-0.022,-0.135,-0.999,Gyro_Log,-8.72,5.427,18.72,28154701864.0,-8.72,5.427,18.72
177,Accel_Log,-0.022,-0.138,-0.984,28398479833,2016-01-09 16:00:04.663,-0.022,-0.138,-0.984,Gyro_Log,-4.268,-0.976,13.537,28202112645.0,-4.268,-0.976,13.537
178,Accel_Log,0.02,-0.15,-1.005,28402731760,2016-01-09 16:00:04.702,0.02,-0.15,-1.005,Gyro_Log,-3.72,-2.622,10.671,28204756968.0,-3.72,-2.622,10.671
179,Accel_Log,-0.049,-0.17,-1.012,28449890249,2016-01-09 16:00:04.742,-0.049,-0.17,-1.012,Gyro_Log,-1.037,-6.585,4.878,28352477072.0,-1.037,-6.585,4.878
180,Accel_Log,-0.066,-0.159,-1.003,28568215874,2016-01-09 16:00:04.781,-0.066,-0.159,-1.003,Gyro_Log,1.585,-10.427,0.061,28376845249.0,1.585,-10.427,0.061
181,Accel_Log,-0.018,-0.168,-0.993,28583790562,2016-01-09 16:00:04.821,-0.018,-0.168,-0.993,Gyro_Log,1.037,-6.463,-2.073,28411119364.0,1.037,-6.463,-2.073
182,Accel_Log,0.016,-0.194,-0.986,28620318739,2016-01-09 16:00:04.861,0.016,-0.194,-0.986,,,,,,,,
183,Accel_Log,-0.012,-0.212,-0.981,28641229885,2016-01-09 16:00:04.902,-0.012,-0.212,-0.981,Gyro_Log,6.463,-19.207,-9.573,28449260874.0,6.463,-19.207,-9.573
184,Accel_Log,-0.044,-0.205,-0.992,28651306447,2016-01-09 16:00:04.941,-0.044,-0.205,-0.992,Gyro_Log,11.037,-15.061,-13.232,28453424364.0,11.037,-15.061,-13.232
185,Accel_Log,-0.046,-0.237,-0.995,28653883530,2016-01-09 16:00:04.981,-0.046,-0.237,-0.995,Gyro_Log,11.28,-8.415,-19.512,28499245301.0,11.28,-8.415,-19.512
186,Accel_Log,-0.053,-0.246,-0.99,28701294937,2016-01-09 16:00:05.020,-0.053,-0.246,-0.99,Gyro_Log,12.439,-9.634,-24.024,28503418009.0,12.439,-9.634,-24.024
187,Accel_Log,-0.039,-0.241,-0.994,28703963270,2016-01-09 16:00:05.060,-0.039,-0.241,-0.994,Gyro_Log,14.512,-4.634,-26.402,28549238999.0,14.512,-4.634,-26.402
188,Accel_Log,-0.047,-0.239,-0.983,28751365249,2016-01-09 16:00:05.099,-0.047,-0.239,-0.983,Gyro_Log,16.159,3.415,-28.293,28553480041.0,16.159,3.415,-28.293
189,Accel_Log,-0.032,-0.251,-0.967,28754110666,2016-01-09 16:00:05.139,-0.032,-0.251,-0.967,,,,,,,,
190,Accel_Log,0.013,-0.254,-0.957,28801362853,2016-01-09 16:00:05.180,0.013,-0.254,-0.957,Gyro_Log,12.622,7.012,-33.232,28603483530.0,12.622,7.012,-33.232
191,Accel_Log,-0.024,-0.265,-0.967,28804008530,2016-01-09 16:00:05.219,-0.024,-0.265,-0.967,Gyro_Log,10.671,1.098,-36.829,28651002072.0,10.671,1.098,-36.829
192,Accel_Log,-0.025,-0.283,-0.98,28858568478,2016-01-09 16:00:05.259,-0.025,-0.283,-0.98,Gyro_Log,10.183,-6.402,-39.756,28663642957.0,10.183,-6.402,-39.756
193,Accel_Log,-0.019,-0.307,-0.963,28866799936,2016-01-09 16:00:05.299,-0.019,-0.307,-0.963,Gyro_Log,10.427,-7.744,-41.585,28700649468.0,10.427,-7.744,-41.585
194,Accel_Log,-0.003,-0.293,-0.951,28911795875,2016-01-09 16:00:05.338,-0.003,-0.293,-0.951,Gyro_Log,12.744,-14.146,-41.89,28719042646.0,12.744,-14.146,-41.89
195,Accel_Log,0.055,-0.266,-0.962,28923662541,2016-01-09 16:00:05.378,0.055,-0.266,-0.962,,,,,,,,
196,Accel_Log,0.08,-0.28,-0.957,28963380771,2016-01-09 16:00:05.419,0.08,-0.28,-0.957,Gyro_Log,16.585,-21.28,-41.463,28770301552.0,16.585,-21.28,-41.463
197,Accel_Log,0.036,-0.319,-0.946,28974805927,2016-01-09 16:00:05.458,0.036,-0.319,-0.946,Gyro_Log,14.451,-23.171,-37.622,28805599623.0,14.451,-23.171,-37.622
198,Accel_Log,0.024,-0.329,-0.943,29014363270,2016-01-09 16:00:05.498,0.024,-0.329,-0.943,Gyro_Log,7.439,-14.939,-31.098,28821534364.0,7.439,-14.939,-31.098
199,Accel_Log,0.097,-0.324,-0.932,29050817384,2016-01-09 16:00:05.537,0.097,-0.324,-0.932,Gyro_Log,1.037,-7.439,-25.061,28864096551.0,1.037,-7.439,-25.061
200,Accel_Log,0.064,-0.337,-0.926,29069494676,2016-01-09 16:00:05.577,0.064,-0.337,-0.926,Gyro_Log,1.341,-3.171,-25.0,28875748895.0,1.341,-3.171,-25.0
201,Accel_Log,0.069,-0.364,-0.95,29100666603,2016-01-09 16:00:05.616,0.069,-0.364,-0.95,Gyro_Log,3.902,-0.061,-23.841,28915359624.0,3.902,-0.061,-23.841
202,Accel_Log,0.1,-0.33,-0.971,29121047593,2016-01-09 16:00:05.656,0.1,-0.33,-0.971,,,,,,,,
203,Accel_Log,0.114,-0.318,-0.934,29150720822,2016-01-09 16:00:05.697,0.114,-0.318,-0.934,Gyro_Log,1.341,18.841,-29.634,28963596030.0,1.341,18.841,-29.634
204,Accel_Log,0.162,-0.364,-0.901,29168916968,2016-01-09 16:00:05.736,0.162,-0.364,-0.901,Gyro_Log,11.341,26.463,-28.232,28975268009.0,11.341,26.463,-28.232
205,Accel_Log,0.183,-0.385,-0.874,29206831707,2016-01-09 16:00:05.776,0.183,-0.385,-0.874,Gyro_Log,13.963,31.341,-24.024,29017304468.0,13.963,31.341,-24.024
206,Accel_Log,0.163,-0.364,-0.862,29222708374,2016-01-09 16:00:05.816,0.163,-0.364,-0.862,Gyro_Log,7.622,28.293,-21.89,29028978322.0,7.622,28.293,-21.89
207,Accel_Log,0.132,-0.311,-0.864,29250721082,2016-01-09 16:00:05.855,0.132,-0.311,-0.864,Gyro_Log,2.378,39.573,-20.793,29063830353.0,2.378,39.573,-20.793
208,Accel_Log,0.143,-0.25,-0.895,29269097697,2016-01-09 16:00:05.895,0.143,-0.25,-0.895,Gyro_Log,-2.134,42.5,-23.11,29075191343.0,-2.134,42.5,-23.11
209,Accel_Log,0.211,-0.198,-0.946,29304861186,2016-01-09 16:00:05.936,0.211,-0.198,-0.946,Gyro_Log,-9.695,33.841,-25.366,29115274624.0,-9.695,33.841,-25.366
210,Accel_Log,0.263,-0.201,-0.943,29321032697,2016-01-09 16:00:05.975,0.263,-0.201,-0.943,Gyro_Log,-13.72,22.5,-30.0,29127278582.0,-13.72,22.5,-30.0
211,Accel_Log,0.274,-0.214,-0.908,29450318948,2016-01-09 16:00:06.015,0.274,-0.214,-0.908,Gyro_Log,-16.463,6.28,-36.646,29271290354.0,-16.463,6.28,-36.646
212,Accel_Log,0.293,-0.217,-0.901,29478428375,2016-01-09 16:00:06.054,0.293,-0.217,-0.901,Gyro_Log,-19.756,-10.305,-40.488,29293841968.0,-19.756,-10.305,-40.488
213,Accel_Log,0.247,-0.106,-0.925,29516052593,2016-01-09 16:00:06.133,0.247,-0.106,-0.925,Gyro_Log,-19.329,-20.671,-39.268,29333019520.0,-19.329,-20.671,-39.268
214,Accel_Log,0.245,-0.104,-0.949,29534064104,2016-01-09 16:00:06.173,0.245,-0.104,-0.949,,,,,,,,
215,Accel_Log,0.296,-0.137,-0.929,29548609364,2016-01-09 16:00:06.214,0.296,-0.137,-0.929,Gyro_Log,-19.085,-4.512,-41.829,29352414000.0,-19.085,-4.512,-41.829
216,Accel_Log,0.266,-0.085,-0.934,29553004625,2016-01-09 16:00:06.254,0.266,-0.085,-0.934,Gyro_Log,-13.659,-11.585,-34.268,29355020354.0,-13.659,-11.585,-34.268
217,Accel_Log,0.282,-0.063,-0.952,29598666031,2016-01-09 16:00:06.293,0.282,-0.063,-0.952,,,,,,,,
218,Accel_Log,0.245,-0.073,-0.935,29603665927,2016-01-09 16:00:06.333,0.245,-0.073,-0.935,Gyro_Log,-11.159,-16.098,-33.293,29405944572.0,-11.159,-16.098,-33.293
219,Accel_Log,0.275,-0.061,-0.967,29649821396,2016-01-09 16:00:06.372,0.275,-0.061,-0.967,Gyro_Log,-11.037,-24.634,-32.256,29453287072.0,-11.037,-24.634,-32.256
220,Accel_Log,0.271,0.01,-0.955,29653957125,2016-01-09 16:00:06.412,0.271,0.01,-0.955,Gyro_Log,-12.256,-20.122,-18.537,29456264937.0,-12.256,-20.122,-18.537
221,Accel_Log,0.241,0.052,-0.919,29698585039,2016-01-09 16:00:06.451,0.241,0.052,-0.919,,,,,,,,
222,Accel_Log,0.214,0.064,-1.057,29703349363,2016-01-09 16:00:06.532,0.214,0.064,-1.057,Gyro_Log,-11.89,2.134,6.22,29505735040.0,-11.89,2.134,6.22
223,Accel_Log,0.233,0.069,-0.995,29749081968,2016-01-09 16:00:06.571,0.233,0.069,-0.995,Gyro_Log,-12.927,9.634,18.049,29554906551.0,-12.927,9.634,18.049
224,Accel_Log,0.278,0.02,-1.002,29756700093,2016-01-09 16:00:06.611,0.278,0.02,-1.002,Gyro_Log,-20.366,6.159,16.585,29560387644.0,-20.366,6.159,16.585
225,Accel_Log,0.286,0.041,-1.014,29802172646,2016-01-09 16:00:06.651,0.286,0.041,-1.014,Gyro_Log,-12.5,5.915,20.61,29606998895.0,-12.5,5.915,20.61
226,Accel_Log,0.24,0.006,-1.0,29810491708,2016-01-09 16:00:06.690,0.24,0.006,-1.0,,,,,,,,
227,Accel_Log,0.233,0.006,-1.027,29860891812,2016-01-09 16:00:06.731,0.233,0.006,-1.027,Gyro_Log,-2.317,-2.439,22.988,29668853948.0,-2.317,-2.439,22.988
228,Accel_Log,0.204,-0.022,-1.042,29878851864,2016-01-09 16:00:06.771,0.204,-0.022,-1.042,Gyro_Log,2.195,-0.61,21.585,29702349312.0,2.195,-0.61,21.585
229,Accel_Log,0.191,-0.076,-1.002,29909814312,2016-01-09 16:00:06.810,0.191,-0.076,-1.002,Gyro_Log,7.256,-1.463,22.317,29712932333.0,7.256,-1.463,22.317
230,Accel_Log,0.181,-0.088,-0.987,29913387177,2016-01-09 16:00:06.850,0.181,-0.088,-0.987,Gyro_Log,12.378,2.073,25.488,29756671708.0,12.378,2.073,25.488
231,Accel_Log,0.149,-0.096,-1.008,29958107437,2016-01-09 16:00:06.889,0.149,-0.096,-1.008,Gyro_Log,18.049,-0.061,24.634,29760218791.0,18.049,-0.061,24.634
232,Accel_Log,0.156,-0.124,-1.043,29960663218,2016-01-09 16:00:06.929,0.156,-0.124,-1.043,Gyro_Log,21.646,-0.488,23.902,29799311915.0,21.646,-0.488,23.902
233,Accel_Log,0.157,-0.208,-1.024,30001477801,2016-01-09 16:00:06.968,0.157,-0.208,-1.024,,,,,,,,
234,Accel_Log,0.173,-0.248,-1.041,30004055926,2016-01-09 16:00:07.009,0.173,-0.248,-1.041,Gyro_Log,34.024,2.988,16.829,29849232802.0,34.024,2.988,16.829
235,Accel_Log,0.21,-0.281,-0.971,30051339989,2016-01-09 16:00:07.049,0.21,-0.281,-0.971,Gyro_Log,38.963,9.756,17.317,29853429416.0,38.963,9.756,17.317
236,Accel_Log,0.207,-0.348,-0.93,30053869104,2016-01-09 16:00:07.089,0.207,-0.348,-0.93,Gyro_Log,44.878,12.073,18.354,29899206759.0,44.878,12.073,18.354
237,Accel_Log,0.179,-0.378,-0.939,30101374988,2016-01-09 16:00:07.128,0.179,-0.378,-0.939,Gyro_Log,52.561,14.268,13.78,29903409467.0,52.561,14.268,13.78
238,Accel_Log,0.181,-0.422,-0.85,30103852904,2016-01-09 16:00:07.168,0.181,-0.422,-0.85,Gyro_Log,57.683,17.622,8.78,29949575458.0,57.683,17.622,8.78
239,Accel_Log,0.178,-0.481,-0.785,30152758687,2016-01-09 16:00:07.207,0.178,-0.481,-0.785,Gyro_Log,64.207,23.537,7.317,29955563947.0,64.207,23.537,7.317
240,Accel_Log,0.225,-0.477,-0.745,30156625197,2016-01-09 16:00:07.248,0.225,-0.477,-0.745,Gyro_Log,70.0,24.695,10.305,29999533686.0,70.0,24.695,10.305
241,Accel_Log,0.234,-0.508,-0.719,30202691967,2016-01-09 16:00:07.288,0.234,-0.508,-0.719,Gyro_Log,70.427,19.573,8.78,30005401238.0,70.427,19.573,8.78
242,Accel_Log,0.22,-0.58,-0.678,30206463113,2016-01-09 16:00:07.327,0.22,-0.58,-0.678,Gyro_Log,74.817,10.427,7.012,30050925198.0,74.817,10.427,7.012
243,Accel_Log,0.226,-0.634,-0.647,30348675198,2016-01-09 16:00:07.367,0.226,-0.634,-0.647,Gyro_Log,75.122,6.707,6.037,30152738739.0,75.122,6.707,6.037
244,Accel_Log,0.215,-0.63,-0.651,30353296500,2016-01-09 16:00:07.406,0.215,-0.63,-0.651,Gyro_Log,73.78,1.646,4.695,30155367645.0,73.78,1.646,4.695
245,Accel_Log,0.211,-0.671,-0.593,30398413893,2016-01-09 16:00:07.446,0.211,-0.671,-0.593,Gyro_Log,72.012,-1.707,2.134,30202110195.0,72.012,-1.707,2.134
246,Accel_Log,0.227,-0.705,-0.537,30402613216,2016-01-09 16:00:07.486,0.227,-0.705,-0.537,,,,,,,,
247,Accel_Log,0.238,-0.7,-0.5,30448431865,2016-01-09 16:00:07.527,0.238,-0.7,-0.5,Gyro_Log,67.5,0.671,0.793,30252082437.0,67.5,0.671,0.793
248,Accel_Log,0.227,-0.721,-0.467,30452697229,2016-01-09 16:00:07.566,0.227,-0.721,-0.467,Gyro_Log,58.659,-3.963,-0.366,30254726760.0,58.659,-3.963,-0.366
249,Accel_Log,0.206,-0.75,-0.454,30498423999,2016-01-09 16:00:07.606,0.206,-0.75,-0.454,Gyro_Log,52.378,-4.39,-4.451,30302028322.0,52.378,-4.39,-4.451
250,Accel_Log,0.191,-0.777,-0.431,30502567697,2016-01-09 16:00:07.645,0.191,-0.777,-0.431,Gyro_Log,46.22,-1.463,-9.756,30304613061.0,46.22,-1.463,-9.756
251,Accel_Log,0.203,-0.783,-0.42,30548422592,2016-01-09 16:00:07.685,0.203,-0.783,-0.42,Gyro_Log,42.134,4.268,-13.171,30352200352.0,42.134,4.268,-13.171
252,Accel_Log,0.249,-0.786,-0.426,30552773217,2016-01-09 16:00:07.724,0.249,-0.786,-0.426,Gyro_Log,36.646,7.561,-14.939,30354805613.0,36.646,7.561,-14.939
253,Accel_Log,0.263,-0.805,-0.39,30598425509,2016-01-09 16:00:07.764,0.263,-0.805,-0.39,,,,,,,,
254,Accel_Log,0.302,-0.808,-0.386,30648443478,2016-01-09 16:00:07.805,0.302,-0.808,-0.386,Gyro_Log,23.232,7.805,-12.683,30451986603.0,23.232,7.805,-12.683
255,Accel_Log,0.341,-0.768,-0.389,30652582593,2016-01-09 16:00:07.884,0.341,-0.768,-0.389,Gyro_Log,16.524,7.378,-1.829,30499212592.0,16.524,7.378,-1.829
256,Accel_Log,0.346,-0.773,-0.43,30701259415,2016-01-09 16:00:07.924,0.346,-0.773,-0.43,Gyro_Log,9.817,3.171,5.122,30503365404.0,9.817,3.171,5.122
257,Accel_Log,0.341,-0.771,-0.472,30703822852,2016-01-09 16:00:07.963,0.341,-0.771,-0.472,Gyro_Log,4.512,5.366,12.866,30549221081.0,4.512,5.366,12.866
258,Accel_Log,0.333,-0.774,-0.47,30751313373,2016-01-09 16:00:08.003,0.333,-0.774,-0.47,,,,,,,,
259,Accel_Log,0.348,-0.771,-0.472,30753955248,2016-01-09 16:00:08.044,0.348,-0.771,-0.472,Gyro_Log,-20.305,10.793,22.683,30599209519.0,-20.305,10.793,22.683
260,Accel_Log,0.351,-0.739,-0.505,30801241967,2016-01-09 16:00:08.083,0.351,-0.739,-0.505,Gyro_Log,-24.085,9.573,27.988,30603351758.0,-24.085,9.573,27.988
261,Accel_Log,0.329,-0.705,-0.533,30803799623,2016-01-09 16:00:08.123,0.329,-0.705,-0.533,Gyro_Log,-27.317,4.085,33.11,30656346133.0,-27.317,4.085,33.11
262,Accel_Log,0.297,-0.703,-0.53,30863510196,2016-01-09 16:00:08.162,0.297,-0.703,-0.53,Gyro_Log,-29.39,2.622,40.0,30670058946.0,-29.39,2.622,40.0
263,Accel_Log,0.266,-0.701,-0.573,30874738633,2016-01-09 16:00:08.202,0.266,-0.701,-0.573,Gyro_Log,-32.5,4.939,45.915,30703721811.0,-32.5,4.939,45.915
264,Accel_Log,0.192,-0.665,-0.644,30913158321,2016-01-09 16:00:08.281,0.192,-0.665,-0.644,,,,,,,,
265,Accel_Log,0.134,-0.673,-0.689,30926014102,2016-01-09 16:00:08.322,0.134,-0.673,-0.689,Gyro_Log,-40.366,3.902,48.841,30751542071.0,-40.366,3.902,48.841
266,Accel_Log,0.109,-0.691,-0.709,30962991863,2016-01-09 16:00:08.361,0.109,-0.691,-0.709,Gyro_Log,-35.244,8.171,46.22,30770031186.0,-35.244,8.171,46.22
267,Accel_Log,0.057,-0.676,-0.743,30974877488,2016-01-09 16:00:08.401,0.057,-0.676,-0.743,Gyro_Log,-40.915,8.415,42.988,30801455041.0,-40.915,8.415,42.988
268,Accel_Log,-0.007,-0.618,-0.755,31013014624,2016-01-09 16:00:08.441,-0.007,-0.618,-0.755,Gyro_Log,-39.878,4.512,37.378,30820343061.0,-39.878,4.512,37.378
269,Accel_Log,-0.018,-0.62,-0.741,31044631863,2016-01-09 16:00:08.480,-0.018,-0.62,-0.741,Gyro_Log,-37.012,3.72,34.695,30861784832.0,-37.012,3.72,34.695
270,Accel_Log,-0.052,-0.605,-0.787,31062470718,2016-01-09 16:00:08.520,-0.052,-0.605,-0.787,Gyro_Log,-35.122,-0.915,32.561,30864507436.0,-35.122,-0.915,32.561
271,Accel_Log,-0.063,-0.578,-0.802,31064976655,2016-01-09 16:00:08.561,-0.063,-0.578,-0.802,Gyro_Log,-37.073,-3.841,27.683,30899198478.0,-37.073,-3.841,27.683
272,Accel_Log,-0.08,-0.576,-0.779,31101230770,2016-01-09 16:00:08.600,-0.08,-0.576,-0.779,Gyro_Log,-35.488,-0.061,22.622,30903442384.0,-35.488,-0.061,22.622
273,Accel_Log,-0.107,-0.553,-0.814,31103915665,2016-01-09 16:00:08.640,-0.107,-0.553,-0.814,Gyro_Log,-29.512,1.037,18.963,30949194832.0,-29.512,1.037,18.963
274,Accel_Log,-0.098,-0.55,-0.81,31151836238,2016-01-09 16:00:08.679,-0.098,-0.55,-0.81,Gyro_Log,-27.5,0.793,13.476,31049421343.0,-27.5,0.793,13.476
275,Accel_Log,-0.112,-0.577,-0.82,31251599155,2016-01-09 16:00:08.719,-0.112,-0.577,-0.82,Gyro_Log,-26.89,0.61,9.024,31053651395.0,-26.89,0.61,9.024
276,Accel_Log,-0.069,-0.572,-0.824,31254073061,2016-01-09 16:00:08.758,-0.069,-0.572,-0.824,Gyro_Log,-26.89,-0.671,6.585,31099180717.0,-26.89,-0.671,6.585
277,Accel_Log,-0.086,-0.572,-0.8,31301242488,2016-01-09 16:00:08.798,-0.086,-0.572,-0.8,,,,,,,,
278,Accel_Log,-0.086,-0.544,-0.821,31303804727,2016-01-09 16:00:08.839,-0.086,-0.544,-0.821,Gyro_Log,-28.049,-4.024,0.366,31150876968.0,-28.049,-4.024,0.366
279,Accel_Log,-0.07,-0.533,-0.821,31369710250,2016-01-09 16:00:08.879,-0.07,-0.533,-0.821,Gyro_Log,-25.549,-1.89,-3.659,31181212750.0,-25.549,-1.89,-3.659
280,Accel_Log,-0.07,-0.529,-0.87,31388418479,2016-01-09 16:00:08.918,-0.07,-0.529,-0.87,Gyro_Log,-25.305,-6.098,-6.402,31211686343.0,-25.305,-6.098,-6.402
281,Accel_Log,-0.065,-0.504,-0.873,31413749260,2016-01-09 16:00:08.958,-0.065,-0.504,-0.873,Gyro_Log,-26.646,-5.549,-9.39,31215808218.0,-26.646,-5.549,-9.39
282,Accel_Log,-0.072,-0.475,-0.847,31416308270,2016-01-09 16:00:08.997,-0.072,-0.475,-0.847,Gyro_Log,-28.11,-5.549,-11.463,31249587853.0,-28.11,-5.549,-11.463
283,Accel_Log,-0.065,-0.437,-0.876,31451535561,2016-01-09 16:00:09.037,-0.065,-0.437,-0.876,Gyro_Log,-28.049,-5.61,-12.622,31253625144.0,-28.049,-5.61,-12.622
284,Accel_Log,-0.047,-0.423,-0.871,31498413738,2016-01-09 16:00:09.076,-0.047,-0.423,-0.871,,,,,,,,
285,Accel_Log,-0.036,-0.421,-0.889,31502678790,2016-01-09 16:00:09.117,-0.036,-0.421,-0.889,Gyro_Log,-34.329,-8.476,-16.646,31304693582.0,-34.329,-8.476,-16.646
286,Accel_Log,-0.024,-0.386,-0.925,31548449468,2016-01-09 16:00:09.157,-0.024,-0.386,-0.925,Gyro_Log,-32.683,-5.427,-16.585,31352132749.0,-32.683,-5.427,-16.585
287,Accel_Log,0.007,-0.36,-0.942,31552760457,2016-01-09 16:00:09.196,0.007,-0.36,-0.942,Gyro_Log,-32.805,-1.89,-16.646,31354765874.0,-32.805,-1.89,-16.646
288,Accel_Log,0.03,-0.352,-0.936,31598450613,2016-01-09 16:00:09.236,0.03,-0.352,-0.936,Gyro_Log,-34.024,0.183,-15.732,31402065092.0,-34.024,0.183,-15.732
289,Accel_Log,-0.009,-0.325,-0.955,31602569102,2016-01-09 16:00:09.276,-0.009,-0.325,-0.955,Gyro_Log,-34.939,1.768,-15.0,31404588269.0,-34.939,1.768,-15.0
290,Accel_Log,-0.034,-0.299,-0.947,31648411395,2016-01-09 16:00:09.315,-0.034,-0.299,-0.947,,,,,,,,
291,Accel_Log,-0.034,-0.269,-0.964,31652593634,2016-01-09 16:00:09.356,-0.034,-0.269,-0.964,Gyro_Log,-38.841,3.537,-13.78,31454612853.0,-38.841,3.537,-13.78
292,Accel_Log,-0.001,-0.213,-0.996,31699899518,2016-01-09 16:00:09.396,-0.001,-0.213,-0.996,Gyro_Log,-40.488,-1.646,-12.622,31509850561.0,-40.488,-1.646,-12.622
293,Accel_Log,0.017,-0.171,-1.032,31714103894,2016-01-09 16:00:09.435,0.017,-0.171,-1.032,Gyro_Log,-39.817,-2.561,-8.659,31518998478.0,-39.817,-2.561,-8.659
294,Accel_Log,0.036,-0.156,-1.047,31749888217,2016-01-09 16:00:09.475,0.036,-0.156,-1.047,Gyro_Log,-39.207,-4.878,-3.598,31559807488.0,-39.207,-4.878,-3.598
295,Accel_Log,0.027,-0.172,-1.048,31763484727,2016-01-09 16:00:09.514,0.027,-0.172,-1.048,Gyro_Log,-38.78,-1.768,-1.768,31568204779.0,-38.78,-1.768,-1.768
296,Accel_Log,0.023,-0.172,-1.057,31799859363,2016-01-09 16:00:09.554,0.023,-0.172,-1.057,Gyro_Log,-36.098,2.195,-2.744,31610681706.0,-36.098,2.195,-2.744
297,Accel_Log,0.026,-0.164,-1.049,31815989987,2016-01-09 16:00:09.634,0.026,-0.164,-1.049,Gyro_Log,-32.134,5.854,-5.183,31622287227.0,-32.134,5.854,-5.183
298,Accel_Log,0.014,-0.174,-1.066,31850651081,2016-01-09 16:00:09.674,0.014,-0.174,-1.066,Gyro_Log,-25.915,4.207,-1.707,31663710300.0,-25.915,4.207,-1.707
299,Accel_Log,0.036,-0.175,-1.035,31869013842,2016-01-09 16:00:09.714,0.036,-0.175,-1.035,Gyro_Log,-20.671,2.378,0.671,31675205404.0,-20.671,2.378,0.671
300,Accel_Log,0.014,-0.159,-1.035,31900629571,2016-01-09 16:00:09.753,0.014,-0.159,-1.035,Gyro_Log,-13.415,-1.463,-0.244,31713508581.0,-13.415,-1.463,-0.244
301,Accel_Log,-0.015,-0.204,-0.988,31918818790,2016-01-09 16:00:09.794,-0.015,-0.204,-0.988,Gyro_Log,-8.963,-4.695,-1.524,31725057383.0,-8.963,-4.695,-1.524
302,Accel_Log,-0.016,-0.209,-0.996,31955250717,2016-01-09 16:00:09.832,-0.016,-0.209,-0.996,,,,,,,,
303,Accel_Log,-0.016,-0.176,-1.014,31969140613,2016-01-09 16:00:09.873,-0.016,-0.176,-1.014,Gyro_Log,-5.488,-2.378,4.695,31775381289.0,-5.488,-2.378,4.695
304,Accel_Log,-0.005,-0.158,-0.968,32000623374,2016-01-09 16:00:09.913,-0.005,-0.158,-0.968,Gyro_Log,0.854,-5.488,5.915,31813436915.0,0.854,-5.488,5.915
305,Accel_Log,-0.016,-0.139,-0.944,32018756447,2016-01-09 16:00:09.952,-0.016,-0.139,-0.944,Gyro_Log,6.098,-2.134,6.28,31824905926.0,6.098,-2.134,6.28
306,Accel_Log,-0.032,-0.158,-0.935,32055224362,2016-01-09 16:00:10.031,-0.032,-0.158,-0.935,Gyro_Log,6.707,3.78,5.244,31951508218.0,6.707,3.78,5.244
307,Accel_Log,-0.022,-0.151,-0.947,32165789208,2016-01-09 16:00:10.071,-0.022,-0.151,-0.947,Gyro_Log,0.793,7.256,5.793,31974669260.0,0.793,7.256,5.793
308,Accel_Log,-0.002,-0.137,-0.926,32181466342,2016-01-09 16:00:10.111,-0.002,-0.137,-0.926,,,,,,,,
309,Accel_Log,-0.009,-0.128,-0.927,32245523009,2016-01-09 16:00:10.152,-0.009,-0.128,-0.927,Gyro_Log,-6.22,7.5,3.293,32064783998.0,-6.22,7.5,3.293
310,Accel_Log,0.01,-0.098,-0.927,32267791968,2016-01-09 16:00:10.191,0.01,-0.098,-0.927,Gyro_Log,-10.427,4.39,3.415,32070057488.0,-10.427,4.39,3.415
311,Accel_Log,0.013,-0.084,-0.936,32270597801,2016-01-09 16:00:10.231,0.013,-0.084,-0.936,Gyro_Log,-16.89,0.061,-2.195,32072837072.0,-16.89,0.061,-2.195
312,Accel_Log,0.002,0.015,-1.156,32298378322,2016-01-09 16:00:10.270,0.002,0.015,-1.156,Gyro_Log,-21.768,-1.28,-5.427,32102089780.0,-21.768,-1.28,-5.427
313,Accel_Log,0.072,0.188,-1.269,32302663738,2016-01-09 16:00:10.310,0.072,0.188,-1.269,Gyro_Log,-26.22,4.512,-3.354,32104732853.0,-26.22,4.512,-3.354
314,Accel_Log,0.049,0.127,-1.087,32349112904,2016-01-09 16:00:10.349,0.049,0.127,-1.087,Gyro_Log,-30.793,16.22,6.22,32152911915.0,-30.793,16.22,6.22
315,Accel_Log,0.024,0.042,-0.991,32353522071,2016-01-09 16:00:10.389,0.024,0.042,-0.991,,,,,,,,
316,Accel_Log,0.059,0.097,-0.953,32399018686,2016-01-09 16:00:10.430,0.059,0.097,-0.953,Gyro_Log,-17.561,0.854,2.256,32202509311.0,-17.561,0.854,2.256
317,Accel_Log,0.03,0.141,-0.987,32402961915,2016-01-09 16:00:10.469,0.03,0.141,-0.987,Gyro_Log,-6.89,-11.89,5.427,32204993530.0,-6.89,-11.89,5.427
318,Accel_Log,0.009,0.102,-1.031,32448924988,2016-01-09 16:00:10.509,0.009,0.102,-1.031,Gyro_Log,-3.78,-4.695,8.476,32252258582.0,-3.78,-4.695,8.476
319,Accel_Log,0.028,0.061,-1.086,32452777644,2016-01-09 16:00:10.549,0.028,0.061,-1.086,Gyro_Log,1.646,5.854,9.329,32254896915.0,1.646,5.854,9.329
320,Accel_Log,0.015,0.028,-1.142,32498371548,2016-01-09 16:00:10.588,0.015,0.028,-1.142,Gyro_Log,10.915,5.671,6.89,32301949673.0,10.915,5.671,6.89
321,Accel_Log,0.024,-0.053,-1.072,32502471652,2016-01-09 16:00:10.628,0.024,-0.053,-1.072,,,,,,,,
322,Accel_Log,0.085,-0.171,-0.998,32548396708,2016-01-09 16:00:10.669,0.085,-0.171,-0.998,Gyro_Log,28.415,7.988,1.829,32352028322.0,28.415,7.988,1.829
323,Accel_Log,0.087,-0.245,-1.022,32552577280,2016-01-09 16:00:10.708,0.087,-0.245,-1.022,Gyro_Log,35.976,-1.585,2.744,32354666655.0,35.976,-1.585,2.744
324,Accel_Log,0.0,-0.254,-0.997,32598374622,2016-01-09 16:00:10.748,0.0,-0.254,-0.997,Gyro_Log,37.378,-9.085,-0.061,32401940768.0,37.378,-9.085,-0.061
325,Accel_Log,-0.038,-0.242,-0.971,32602495508,2016-01-09 16:00:10.787,-0.038,-0.242,-0.971,Gyro_Log,39.939,-0.549,-1.098,32404604883.0,39.939,-0.549,-1.098
326,Accel_Log,0.011,-0.267,-0.958,32653426290,2016-01-09 16:00:10.827,0.011,-0.267,-0.958,Gyro_Log,43.841,6.28,0.793,32459347644.0,43.841,6.28,0.793
327,Accel_Log,0.029,-0.309,-0.96,32662601758,2016-01-09 16:00:10.866,0.029,-0.309,-0.96,Gyro_Log,48.72,-0.793,3.537,32467436758.0,48.72,-0.793,3.537
328,Accel_Log,0.027,-0.349,-0.945,32699839883,2016-01-09 16:00:10.906,0.027,-0.349,-0.945,,,,,,,,
329,Accel_Log,0.024,-0.379,-0.932,32713263373,2016-01-09 16:00:10.947,0.024,-0.379,-0.932,Gyro_Log,56.524,1.402,2.439,32518001915.0,56.524,1.402,2.439
330,Accel_Log,-0.013,-0.409,-0.905,32749915665,2016-01-09 16:00:10.986,-0.013,-0.409,-0.905,Gyro_Log,58.171,2.134,-0.976,32559937644.0,58.171,2.134,-0.976
331,Accel_Log,-0.021,-0.442,-0.895,32763599310,2016-01-09 16:00:11.026,-0.021,-0.442,-0.895,Gyro_Log,56.768,2.683,-1.402,32568336706.0,56.768,2.683,-1.402
332,Accel_Log,-0.013,-0.46,-0.868,32803340560,2016-01-09 16:00:11.066,-0.013,-0.46,-0.868,Gyro_Log,57.439,0.366,-1.585,32610977591.0,57.439,0.366,-1.585
333,Accel_Log,-0.013,-0.506,-0.826,32816029674,2016-01-09 16:00:11.105,-0.013,-0.506,-0.826,Gyro_Log,59.085,-7.073,-4.085,32622579466.0,59.085,-7.073,-4.085
334,Accel_Log,0.023,-0.573,-0.832,32850725403,2016-01-09 16:00:11.145,0.023,-0.573,-0.832,,,,,,,,
335,Accel_Log,0.017,-0.672,-0.781,32869986653,2016-01-09 16:00:11.186,0.017,-0.672,-0.781,Gyro_Log,63.659,-11.037,-1.524,32676294205.0,63.659,-11.037,-1.524
336,Accel_Log,-0.013,-0.727,-0.778,32905123841,2016-01-09 16:00:11.225,-0.013,-0.727,-0.778,Gyro_Log,62.5,-9.939,-0.671,32713810143.0,62.5,-9.939,-0.671
337,Accel_Log,0.002,-0.735,-0.721,32919122018,2016-01-09 16:00:11.265,0.002,-0.735,-0.721,Gyro_Log,59.329,-3.232,-2.622,32725387903.0,59.329,-3.232,-2.622
338,Accel_Log,0.013,-0.743,-0.639,33051216655,2016-01-09 16:00:11.304,0.013,-0.743,-0.639,Gyro_Log,57.988,-1.951,-2.378,32866758686.0,57.988,-1.951,-2.378
339,Accel_Log,-0.002,-0.731,-0.542,33073865561,2016-01-09 16:00:11.383,-0.002,-0.731,-0.542,Gyro_Log,66.829,-4.939,0.61,32902351342.0,66.829,-4.939,0.61
340,Accel_Log,-0.0,-0.763,-0.498,33117840614,2016-01-09 16:00:11.423,-0.0,-0.763,-0.498,,,,,,,,
341,Accel_Log,0.025,-0.789,-0.451,33133090926,2016-01-09 16:00:11.464,0.025,-0.789,-0.451,Gyro_Log,65.427,-5.183,5.0,32958310040.0,65.427,-5.183,5.0
342,Accel_Log,0.012,-0.822,-0.428,33167822541,2016-01-09 16:00:11.504,0.012,-0.822,-0.428,Gyro_Log,69.634,-4.512,6.402,32976113842.0,69.634,-4.512,6.402
343,Accel_Log,-0.011,-0.844,-0.389,33183451342,2016-01-09 16:00:11.543,-0.011,-0.844,-0.389,,,,,,,,
344,Accel_Log,-0.014,-0.888,-0.38,33217977645,2016-01-09 16:00:11.583,-0.014,-0.888,-0.38,Gyro_Log,63.293,1.585,8.232,33026674259.0,63.293,1.585,8.232
345,Accel_Log,-0.011,-0.891,-0.373,33233546290,2016-01-09 16:00:11.622,-0.011,-0.891,-0.373,Gyro_Log,60.183,4.39,7.622,33052299988.0,60.183,4.39,7.622
346,Accel_Log,-0.04,-0.88,-0.341,33262329936,2016-01-09 16:00:11.662,-0.04,-0.88,-0.341,Gyro_Log,55.122,5.488,6.463,33063780665.0,55.122,5.488,6.463
347,Accel_Log,-0.049,-0.847,-0.326,33267626030,2016-01-09 16:00:11.703,-0.049,-0.847,-0.326,Gyro_Log,50.976,6.341,8.902,33099266654.0,50.976,6.341,8.902
348,Accel_Log,-0.069,-0.869,-0.221,33301467487,2016-01-09 16:00:11.782,-0.069,-0.869,-0.221,Gyro_Log,50.427,7.256,6.768,33103526706.0,50.427,7.256,6.768
349,Accel_Log,-0.079,-0.902,-0.197,33304020456,2016-01-09 16:00:11.821,-0.079,-0.902,-0.197,Gyro_Log,48.232,4.268,5.183,33149178372.0,48.232,4.268,5.183
350,Accel_Log,-0.068,-0.931,-0.176,33351352278,2016-01-09 16:00:11.861,-0.068,-0.931,-0.176,Gyro_Log,40.366,0.305,4.512,33153445299.0,40.366,0.305,4.512
351,Accel_Log,-0.072,-0.94,-0.177,33353875247,2016-01-09 16:00:11.901,-0.072,-0.94,-0.177,Gyro_Log,24.817,-2.561,3.598,33199270247.0,24.817,-2.561,3.598
352,Accel_Log,-0.08,-0.946,-0.193,33401569726,2016-01-09 16:00:11.940,-0.08,-0.946,-0.193,,,,,,,,
353,Accel_Log,-0.066,-0.942,-0.195,33404095091,2016-01-09 16:00:11.981,-0.066,-0.942,-0.195,Gyro_Log,9.207,-4.207,1.768,33249160560.0,9.207,-4.207,1.768
354,Accel_Log,-0.081,-0.927,-0.175,33451233893,2016-01-09 16:00:12.021,-0.081,-0.927,-0.175,Gyro_Log,5.427,-2.256,-0.427,33253354622.0,5.427,-2.256,-0.427
355,Accel_Log,-0.098,-0.934,-0.174,33453893997,2016-01-09 16:00:12.060,-0.098,-0.934,-0.174,Gyro_Log,2.805,-1.037,-2.5,33299168841.0,2.805,-1.037,-2.5
356,Accel_Log,-0.104,-0.934,-0.186,33501281549,2016-01-09 16:00:12.100,-0.104,-0.934,-0.186,Gyro_Log,-2.195,1.646,-5.549,33303399101.0,-2.195,1.646,-5.549
357,Accel_Log,-0.118,-0.906,-0.206,33503862330,2016-01-09 16:00:12.139,-0.118,-0.906,-0.206,Gyro_Log,-9.939,2.317,-10.061,33349165509.0,-9.939,2.317,-10.061
358,Accel_Log,-0.103,-0.884,-0.236,33551394363,2016-01-09 16:00:12.179,-0.103,-0.884,-0.236,Gyro_Log,-17.439,2.561,-13.72,33353449571.0,-17.439,2.561,-13.72
359,Accel_Log,-0.107,-0.895,-0.246,33553902904,2016-01-09 16:00:12.218,-0.107,-0.895,-0.246,,,,,,,,
360,Accel_Log,-0.093,-0.875,-0.297,33601198321,2016-01-09 16:00:12.259,-0.093,-0.875,-0.297,Gyro_Log,-26.159,2.622,-21.28,33403321446.0,-26.159,2.622,-21.28
361,Accel_Log,-0.05,-0.87,-0.333,33603763373,2016-01-09 16:00:12.299,-0.05,-0.87,-0.333,Gyro_Log,-31.037,2.927,-24.024,33449154414.0,-31.037,2.927,-24.024
362,Accel_Log,-0.036,-0.854,-0.396,33651196341,2016-01-09 16:00:12.339,-0.036,-0.854,-0.396,Gyro_Log,-40.732,-3.11,-23.72,33453387122.0,-40.732,-3.11,-23.72
363,Accel_Log,-0.026,-0.806,-0.462,33653778789,2016-01-09 16:00:12.378,-0.026,-0.806,-0.462,Gyro_Log,-49.39,-7.622,-24.146,33499144987.0,-49.39,-7.622,-24.146
364,Accel_Log,0.03,-0.829,-0.528,33701176914,2016-01-09 16:00:12.418,0.03,-0.829,-0.528,Gyro_Log,-54.695,-7.439,-26.28,33503285560.0,-54.695,-7.439,-26.28
365,Accel_Log,0.077,-0.807,-0.597,33703757591,2016-01-09 16:00:12.457,0.077,-0.807,-0.597,,,,,,,,
366,Accel_Log,0.042,-0.732,-0.67,33751323841,2016-01-09 16:00:12.498,0.042,-0.732,-0.67,Gyro_Log,-63.841,-9.024,-14.695,33553388684.0,-63.841,-9.024,-14.695
367,Accel_Log,0.052,-0.69,-0.687,33753842018,2016-01-09 16:00:12.538,0.052,-0.69,-0.687,Gyro_Log,-66.22,-10.427,-14.207,33599151966.0,-66.22,-10.427,-14.207
368,Accel_Log,0.076,-0.681,-0.7,33801148893,2016-01-09 16:00:12.577,0.076,-0.681,-0.7,Gyro_Log,-64.512,-8.11,-14.878,33603415872.0,-64.512,-8.11,-14.878
369,Accel_Log,0.095,-0.677,-0.739,33848386082,2016-01-09 16:00:12.617,0.095,-0.677,-0.739,Gyro_Log,-59.756,-6.341,-11.463,33652220144.0,-59.756,-6.341,-11.463
370,Accel_Log,0.104,-0.646,-0.801,33948358586,2016-01-09 16:00:12.656,0.104,-0.646,-0.801,Gyro_Log,-58.171,-6.768,-7.805,33752029366.0,-58.171,-6.768,-7.805
371,Accel_Log,0.116,-0.605,-0.813,33952570929,2016-01-09 16:00:12.696,0.116,-0.605,-0.813,Gyro_Log,-56.951,-7.683,-5.305,33754598063.0,-56.951,-7.683,-5.305
372,Accel_Log,0.119,-0.556,-0.814,33998324830,2016-01-09 16:00:12.736,0.119,-0.556,-0.814,,,,,,,,
373,Accel_Log,0.118,-0.524,-0.823,34048342748,2016-01-09 16:00:12.777,0.118,-0.524,-0.823,Gyro_Log,-44.329,4.878,3.354,33851973633.0,-44.329,4.878,3.354
374,Accel_Log,0.133,-0.521,-0.855,34052527643,2016-01-09 16:00:12.816,0.133,-0.521,-0.855,Gyro_Log,-40.61,4.207,6.098,33854581237.0,-40.61,4.207,6.098
375,Accel_Log,0.139,-0.529,-0.865,34098323217,2016-01-09 16:00:12.856,0.139,-0.529,-0.865,Gyro_Log,-44.146,4.512,7.195,33901936185.0,-44.146,4.512,7.195
376,Accel_Log,0.149,-0.532,-0.875,34102477539,2016-01-09 16:00:12.895,0.149,-0.532,-0.875,Gyro_Log,-44.024,7.012,10.0,33904509362.0,-44.024,7.012,10.0
377,Accel_Log,0.187,-0.529,-0.87,34148358529,2016-01-09 16:00:12.935,0.187,-0.529,-0.87,Gyro_Log,-36.22,6.159,15.549,33952133424.0,-36.22,6.159,15.549
378,Accel_Log,0.202,-0.526,-0.862,34152611914,2016-01-09 16:00:12.974,0.202,-0.526,-0.862,Gyro_Log,-33.537,4.512,23.232,33954640299.0,-33.537,4.512,23.232
379,Accel_Log,0.153,-0.522,-0.844,34198341758,2016-01-09 16:00:13.015,0.153,-0.522,-0.844,Gyro_Log,-28.232,6.646,30.61,34001938998.0,-28.232,6.646,30.61
380,Accel_Log,0.158,-0.515,-0.823,34202489987,2016-01-09 16:00:13.055,0.158,-0.515,-0.823,Gyro_Log,-23.78,9.878,36.159,34004550873.0,-23.78,9.878,36.159
381,Accel_Log,0.053,-0.5,-0.855,34248349675,2016-01-09 16:00:13.134,0.053,-0.5,-0.855,Gyro_Log,-21.646,17.561,41.829,34052020717.0,-21.646,17.561,41.829
382,Accel_Log,0.022,-0.506,-0.875,34252580456,2016-01-09 16:00:13.174,0.022,-0.506,-0.875,Gyro_Log,-19.573,18.78,39.817,34054630873.0,-19.573,18.78,39.817
383,Accel_Log,-0.02,-0.527,-0.872,34298342903,2016-01-09 16:00:13.213,-0.02,-0.527,-0.872,Gyro_Log,-18.537,23.049,37.805,34101978893.0,-18.537,23.049,37.805
384,Accel_Log,-0.045,-0.512,-0.877,34302531862,2016-01-09 16:00:13.253,-0.045,-0.512,-0.877,,,,,,,,
385,Accel_Log,-0.094,-0.478,-0.886,34348356758,2016-01-09 16:00:13.294,-0.094,-0.478,-0.886,Gyro_Log,-16.341,6.951,29.695,34152057019.0,-16.341,6.951,29.695
386,Accel_Log,-0.09,-0.483,-0.881,34352579154,2016-01-09 16:00:13.333,-0.09,-0.483,-0.881,Gyro_Log,-16.098,-3.11,25.61,34154589258.0,-16.098,-3.11,25.61
387,Accel_Log,-0.07,-0.457,-0.837,34398317799,2016-01-09 16:00:13.373,-0.07,-0.457,-0.837,Gyro_Log,-14.085,-8.78,25.427,34202043580.0,-14.085,-8.78,25.427
388,Accel_Log,-0.09,-0.465,-0.833,34402562643,2016-01-09 16:00:13.412,-0.09,-0.465,-0.833,Gyro_Log,-14.024,-11.829,24.39,34204597122.0,-14.024,-11.829,24.39
389,Accel_Log,-0.122,-0.429,-0.894,34448344050,2016-01-09 16:00:13.452,-0.122,-0.429,-0.894,Gyro_Log,-15.305,-11.646,24.085,34252032435.0,-15.305,-11.646,24.085
390,Accel_Log,-0.203,-0.413,-0.943,34452578946,2016-01-09 16:00:13.531,-0.203,-0.413,-0.943,,,,,,,,
391,Accel_Log,-0.173,-0.429,-0.931,34498324935,2016-01-09 16:00:13.572,-0.173,-0.429,-0.931,Gyro_Log,-12.317,-7.805,12.561,34301913372.0,-12.317,-7.805,12.561
392,Accel_Log,-0.131,-0.4,-0.942,34502445507,2016-01-09 16:00:13.611,-0.131,-0.4,-0.942,Gyro_Log,-10.671,0.366,8.78,34304486237.0,-10.671,0.366,8.78
393,Accel_Log,-0.16,-0.403,-0.912,34554579778,2016-01-09 16:00:13.651,-0.16,-0.403,-0.912,Gyro_Log,-7.622,-6.768,3.476,34363918893.0,-7.622,-6.768,3.476
394,Accel_Log,-0.15,-0.424,-0.911,34567707019,2016-01-09 16:00:13.691,-0.15,-0.424,-0.911,Gyro_Log,-5.671,-4.207,2.622,34372563998.0,-5.671,-4.207,2.622
395,Accel_Log,-0.174,-0.41,-0.915,34599887903,2016-01-09 16:00:13.730,-0.174,-0.41,-0.915,Gyro_Log,-3.476,1.28,-1.22,34409528789.0,-3.476,1.28,-1.22
396,Accel_Log,-0.162,-0.431,-0.903,34613297903,2016-01-09 16:00:13.770,-0.162,-0.431,-0.903,,,,,,,,
397,Accel_Log,-0.17,-0.447,-0.9,34660936237,2016-01-09 16:00:13.811,-0.17,-0.447,-0.9,Gyro_Log,6.159,-5.732,-13.11,34467665038.0,6.159,-5.732,-13.11
398,Accel_Log,-0.19,-0.466,-0.883,34672730507,2016-01-09 16:00:13.850,-0.19,-0.466,-0.883,Gyro_Log,9.146,-5.793,-17.073,34501326184.0,9.146,-5.793,-17.073
399,Accel_Log,-0.164,-0.49,-0.875,34710656289,2016-01-09 16:00:13.890,-0.164,-0.49,-0.875,Gyro_Log,7.866,-4.146,-19.573,34556615246.0,7.866,-4.146,-19.573
400,Accel_Log,-0.136,-0.475,-0.869,34766545664,2016-01-09 16:00:13.929,-0.136,-0.475,-0.869,Gyro_Log,7.866,-2.134,-22.317,34575323894.0,7.866,-2.134,-22.317
401,Accel_Log,-0.131,-0.476,-0.852,34782031862,2016-01-09 16:00:13.969,-0.131,-0.476,-0.852,Gyro_Log,6.098,-4.634,-28.72,34702133372.0,6.098,-4.634,-28.72
402,Accel_Log,-0.087,-0.485,-0.854,34917328476,2016-01-09 16:00:14.008,-0.087,-0.485,-0.854,Gyro_Log,6.707,-6.89,-30.244,34726424153.0,6.707,-6.89,-30.244
403,Accel_Log,-0.075,-0.496,-0.852,34933138476,2016-01-09 16:00:14.048,-0.075,-0.496,-0.852,,,,,,,,
404,Accel_Log,-0.098,-0.507,-0.849,34975929622,2016-01-09 16:00:14.089,-0.098,-0.507,-0.849,Gyro_Log,4.268,-5.793,-37.134,34785206288.0,4.268,-5.793,-37.134
405,Accel_Log,-0.069,-0.486,-0.841,34993214414,2016-01-09 16:00:14.129,-0.069,-0.486,-0.841,Gyro_Log,3.293,2.866,-39.817,34799127539.0,3.293,2.866,-39.817
406,Accel_Log,-0.031,-0.507,-0.844,35001355976,2016-01-09 16:00:14.168,-0.031,-0.507,-0.844,Gyro_Log,4.329,7.012,-40.183,34803434101.0,4.329,7.012,-40.183
407,Accel_Log,-0.028,-0.502,-0.856,35003873476,2016-01-09 16:00:14.208,-0.028,-0.502,-0.856,Gyro_Log,5.244,5.671,-45.061,34849122226.0,5.244,5.671,-45.061
408,Accel_Log,0.037,-0.481,-0.854,35051558737,2016-01-09 16:00:14.247,0.037,-0.481,-0.854,Gyro_Log,3.72,2.866,-47.622,34853735247.0,3.72,2.866,-47.622
409,Accel_Log,0.06,-0.48,-0.852,35054198893,2016-01-09 16:00:14.287,0.06,-0.48,-0.852,Gyro_Log,2.073,-0.732,-46.707,34899099309.0,2.073,-0.732,-46.707
410,Accel_Log,0.05,-0.477,-0.841,35101186497,2016-01-09 16:00:14.328,0.05,-0.477,-0.841,Gyro_Log,2.622,-10.976,-46.646,34903306236.0,2.622,-10.976,-46.646
411,Accel_Log,0.039,-0.488,-0.836,35103785820,2016-01-09 16:00:14.367,0.039,-0.488,-0.836,Gyro_Log,-2.683,-11.098,-40.305,34949084986.0,-2.683,-11.098,-40.305
412,Accel_Log,0.115,-0.423,-0.869,35151080455,2016-01-09 16:00:14.407,0.115,-0.423,-0.869,Gyro_Log,-10.549,-11.585,-30.732,34953521757.0,-10.549,-11.585,-30.732
413,Accel_Log,0.14,-0.404,-0.901,35154061496,2016-01-09 16:00:14.446,0.14,-0.404,-0.901,Gyro_Log,-16.159,-13.963,-18.415,34999109673.0,-16.159,-13.963,-18.415
414,Accel_Log,0.055,-0.409,-0.921,35201164309,2016-01-09 16:00:14.486,0.055,-0.409,-0.921,Gyro_Log,-16.28,-14.085,-13.598,35003311079.0,-16.28,-14.085,-13.598
415,Accel_Log,0.077,-0.41,-0.915,35203773944,2016-01-09 16:00:14.526,0.077,-0.41,-0.915,Gyro_Log,-20.549,0.61,-8.902,35049087123.0,-20.549,0.61,-8.902
416,Accel_Log,0.133,-0.407,-0.911,35251108581,2016-01-09 16:00:14.565,0.133,-0.407,-0.911,,,,,,,,
417,Accel_Log,0.168,-0.387,-0.921,35254064571,2016-01-09 16:00:14.606,0.168,-0.387,-0.921,Gyro_Log,-16.159,-2.988,6.707,35102511601.0,-16.159,-2.988,6.707
418,Accel_Log,0.135,-0.39,-0.928,35310132278,2016-01-09 16:00:14.646,0.135,-0.39,-0.928,Gyro_Log,-14.939,-3.78,14.207,35115929517.0,-14.939,-3.78,14.207
419,Accel_Log,0.116,-0.405,-0.937,35320058007,2016-01-09 16:00:14.685,0.116,-0.405,-0.937,Gyro_Log,-8.841,2.317,20.0,35150328007.0,-8.841,2.317,20.0
420,Accel_Log,0.125,-0.407,-0.914,35357919726,2016-01-09 16:00:14.725,0.125,-0.407,-0.914,Gyro_Log,-6.22,10.0,22.073,35162833788.0,-6.22,10.0,22.073
421,Accel_Log,0.089,-0.432,-0.912,35365845247,2016-01-09 16:00:14.764,0.089,-0.432,-0.912,Gyro_Log,-6.707,15.061,27.927,35201299257.0,-6.707,15.061,27.927
422,Accel_Log,0.068,-0.396,-0.934,35455006913,2016-01-09 16:00:14.804,0.068,-0.396,-0.934,Gyro_Log,-6.037,20.183,33.72,35262797018.0,-6.037,20.183,33.72
423,Accel_Log,0.067,-0.393,-0.925,35466251184,2016-01-09 16:00:14.843,0.067,-0.393,-0.925,,,,,,,,
424,Accel_Log,0.056,-0.402,-0.911,35499610612,2016-01-09 16:00:14.884,0.056,-0.402,-0.911,Gyro_Log,-7.5,26.829,38.841,35307999465.0,-7.5,26.829,38.841
425,Accel_Log,0.04,-0.377,-0.913,35512071132,2016-01-09 16:00:14.924,0.04,-0.377,-0.913,Gyro_Log,-8.11,20.061,40.244,35350750976.0,-8.11,20.061,40.244
426,Accel_Log,0.002,-0.397,-0.898,35559967643,2016-01-09 16:00:14.964,0.002,-0.397,-0.898,Gyro_Log,-7.927,10.122,39.207,35365226236.0,-7.927,10.122,39.207
427,Accel_Log,-0.005,-0.373,-0.925,35570779309,2016-01-09 16:00:15.003,-0.005,-0.373,-0.925,Gyro_Log,-4.451,-1.28,34.573,35405613320.0,-4.451,-1.28,34.573
428,Accel_Log,-0.014,-0.357,-0.923,35611502851,2016-01-09 16:00:15.044,-0.014,-0.357,-0.923,Gyro_Log,-5.366,-8.537,33.78,35417673007.0,-5.366,-8.537,33.78
429,Accel_Log,-0.059,-0.395,-0.919,35623729205,2016-01-09 16:00:15.082,-0.059,-0.395,-0.919,,,,,,,,
430,Accel_Log,-0.081,-0.418,-0.902,35662501653,2016-01-09 16:00:15.123,-0.081,-0.418,-0.902,Gyro_Log,-2.317,-20.671,35.061,35470659674.0,-2.317,-20.671,35.061
431,Accel_Log,-0.095,-0.392,-0.915,35675826653,2016-01-09 16:00:15.163,-0.095,-0.392,-0.915,Gyro_Log,1.585,-24.268,32.073,35501218320.0,1.585,-24.268,32.073
432,Accel_Log,-0.137,-0.411,-0.924,35711049309,2016-01-09 16:00:15.202,-0.137,-0.411,-0.924,Gyro_Log,5.366,-26.707,28.841,35517554205.0,5.366,-26.707,28.841
433,Accel_Log,-0.171,-0.443,-0.906,35723773320,2016-01-09 16:00:15.281,-0.171,-0.443,-0.906,Gyro_Log,6.402,-26.22,30.549,35651184466.0,6.402,-26.22,30.549
434,Accel_Log,-0.223,-0.432,-0.913,35867186914,2016-01-09 16:00:15.321,-0.223,-0.432,-0.913,Gyro_Log,7.134,-22.622,29.207,35677197539.0,7.134,-22.622,29.207
435,Accel_Log,-0.231,-0.435,-0.886,35884425247,2016-01-09 16:00:15.361,-0.231,-0.435,-0.886,,,,,,,,
436,Accel_Log,-0.269,-0.463,-0.855,35917804519,2016-01-09 16:00:15.402,-0.269,-0.463,-0.855,Gyro_Log,13.232,-23.11,25.183,35726147018.0,13.232,-23.11,25.183
437,Accel_Log,-0.257,-0.455,-0.842,35932867539,2016-01-09 16:00:15.441,-0.257,-0.455,-0.842,Gyro_Log,13.415,-23.841,28.476,35752328581.0,13.415,-23.841,28.476
438,Accel_Log,-0.246,-0.442,-0.835,35976009362,2016-01-09 16:00:15.481,-0.246,-0.442,-0.835,Gyro_Log,13.659,-22.134,31.463,35791395352.0,13.659,-22.134,31.463
439,Accel_Log,-0.287,-0.451,-0.818,36010988789,2016-01-09 16:00:15.520,-0.287,-0.451,-0.818,Gyro_Log,18.232,-25.366,25.244,35815565247.0,18.232,-25.366,25.244
440,Accel_Log,-0.331,-0.462,-0.808,36024502852,2016-01-09 16:00:15.560,-0.331,-0.462,-0.808,Gyro_Log,23.963,-24.146,28.537,35827042643.0,23.963,-24.146,28.537
441,Accel_Log,-0.353,-0.477,-0.809,36027500299,2016-01-09 16:00:15.599,-0.353,-0.477,-0.809,Gyro_Log,21.524,-14.024,30.61,35849248217.0,21.524,-14.024,30.61
442,Accel_Log,-0.335,-0.488,-0.794,36051512227,2016-01-09 16:00:15.640,-0.335,-0.488,-0.794,Gyro_Log,17.622,-8.598,29.512,35853596081.0,17.622,-8.598,29.512
443,Accel_Log,-0.382,-0.502,-0.79,36054072018,2016-01-09 16:00:15.680,-0.382,-0.502,-0.79,Gyro_Log,16.89,-3.841,26.646,35899119204.0,16.89,-3.841,26.646
444,Accel_Log,-0.402,-0.506,-0.81,36101360090,2016-01-09 16:00:15.719,-0.402,-0.506,-0.81,Gyro_Log,18.232,1.829,22.073,35903413215.0,18.232,1.829,22.073
445,Accel_Log,-0.402,-0.511,-0.815,36103840246,2016-01-09 16:00:15.759,-0.402,-0.511,-0.815,Gyro_Log,16.159,10.427,17.317,35949068371.0,16.159,10.427,17.317
446,Accel_Log,-0.397,-0.483,-0.803,36151269465,2016-01-09 16:00:15.799,-0.397,-0.483,-0.803,Gyro_Log,13.659,9.634,11.402,35953319725.0,13.659,9.634,11.402
447,Accel_Log,-0.342,-0.493,-0.801,36153754361,2016-01-09 16:00:15.838,-0.342,-0.493,-0.801,Gyro_Log,9.512,8.841,12.317,35999082434.0,9.512,8.841,12.317
448,Accel_Log,-0.386,-0.493,-0.826,36201226028,2016-01-09 16:00:15.878,-0.386,-0.493,-0.826,,,,,,,,
449,Accel_Log,-0.404,-0.498,-0.84,36203815403,2016-01-09 16:00:15.919,-0.404,-0.498,-0.84,Gyro_Log,3.963,-0.793,9.268,36049100196.0,3.963,-0.793,9.268
450,Accel_Log,-0.394,-0.501,-0.84,36251225456,2016-01-09 16:00:15.958,-0.394,-0.501,-0.84,Gyro_Log,0.183,2.195,7.317,36053417800.0,0.183,2.195,7.317
451,Accel_Log,-0.407,-0.49,-0.823,36253876498,2016-01-09 16:00:15.998,-0.407,-0.49,-0.823,Gyro_Log,1.28,-1.829,2.866,36099239467.0,1.28,-1.829,2.866
452,Accel_Log,-0.411,-0.471,-0.81,36301359779,2016-01-09 16:00:16.037,-0.411,-0.471,-0.81,Gyro_Log,1.098,-3.476,-1.829,36103439466.0,1.098,-3.476,-1.829
453,Accel_Log,-0.399,-0.475,-0.787,36348289934,2016-01-09 16:00:16.077,-0.399,-0.475,-0.787,Gyro_Log,-0.244,-2.439,-3.902,36152012225.0,-0.244,-2.439,-3.902
454,Accel_Log,-0.403,-0.468,-0.799,36352562798,2016-01-09 16:00:16.116,-0.403,-0.468,-0.799,Gyro_Log,-2.073,-3.232,-7.012,36154598631.0,-2.073,-3.232,-7.012
455,Accel_Log,-0.452,-0.493,-0.821,36402198527,2016-01-09 16:00:16.156,-0.452,-0.493,-0.821,,,,,,,,
456,Accel_Log,-0.427,-0.49,-0.86,36420029413,2016-01-09 16:00:16.197,-0.427,-0.49,-0.86,Gyro_Log,-2.927,2.561,-13.049,36228646236.0,-2.927,2.561,-13.049
457,Accel_Log,-0.42,-0.482,-0.87,36457088579,2016-01-09 16:00:16.236,-0.42,-0.482,-0.87,Gyro_Log,-1.037,11.89,-18.293,36270803371.0,-1.037,11.89,-18.293
458,Accel_Log,-0.376,-0.499,-0.837,36477552538,2016-01-09 16:00:16.276,-0.376,-0.499,-0.837,Gyro_Log,2.622,12.622,-25.732,36286325246.0,2.622,12.622,-25.732
459,Accel_Log,-0.367,-0.518,-0.822,36501710506,2016-01-09 16:00:16.316,-0.367,-0.518,-0.822,Gyro_Log,5.854,11.951,-30.061,36312978892.0,5.854,11.951,-30.061
460,Accel_Log,-0.36,-0.521,-0.793,36513043371,2016-01-09 16:00:16.355,-0.36,-0.521,-0.793,Gyro_Log,5.061,2.622,-30.671,36315258163.0,5.061,2.622,-30.671
461,Accel_Log,-0.326,-0.524,-0.81,36548298788,2016-01-09 16:00:16.395,-0.326,-0.524,-0.81,,,,,,,,
462,Accel_Log,-0.296,-0.529,-0.823,36552613996,2016-01-09 16:00:16.436,-0.296,-0.529,-0.823,Gyro_Log,4.939,-3.841,-30.854,36354657329.0,4.939,-3.841,-30.854
463,Accel_Log,-0.283,-0.52,-0.792,36598312434,2016-01-09 16:00:16.475,-0.283,-0.52,-0.792,Gyro_Log,7.805,-6.098,-34.207,36402014465.0,7.805,-6.098,-34.207
464,Accel_Log,-0.241,-0.531,-0.76,36602598475,2016-01-09 16:00:16.515,-0.241,-0.531,-0.76,Gyro_Log,9.634,-3.049,-36.585,36404690767.0,9.634,-3.049,-36.585
465,Accel_Log,-0.263,-0.557,-0.748,36748289153,2016-01-09 16:00:16.554,-0.263,-0.557,-0.748,Gyro_Log,9.695,-2.073,-37.622,36552054778.0,9.695,-2.073,-37.622
466,Accel_Log,-0.254,-0.559,-0.739,36752607018,2016-01-09 16:00:16.594,-0.254,-0.559,-0.739,Gyro_Log,8.902,-4.695,-39.024,36554672591.0,8.902,-4.695,-39.024
467,Accel_Log,-0.22,-0.583,-0.729,36798299986,2016-01-09 16:00:16.633,-0.22,-0.583,-0.729,Gyro_Log,7.561,0.0,-38.537,36601978631.0,7.561,0.0,-38.537
468,Accel_Log,-0.156,-0.577,-0.712,36802510611,2016-01-09 16:00:16.673,-0.156,-0.577,-0.712,,,,,,,,
469,Accel_Log,-0.145,-0.617,-0.716,36848245507,2016-01-09 16:00:16.714,-0.145,-0.617,-0.716,Gyro_Log,3.72,-1.646,-34.512,36651967330.0,3.72,-1.646,-34.512
470,Accel_Log,-0.203,-0.645,-0.732,36852512382,2016-01-09 16:00:16.754,-0.203,-0.645,-0.732,Gyro_Log,-0.488,-1.463,-35.427,36654557174.0,-0.488,-1.463,-35.427
471,Accel_Log,-0.168,-0.64,-0.742,36898300766,2016-01-09 16:00:16.793,-0.168,-0.64,-0.742,,,,,,,,
472,Accel_Log,-0.138,-0.635,-0.784,36902531547,2016-01-09 16:00:16.833,-0.138,-0.635,-0.784,Gyro_Log,-9.939,11.037,-27.683,36704565922.0,-9.939,11.037,-27.683
473,Accel_Log,-0.135,-0.629,-0.82,36949787902,2016-01-09 16:00:16.872,-0.135,-0.629,-0.82,Gyro_Log,-11.707,10.488,-26.037,36758979256.0,-11.707,10.488,-26.037
474,Accel_Log,-0.114,-0.615,-0.828,36962605506,2016-01-09 16:00:16.912,-0.114,-0.615,-0.828,,,,,,,,
475,Accel_Log,-0.08,-0.575,-0.834,36999769882,2016-01-09 16:00:16.953,-0.08,-0.575,-0.834,Gyro_Log,-20.854,13.598,-25.244,36810720402.0,-20.854,13.598,-25.244
476,Accel_Log,0.01,-0.489,-0.859,37016091652,2016-01-09 16:00:17.032,0.01,-0.489,-0.859,Gyro_Log,-22.073,8.659,-20.732,36822444777.0,-22.073,8.659,-20.732
477,Accel_Log,0.023,-0.471,-0.86,37050482694,2016-01-09 16:00:17.071,0.023,-0.471,-0.86,Gyro_Log,-23.232,1.585,-17.988,36863480663.0,-23.232,1.585,-17.988
478,Accel_Log,0.029,-0.465,-0.87,37070147642,2016-01-09 16:00:17.111,0.029,-0.465,-0.87,Gyro_Log,-20.915,-2.378,-15.61,36876517537.0,-20.915,-2.378,-15.61
479,Accel_Log,0.011,-0.469,-0.889,37109082954,2016-01-09 16:00:17.151,0.011,-0.469,-0.889,Gyro_Log,-21.402,-1.585,-13.598,36916731392.0,-21.402,-1.585,-13.598
480,Accel_Log,0.002,-0.431,-0.924,37121797225,2016-01-09 16:00:17.190,0.002,-0.431,-0.924,,,,,,,,
481,Accel_Log,0.007,-0.457,-0.924,37161018840,2016-01-09 16:00:17.231,0.007,-0.457,-0.924,Gyro_Log,-22.195,8.598,-4.512,36963395767.0,-22.195,8.598,-4.512
482,Accel_Log,0.01,-0.453,-0.938,37163208423,2016-01-09 16:00:17.271,0.01,-0.453,-0.938,Gyro_Log,-20.488,10.915,0.244,36999155767.0,-20.488,10.915,0.244
483,Accel_Log,-0.001,-0.428,-0.944,37201352225,2016-01-09 16:00:17.310,-0.001,-0.428,-0.944,Gyro_Log,-20.244,16.402,0.427,37003451131.0,-20.244,16.402,0.427
484,Accel_Log,0.014,-0.425,-0.923,37203923371,2016-01-09 16:00:17.350,0.014,-0.425,-0.923,Gyro_Log,-13.841,18.476,-0.366,37049191340.0,-13.841,18.476,-0.366
485,Accel_Log,0.0,-0.419,-0.911,37251470871,2016-01-09 16:00:17.389,0.0,-0.419,-0.911,Gyro_Log,-5.61,15.671,-0.549,37053664621.0,-5.61,15.671,-0.549
486,Accel_Log,0.011,-0.441,-0.912,37254260558,2016-01-09 16:00:17.429,0.011,-0.441,-0.912,Gyro_Log,-0.915,10.976,-0.183,37099183996.0,-0.915,10.976,-0.183
487,Accel_Log,0.005,-0.477,-0.909,37305448683,2016-01-09 16:00:17.468,0.005,-0.477,-0.909,,,,,,,,
488,Accel_Log,-0.006,-0.503,-0.912,37309002902,2016-01-09 16:00:17.509,-0.006,-0.503,-0.912,Gyro_Log,10.183,2.317,-1.463,37149165402.0,10.183,2.317,-1.463
489,Accel_Log,-0.026,-0.499,-0.893,37349922538,2016-01-09 16:00:17.549,-0.026,-0.499,-0.893,Gyro_Log,15.854,2.012,-5.976,37151976288.0,15.854,2.012,-5.976
490,Accel_Log,-0.04,-0.507,-0.865,37352410194,2016-01-09 16:00:17.589,-0.04,-0.507,-0.865,Gyro_Log,20.061,6.28,-10.488,37199202329.0,20.061,6.28,-10.488
491,Accel_Log,-0.022,-0.521,-0.851,37399261444,2016-01-09 16:00:17.628,-0.022,-0.521,-0.851,Gyro_Log,23.598,8.354,-11.28,37201077329.0,23.598,8.354,-11.28
492,Accel_Log,0.012,-0.553,-0.828,37401174933,2016-01-09 16:00:17.668,0.012,-0.553,-0.828,Gyro_Log,24.024,8.963,-11.037,37249391913.0,24.024,8.963,-11.037
493,Accel_Log,0.022,-0.581,-0.8,37451669413,2016-01-09 16:00:17.707,0.022,-0.581,-0.8,,,,,,,,
494,Accel_Log,0.042,-0.597,-0.802,37453103058,2016-01-09 16:00:17.748,0.042,-0.597,-0.802,Gyro_Log,27.317,6.89,-11.646,37299710871.0,27.317,6.89,-11.646
495,Accel_Log,0.06,-0.615,-0.791,37501325142,2016-01-09 16:00:17.788,0.06,-0.615,-0.791,Gyro_Log,30.122,7.683,-13.415,37303957017.0,30.122,7.683,-13.415
496,Accel_Log,0.076,-0.632,-0.741,37504558110,2016-01-09 16:00:17.827,0.076,-0.632,-0.741,Gyro_Log,33.902,7.622,-13.72,37349654413.0,33.902,7.622,-13.72
497,Accel_Log,0.076,-0.658,-0.707,37648406236,2016-01-09 16:00:17.867,0.076,-0.658,-0.707,Gyro_Log,39.146,10.427,-12.866,37450560923.0,39.146,10.427,-12.866
498,Accel_Log,0.083,-0.689,-0.68,37651126913,2016-01-09 16:00:17.906,0.083,-0.689,-0.68,Gyro_Log,41.098,7.805,-14.024,37453228579.0,41.098,7.805,-14.024
499,Accel_Log,0.121,-0.699,-0.65,37698449986,2016-01-09 16:00:17.946,0.121,-0.699,-0.65,Gyro_Log,41.89,3.476,-15.122,37500626496.0,41.89,3.476,-15.122
500,Accel_Log,0.151,-0.71,-0.603,37701399673,2016-01-09 16:00:17.986,0.151,-0.71,-0.603,,,,,,,,
501,Accel_Log,0.161,-0.719,-0.583,37748403371,2016-01-09 16:00:18.027,0.161,-0.719,-0.583,Gyro_Log,45.305,0.793,-4.39,37550556965.0,45.305,0.793,-4.39
502,Accel_Log,0.143,-0.735,-0.572,37750825350,2016-01-09 16:00:18.066,0.143,-0.735,-0.572,Gyro_Log,43.659,2.195,-1.159,37552737694.0,43.659,2.195,-1.159
503,Accel_Log,0.115,-0.754,-0.534,37798515141,2016-01-09 16:00:18.106,0.115,-0.754,-0.534,Gyro_Log,40.061,2.866,-0.671,37601267433.0,40.061,2.866,-0.671
504,Accel_Log,0.119,-0.76,-0.526,37801615401,2016-01-09 16:00:18.145,0.119,-0.76,-0.526,Gyro_Log,37.683,6.159,-0.549,37603532953.0,37.683,6.159,-0.549
505,Accel_Log,0.116,-0.772,-0.5,37848634309,2016-01-09 16:00:18.185,0.116,-0.772,-0.5,Gyro_Log,36.707,7.378,-0.366,37651296444.0,36.707,7.378,-0.366
506,Accel_Log,0.152,-0.8,-0.478,37852258840,2016-01-09 16:00:18.224,0.152,-0.8,-0.478,,,,,,,,
507,Accel_Log,0.172,-0.824,-0.474,37898869256,2016-01-09 16:00:18.265,0.172,-0.824,-0.474,Gyro_Log,33.293,4.756,4.573,37701679777.0,33.293,4.756,4.573
508,Accel_Log,0.143,-0.808,-0.471,37902861913,2016-01-09 16:00:18.305,0.143,-0.808,-0.471,Gyro_Log,29.329,-2.744,12.195,37705523839.0,29.329,-2.744,12.195
509,Accel_Log,0.146,-0.827,-0.447,37949039777,2016-01-09 16:00:18.344,0.146,-0.827,-0.447,Gyro_Log,22.5,-3.476,19.695,37755033371.0,22.5,-3.476,19.695
510,Accel_Log,0.19,-0.835,-0.43,37957003579,2016-01-09 16:00:18.384,0.19,-0.835,-0.43,Gyro_Log,17.073,-0.61,26.707,37800533058.0,17.073,-0.61,26.707
511,Accel_Log,0.198,-0.802,-0.433,38012284569,2016-01-09 16:00:18.424,0.198,-0.802,-0.433,Gyro_Log,10.732,6.341,33.537,37821364985.0,10.732,6.341,33.537
512,Accel_Log,0.188,-0.792,-0.433,38028529829,2016-01-09 16:00:18.463,0.188,-0.792,-0.433,Gyro_Log,3.902,7.927,40.671,37852222330.0,3.902,7.927,40.671
513,Accel_Log,0.126,-0.818,-0.431,38074179569,2016-01-09 16:00:18.503,0.126,-0.818,-0.431,,,,,,,,
514,Accel_Log,0.088,-0.827,-0.472,38094510767,2016-01-09 16:00:18.544,0.088,-0.827,-0.472,Gyro_Log,-8.476,7.5,53.78,37913585299.0,-8.476,7.5,53.78
515,Accel_Log,0.048,-0.8,-0.504,38114187174,2016-01-09 16:00:18.583,0.048,-0.8,-0.504,Gyro_Log,-16.28,7.744,58.598,37916346861.0,-16.28,7.744,58.598
516,Accel_Log,-0.017,-0.79,-0.549,38116873580,2016-01-09 16:00:18.623,-0.017,-0.79,-0.549,Gyro_Log,-20.793,5.305,59.451,37949106549.0,-20.793,5.305,59.451
517,Accel_Log,-0.074,-0.789,-0.575,38151272122,2016-01-09 16:00:18.662,-0.074,-0.789,-0.575,Gyro_Log,-22.256,6.098,60.305,37953448892.0,-22.256,6.098,60.305
518,Accel_Log,-0.163,-0.765,-0.612,38153913684,2016-01-09 16:00:18.702,-0.163,-0.765,-0.612,Gyro_Log,-29.024,8.598,61.402,37999052745.0,-29.024,8.598,61.402
519,Accel_Log,-0.197,-0.687,-0.631,38201189985,2016-01-09 16:00:18.741,-0.197,-0.687,-0.631,Gyro_Log,-32.866,10.488,61.89,38003321599.0,-32.866,10.488,61.89
520,Accel_Log,-0.225,-0.652,-0.672,38203851964,2016-01-09 16:00:18.782,-0.225,-0.652,-0.672,Gyro_Log,-34.573,7.5,56.341,38049106341.0,-34.573,7.5,56.341
521,Accel_Log,-0.273,-0.647,-0.686,38251276757,2016-01-09 16:00:18.822,-0.273,-0.647,-0.686,Gyro_Log,-36.159,9.573,53.232,38053371028.0,-36.159,9.573,53.232
522,Accel_Log,-0.249,-0.576,-0.702,38253847382,2016-01-09 16:00:18.861,-0.249,-0.576,-0.702,Gyro_Log,-40.793,12.195,50.427,38099092122.0,-40.793,12.195,50.427
523,Accel_Log,-0.292,-0.562,-0.745,38301204153,2016-01-09 16:00:18.901,-0.292,-0.562,-0.745,Gyro_Log,-43.232,10.976,45.183,38103328892.0,-43.232,10.976,45.183
524,Accel_Log,-0.307,-0.588,-0.77,38303782174,2016-01-09 16:00:18.941,-0.307,-0.588,-0.77,Gyro_Log,-43.232,13.78,43.537,38150204308.0,-43.232,13.78,43.537
525,Accel_Log,-0.328,-0.565,-0.812,38356564360,2016-01-09 16:00:18.980,-0.328,-0.565,-0.812,Gyro_Log,-42.988,12.744,39.878,38161224048.0,-42.988,12.744,39.878
526,Accel_Log,-0.35,-0.535,-0.823,38363890923,2016-01-09 16:00:19.020,-0.35,-0.535,-0.823,,,,,,,,
527,Accel_Log,-0.364,-0.542,-0.844,38412195142,2016-01-09 16:00:19.061,-0.364,-0.542,-0.844,Gyro_Log,-37.5,12.561,33.963,38219200246.0,-37.5,12.561,33.963
528,Accel_Log,-0.381,-0.534,-0.87,38424074152,2016-01-09 16:00:19.100,-0.381,-0.534,-0.87,Gyro_Log,-33.902,4.878,34.329,38349322693.0,-33.902,4.878,34.329
529,Accel_Log,-0.38,-0.51,-0.859,38551528318,2016-01-09 16:00:19.140,-0.38,-0.51,-0.859,Gyro_Log,-34.39,-1.768,31.037,38353706703.0,-34.39,-1.768,31.037
530,Accel_Log,-0.385,-0.477,-0.865,38554184464,2016-01-09 16:00:19.179,-0.385,-0.477,-0.865,Gyro_Log,-34.512,-2.073,28.171,38399365870.0,-34.512,-2.073,28.171
531,Accel_Log,-0.388,-0.446,-0.869,38601630974,2016-01-09 16:00:19.219,-0.388,-0.446,-0.869,Gyro_Log,-31.585,-6.646,25.488,38403725766.0,-31.585,-6.646,25.488
532,Accel_Log,-0.407,-0.456,-0.839,38604225089,2016-01-09 16:00:19.258,-0.407,-0.456,-0.839,Gyro_Log,-28.841,-11.037,21.646,38449300974.0,-28.841,-11.037,21.646
533,Accel_Log,-0.417,-0.464,-0.848,38651419203,2016-01-09 16:00:19.298,-0.417,-0.464,-0.848,,,,,,,,
534,Accel_Log,-0.458,-0.432,-0.862,38653980401,2016-01-09 16:00:19.339,-0.458,-0.432,-0.862,Gyro_Log,-23.598,-15.366,15.549,38499100141.0,-23.598,-15.366,15.549
535,Accel_Log,-0.459,-0.425,-0.849,38701301078,2016-01-09 16:00:19.379,-0.459,-0.425,-0.849,Gyro_Log,-18.049,-17.5,12.622,38503442433.0,-18.049,-17.5,12.622
536,Accel_Log,-0.466,-0.417,-0.84,38703978474,2016-01-09 16:00:19.418,-0.466,-0.417,-0.84,Gyro_Log,-11.341,-16.098,12.073,38549010194.0,-11.341,-16.098,12.073
537,Accel_Log,-0.477,-0.412,-0.833,38750975090,2016-01-09 16:00:19.458,-0.477,-0.412,-0.833,Gyro_Log,-5.671,-16.037,10.793,38553164777.0,-5.671,-16.037,10.793
538,Accel_Log,-0.477,-0.421,-0.818,38798253996,2016-01-09 16:00:19.497,-0.477,-0.421,-0.818,Gyro_Log,-1.89,-14.451,9.695,38602027329.0,-1.89,-14.451,9.695
539,Accel_Log,-0.489,-0.417,-0.796,38802548163,2016-01-09 16:00:19.537,-0.489,-0.417,-0.796,,,,,,,,
540,Accel_Log,-0.496,-0.403,-0.799,38849908944,2016-01-09 16:00:19.578,-0.496,-0.403,-0.799,Gyro_Log,1.28,-6.341,6.646,38659573215.0,1.28,-6.341,6.646
541,Accel_Log,-0.493,-0.388,-0.806,38863133735,2016-01-09 16:00:19.617,-0.493,-0.388,-0.806,Gyro_Log,3.232,-4.146,7.317,38667929308.0,3.232,-4.146,7.317
542,Accel_Log,-0.492,-0.395,-0.805,38898359725,2016-01-09 16:00:19.657,-0.492,-0.395,-0.805,Gyro_Log,4.024,-3.78,5.366,38702104256.0,4.024,-3.78,5.366
543,Accel_Log,-0.504,-0.409,-0.806,38902612642,2016-01-09 16:00:19.696,-0.504,-0.409,-0.806,Gyro_Log,4.085,-2.256,4.207,38704653944.0,4.085,-2.256,4.207
544,Accel_Log,-0.519,-0.416,-0.807,38948231285,2016-01-09 16:00:19.736,-0.519,-0.416,-0.807,Gyro_Log,3.11,-0.915,4.329,38751841077.0,3.11,-0.915,4.329
545,Accel_Log,-0.525,-0.42,-0.812,38952360817,2016-01-09 16:00:19.776,-0.525,-0.42,-0.812,Gyro_Log,1.402,-1.341,4.207,38754400765.0,1.402,-1.341,4.207
546,Accel_Log,-0.513,-0.424,-0.816,38998263476,2016-01-09 16:00:19.815,-0.513,-0.424,-0.816,,,,,,,,
547,Accel_Log,-0.522,-0.429,-0.807,39002536809,2016-01-09 16:00:19.856,-0.522,-0.429,-0.807,Gyro_Log,0.61,-2.927,2.256,38804583215.0,0.61,-2.927,2.256
548,Accel_Log,-0.543,-0.424,-0.802,39048241651,2016-01-09 16:00:19.896,-0.543,-0.424,-0.802,Gyro_Log,1.524,-3.78,0.366,38851863735.0,1.524,-3.78,0.366
549,Accel_Log,-0.526,-0.419,-0.787,39052420714,2016-01-09 16:00:19.935,-0.526,-0.419,-0.787,Gyro_Log,1.524,-3.354,-1.22,38854481339.0,1.524,-3.354,-1.22
550,Accel_Log,-0.529,-0.425,-0.783,39098292434,2016-01-09 16:00:19.975,-0.529,-0.425,-0.783,Gyro_Log,2.134,-2.988,-1.951,38901982642.0,2.134,-2.988,-1.951
551,Accel_Log,-0.53,-0.432,-0.771,39102539048,2016-01-09 16:00:20.014,-0.53,-0.432,-0.771,Gyro_Log,2.988,-5.183,-3.11,38904666027.0,2.988,-5.183,-3.11
552,Accel_Log,-0.535,-0.434,-0.774,39148289724,2016-01-09 16:00:20.054,-0.535,-0.434,-0.774,Gyro_Log,2.012,-5.305,-3.232,38952029464.0,2.012,-5.305,-3.232
553,Accel_Log,-0.538,-0.433,-0.788,39152563943,2016-01-09 16:00:20.095,-0.538,-0.433,-0.788,Gyro_Log,2.927,-4.146,-3.659,38954615297.0,2.927,-4.146,-3.659
554,Accel_Log,-0.532,-0.444,-0.77,39200034047,2016-01-09 16:00:20.134,-0.532,-0.444,-0.77,Gyro_Log,4.695,-2.988,-4.634,39010660089.0,4.695,-2.988,-4.634
555,Accel_Log,-0.523,-0.444,-0.773,39214474828,2016-01-09 16:00:20.174,-0.523,-0.444,-0.773,Gyro_Log,4.939,-1.524,-6.22,39019380193.0,4.939,-1.524,-6.22
556,Accel_Log,-0.529,-0.445,-0.783,39249803474,2016-01-09 16:00:20.214,-0.529,-0.445,-0.783,Gyro_Log,3.963,-2.439,-7.012,39059908162.0,3.963,-2.439,-7.012
557,Accel_Log,-0.512,-0.455,-0.765,39263619672,2016-01-09 16:00:20.253,-0.512,-0.455,-0.765,Gyro_Log,2.927,-1.524,-7.622,39068515089.0,2.927,-1.524,-7.622
558,Accel_Log,-0.52,-0.457,-0.765,39299764620,2016-01-09 16:00:20.294,-0.52,-0.457,-0.765,Gyro_Log,2.683,-2.012,-9.024,39109684620.0,2.683,-2.012,-9.024
559,Accel_Log,-0.522,-0.462,-0.773,39313767172,2016-01-09 16:00:20.332,-0.522,-0.462,-0.773,,,,,,,,
560,Accel_Log,-0.51,-0.476,-0.772,39349493840,2016-01-09 16:00:20.373,-0.51,-0.476,-0.772,Gyro_Log,2.134,-2.195,-8.72,39251206599.0,2.134,-2.195,-8.72
561,Accel_Log,-0.515,-0.478,-0.771,39465460766,2016-01-09 16:00:20.413,-0.515,-0.478,-0.771,Gyro_Log,1.89,-2.988,-10.305,39275506965.0,1.89,-2.988,-10.305
562,Accel_Log,-0.505,-0.479,-0.768,39484200662,2016-01-09 16:00:20.452,-0.505,-0.479,-0.768,Gyro_Log,2.012,-2.561,-12.988,39313806183.0,2.012,-2.561,-12.988
563,Accel_Log,-0.484,-0.486,-0.75,39521878892,2016-01-09 16:00:20.492,-0.484,-0.486,-0.75,Gyro_Log,2.744,-1.524,-12.683,39330615090.0,2.744,-1.524,-12.683
