ACCELEROMETER X (m/s²),ACCELEROMETER Y (m/s²),ACCELEROMETER Z (m/s²),GRAVITY X (m/s²),GRAVITY Y (m/s²),GRAVITY Z (m/s²),LINEAR ACCELERATION X (m/s²),LINEAR ACCELERATION Y (m/s²),LINEAR ACCELERATION Z (m/s²),GYROSCOPE X (rad/s),GYROSCOPE Y (rad/s),GYROSCOPE Z (rad/s),MAGNETIC FIELD X (μT),MAGNETIC FIELD Y (μT),MAGNETIC FIELD Z (μT),ORIENTATION Z (azimuth °),ORIENTATION X (pitch °),ORIENTATION Y (roll °),Time since start in ms ,YYYY-MO-DD HH-MI-SS_SSS
-0.1915,-0.2298,9.7492,-0.289,-0.2363,9.7995,0.1166,0.0256,-0.0887,0.0618,0.0128,-0.0192,8.25,-32.5,-25.0,192.55,1.38,1.69,196,2015-10-08 14:08:51:365
-0.1724,-0.2298,9.73,-0.2891,-0.2288,9.7997,0.1167,-0.0011,-0.0697,-0.0107,0.0149,0.1641,7.75,-32.5,-24.75,192.56,1.34,1.69,290,2015-10-08 14:08:51:459
-0.1915,-0.2298,9.7492,-0.2824,-0.2248,9.8,0.0908,-0.0051,-0.0508,0.0682,-0.017,-0.0128,9.0,-32.25,-23.75,194.27,1.44,1.68,396,2015-10-08 14:08:51:565
-0.1915,-0.2107,9.7492,-0.3044,-0.1963,9.8,0.1128,-0.0144,-0.0508,-0.0533,-0.1065,-0.0597,9.25,-32.5,-23.5,194.37,1.36,1.65,490,2015-10-08 14:08:51:659
-0.1532,-0.2298,9.8067,-0.2962,-0.1374,9.8012,0.1429,-0.0924,0.0054,0.0575,0.0256,-0.032,9.25,-34.75,-24.75,193.4,1.15,1.78,590,2015-10-08 14:08:51:759
-0.1724,-0.2107,9.7875,-0.3007,-0.109,9.8014,0.1283,-0.1017,-0.0139,-0.0107,-0.0447,0.0874,9.0,-36.0,-25.25,193.17,0.8,1.73,690,2015-10-08 14:08:51:859
-0.1724,-0.249,9.845,-0.3076,-0.0818,9.8015,0.0969,-0.148,-0.014,0.0064,-0.0511,0.0128,9.75,-35.5,-25.0,194.62,0.61,1.82,791,2015-10-08 14:08:51:960
-0.1915,-0.2298,9.8067,-0.2749,-0.0945,9.8023,0.0834,-0.1354,0.0043,-0.049,-0.0682,-0.1257,7.75,-33.75,-24.75,191.96,0.6,1.7,890,2015-10-08 14:08:52:059
-0.2107,-0.2298,9.7875,-0.2933,-0.0876,9.8019,0.0826,-0.1422,-0.0144,-0.0234,0.0533,0.0959,7.75,-32.25,-26.0,192.7,0.58,1.6,991,2015-10-08 14:08:52:160
-0.1532,-0.249,9.7109,-0.2936,-0.1063,9.8017,0.1404,-0.1427,-0.0908,-0.066,-0.0256,-0.0597,7.75,-33.75,-25.5,193.93,0.61,1.71,1090,2015-10-08 14:08:52:259
-0.2107,-0.2298,9.7683,-0.2828,-0.1246,9.8018,0.0721,-0.067,-0.1101,0.0128,-0.0469,-0.0426,8.5,-35.0,-25.5,191.6,0.72,1.71,1190,2015-10-08 14:08:52:359
-0.1724,-0.2298,9.7683,-0.2624,-0.1245,9.8023,0.09,-0.0862,-0.1106,-0.0213,0.0192,0.0107,7.75,-35.0,-25.5,191.61,0.69,1.63,1290,2015-10-08 14:08:52:459
-0.1724,-0.2107,9.7492,-0.2687,-0.0862,9.8026,0.1012,-0.1142,-0.0532,0.0256,-0.0149,0.0852,8.5,-33.75,-24.75,193.61,0.58,1.61,1390,2015-10-08 14:08:52:559
-0.1915,-0.2298,9.73,-0.2726,-0.0631,9.8027,0.1019,-0.1429,-0.0725,0.0383,-0.0021,0.0554,8.75,-34.75,-24.75,193.28,0.42,1.59,1490,2015-10-08 14:08:52:659
-0.1915,-0.2682,9.8067,-0.2657,-0.0682,9.8028,0.1013,-0.1652,-0.0726,0.0937,-0.0021,0.0064,7.75,-34.0,-24.5,192.08,0.36,1.64,1590,2015-10-08 14:08:52:759
-0.1915,-0.2873,9.7109,-0.265,-0.0381,9.803,0.0781,-0.2511,-0.092,-0.0937,-0.1364,0.0362,8.75,-33.75,-25.0,193.71,0.22,1.55,1690,2015-10-08 14:08:52:859
-0.2107,-0.2682,9.73,-0.2681,-0.0263,9.8029,0.0204,-0.1814,-0.0158,-0.1726,-0.049,-0.1172,8.0,-33.75,-24.5,192.16,0.15,1.57,1790,2015-10-08 14:08:52:959
-0.1532,-0.2873,9.8067,-0.2446,-0.0421,9.8035,0.0721,-0.2737,-0.1118,0.0234,-0.1065,-0.1236,8.75,-33.75,-25.25,193.81,0.17,1.49,1890,2015-10-08 14:08:53:059
-0.2298,-0.249,9.7109,-0.2386,-0.0482,9.8036,0.0248,-0.1945,-0.0546,0.0575,-0.0405,-0.0234,8.75,-33.75,-25.25,193.81,0.28,1.39,1990,2015-10-08 14:08:53:159
-0.1724,-0.249,9.7109,-0.2099,-0.0274,9.8044,0.0279,-0.2103,-0.0745,-0.0362,-0.0554,-0.0469,10.25,-33.75,-25.5,195.52,0.16,1.23,2090,2015-10-08 14:08:53:259
-0.2107,-0.249,9.7109,-0.2034,-0.0728,9.8043,-0.0092,-0.1654,-0.0935,0.0383,0.0128,-0.0618,8.75,-34.75,-26.0,193.55,0.31,1.16,2190,2015-10-08 14:08:53:359
-0.1532,-0.249,9.7109,-0.1958,-0.0775,9.8044,0.0043,-0.1715,0.0023,-0.0362,-0.0746,0.1491,7.75,-33.75,-25.5,192.33,0.42,1.21,2291,2015-10-08 14:08:53:460
-0.2107,-0.1915,9.7492,-0.2289,-0.0719,9.8037,0.0182,-0.1197,-0.0545,-0.0383,-0.0554,-0.1044,7.5,-33.75,-25.5,192.33,0.42,1.21,2391,2015-10-08 14:08:53:560
-0.1341,-0.2107,9.73,-0.202,-0.065,9.8044,0.068,-0.1457,-0.0743,-0.0043,-0.0746,-0.0043,8.25,-32.75,-25.0,192.71,0.38,1.18,2491,2015-10-08 14:08:53:660
-0.2298,-0.1915,9.7109,-0.1563,-0.0899,9.805,-0.0736,-0.1016,-0.0941,-0.0043,-0.0064,0.0213,8.75,-32.75,-25.0,194.44,0.44,1.03,2591,2015-10-08 14:08:53:760
-0.1532,-0.249,9.73,-0.1636,-0.0795,9.805,0.0104,-0.1695,-0.0749,0.0639,0.0192,0.0128,9.25,-33.25,-25.5,194.49,0.46,0.96,2691,2015-10-08 14:08:53:860
-0.2107,-0.2298,9.7109,-0.1586,-0.0595,9.8052,-0.0681,-0.1769,-0.0367,0.0447,-0.0916,0.0746,8.5,-34.25,-25.75,194.1,0.35,0.93,2790,2015-10-08 14:08:53:959
-0.1915,-0.249,9.7109,-0.1419,-0.0695,9.8054,-0.0497,-0.1795,-0.0945,0.0107,-0.0405,-0.0192,9.0,-35.5,-25.0,194.14,0.36,0.9,2890,2015-10-08 14:08:54:059
-0.1724,-0.249,9.7109,-0.1516,-0.0322,9.8054,-0.0207,-0.2168,-0.0945,0.032,0.017,-0.066,8.5,-36.25,-25.75,193.44,0.36,0.83,2990,2015-10-08 14:08:54:159
-0.1724,-0.1915,9.7492,-0.1563,-0.025,9.8054,-0.0352,-0.1857,-0.0945,0.0575,-0.1214,-0.0426,10.0,-35.0,-25.25,193.77,0.13,0.89,3090,2015-10-08 14:08:54:259
-0.1532,-0.2107,9.7109,-0.1737,-0.0341,9.8051,0.0205,-0.1766,-0.0367,-0.0362,0.0874,-0.0107,9.5,-33.0,-25.5,196.11,0.23,1.01,3190,2015-10-08 14:08:54:359
-0.1915,-0.2298,9.6917,-0.1763,0.0056,9.8051,0.0039,-0.1971,-0.0942,0.0149,-0.0149,0.0405,9.5,-34.5,-25.0,195.69,-0.03,1.03,3291,2015-10-08 14:08:54:460
-0.2107,-0.249,9.7492,-0.1573,0.0472,9.8053,-0.0725,-0.2771,-0.0752,0.066,-0.0362,0.0405,9.0,-33.0,-25.25,194.15,-0.14,0.98,3390,2015-10-08 14:08:54:559
-0.1724,-0.2107,9.6917,-0.1676,0.0623,9.805,-0.0239,-0.2538,-0.0941,-0.0277,-0.0298,0.0192,9.75,-33.5,-26.0,194.67,-0.39,0.93,3490,2015-10-08 14:08:54:659
-0.2107,-0.1915,9.73,-0.1559,0.0617,9.8052,-0.0547,-0.2533,-0.0752,0.1491,0.0341,0.0405,9.5,-36.0,-25.5,194.22,-0.32,0.93,3591,2015-10-08 14:08:54:760
-0.2107,-0.2298,9.7109,-0.1443,0.1,9.8051,-0.0664,-0.3298,-0.0942,0.0021,-0.0469,-0.0426,8.0,-35.5,-25.5,192.39,-0.58,0.84,3690,2015-10-08 14:08:54:859
-0.2107,-0.2107,9.6726,-0.1254,0.1046,9.8053,-0.0852,-0.3344,-0.0944,-0.0192,-0.0554,0.066,9.75,-34.0,-25.75,196.0,-0.61,0.73,3791,2015-10-08 14:08:54:960
-0.1915,-0.249,9.7875,-0.1172,0.1113,9.8053,-0.0744,-0.3795,-0.1136,0.1001,-0.0554,-0.0724,9.75,-34.25,-25.75,196.04,-0.65,0.68,3891,2015-10-08 14:08:55:060
-0.1532,-0.249,9.7109,-0.1094,0.0871,9.8057,-0.0822,-0.317,-0.0756,0.017,0.0703,-0.066,9.5,-33.75,-26.0,194.03,-0.59,0.7,3991,2015-10-08 14:08:55:160
-0.2107,-0.249,9.7109,-0.1298,0.0802,9.8055,-0.0618,-0.3292,-0.0754,-0.0128,-0.0405,0.0064,9.75,-35.75,-25.5,195.12,-0.47,0.76,4091,2015-10-08 14:08:55:260
-0.2107,-0.249,9.7683,-0.1103,0.0509,9.8059,-0.0812,-0.2807,-0.0184,0.0128,-0.0682,0.0682,9.25,-35.25,-26.0,194.02,-0.36,0.67,4191,2015-10-08 14:08:55:360
-0.1915,-0.2298,9.7109,-0.1044,0.0252,9.8061,-0.068,-0.2742,-0.0952,-0.0703,0.0043,-0.0511,9.5,-35.0,-25.5,194.01,-0.25,0.67,4291,2015-10-08 14:08:55:460
-0.1532,-0.2298,9.7683,-0.1205,-0.0049,9.8059,-0.0711,-0.225,-0.095,0.0128,0.0149,-0.0405,9.25,-34.5,-25.5,194.42,-0.01,0.59,4391,2015-10-08 14:08:55:560
-0.1915,-0.1724,9.73,-0.1261,-0.0097,9.8058,-0.0463,-0.201,-0.0566,-0.0362,0.0341,0.0937,8.75,-34.25,-26.25,195.04,0.03,0.7,4491,2015-10-08 14:08:55:660
-0.1532,-0.2107,9.73,-0.1111,-0.0069,9.806,-0.0349,-0.2083,-0.0759,0.0234,0.0107,0.0213,8.0,-33.75,-26.5,192.7,0.06,0.74,4591,2015-10-08 14:08:55:760
-0.1532,-0.2107,9.7683,-0.0854,-1.0E-4,9.8063,-0.0679,-0.2106,-0.0379,-0.0703,0.0341,0.032,9.0,-35.25,-26.0,194.35,0.04,0.65,4690,2015-10-08 14:08:55:859
-0.2298,-0.1915,9.7683,-0.1054,-0.0442,9.806,-0.1244,-0.1473,-0.0376,0.0447,-0.0149,0.0597,8.5,-35.25,-26.5,193.97,0.21,0.59,4790,2015-10-08 14:08:55:959
-0.1915,-0.249,9.7492,-0.1333,-0.062,9.8055,-0.0582,-0.187,-0.0564,-0.0213,-0.0085,-0.0788,8.25,-35.5,-26.75,192.33,0.45,0.65,4890,2015-10-08 14:08:56:059
-0.1915,-0.249,9.73,-0.1591,-0.0372,9.8053,-0.0869,-0.1372,-0.0754,0.1257,0.0533,0.0511,8.75,-35.0,-26.25,193.76,0.26,0.88,4990,2015-10-08 14:08:56:159
-0.1915,-0.2298,9.73,-0.14,-0.0236,9.8056,-0.0463,-0.2204,-0.0755,0.2131,-0.032,0.0192,9.0,-35.0,-25.75,193.82,0.19,0.82,5090,2015-10-08 14:08:56:259
-0.1724,-0.2298,9.7683,-0.1363,-0.0623,9.8055,-0.0289,-0.1659,-0.0754,0.0192,0.0469,0.0021,9.5,-35.25,-25.0,195.32,0.3,0.86,5190,2015-10-08 14:08:56:359
-0.1532,-0.2298,9.7109,-0.1377,-0.0578,9.8055,-0.0577,-0.1737,0.0011,-0.0021,0.0916,-0.0213,9.25,-35.0,-25.0,193.86,0.32,0.75,5290,2015-10-08 14:08:56:459
-0.1724,-0.249,9.73,-0.1547,-0.0712,9.8052,-0.0177,-0.1778,-0.0751,0.049,-0.0298,-0.0064,8.75,-34.75,-25.5,193.71,0.42,0.95,5390,2015-10-08 14:08:56:559
-0.2298,-0.2298,9.7875,-0.1726,-0.1122,9.8045,-0.0381,-0.1368,-0.0745,0.0256,0.0341,-0.0639,9.25,-35.25,-25.75,193.56,0.74,1.04,5490,2015-10-08 14:08:56:659
-0.1724,-0.2682,9.8067,-0.1877,-0.12,9.8041,-0.0038,-0.1481,-0.0741,-0.0064,0.0724,0.0639,9.0,-34.25,-25.75,193.88,0.77,1.12,5591,2015-10-08 14:08:56:760
-0.2107,-0.2298,9.7875,-0.1981,-0.0927,9.8042,0.0066,-0.1563,-0.0359,0.1023,0.0192,0.1449,8.0,-34.25,-24.75,192.35,0.65,1.13,5691,2015-10-08 14:08:56:860
-0.1724,-0.249,9.7492,-0.2108,-0.066,9.8042,0.0453,-0.1879,-0.0549,-0.0192,0.0618,-0.1044,7.5,-35.0,-25.0,191.97,0.4,1.25,5790,2015-10-08 14:08:56:959
-0.1915,-0.2682,9.7875,-0.2189,-0.0791,9.8039,0.0211,-0.1884,-0.0165,0.0405,-0.017,-0.0256,7.75,-32.75,-25.5,192.63,0.46,1.28,5890,2015-10-08 14:08:57:059
-0.2107,-0.249,9.7683,-0.2036,-0.097,9.8041,-0.0071,-0.152,-0.0357,0.0362,0.0107,0.0298,8.0,-34.0,-26.25,192.62,0.42,1.25,5990,2015-10-08 14:08:57:159
-0.1915,-0.249,9.73,-0.1813,-0.0787,9.8047,0.002,-0.182,0.0021,0.0298,0.0128,-0.0149,8.75,-35.0,-25.75,192.25,0.55,1.23,6090,2015-10-08 14:08:57:259
-0.1915,-0.249,9.8258,-0.1914,-0.0911,9.8044,-0.0072,-0.1584,0.0213,0.0149,0.0426,0.0447,7.75,-35.0,-25.25,192.04,0.54,1.1,6190,2015-10-08 14:08:57:359
-0.1724,-0.2298,9.73,-0.176,-0.0973,9.8046,-0.0025,-0.1673,-0.0934,0.0149,-0.0533,0.0831,8.25,-34.25,-25.0,192.01,0.62,1.13,6290,2015-10-08 14:08:57:459
-0.1724,-0.249,9.7875,-0.171,-0.1176,9.8045,-0.0014,-0.1314,-0.017,0.0639,0.1214,0.066,8.0,-34.25,-25.25,192.48,0.65,0.94,6391,2015-10-08 14:08:57:560
-0.1724,-0.2298,9.73,-0.1847,-0.1031,9.8044,-0.0069,-0.1268,0.0023,-0.049,-0.0597,0.017,8.5,-35.25,-25.5,193.59,0.6,1.08,6491,2015-10-08 14:08:57:660
-0.1915,-0.2107,9.7683,-0.1822,-0.1269,9.8041,-0.0094,-0.1029,0.0025,0.0043,0.066,0.017,8.25,-34.25,-25.5,192.38,0.74,1.06,6591,2015-10-08 14:08:57:760
-0.1915,-0.2298,9.73,-0.2093,-0.1211,9.8037,0.0178,-0.1088,-0.0928,-0.0234,0.0298,0.0746,8.75,-35.75,-25.5,191.65,0.7,1.18,6690,2015-10-08 14:08:57:859
-0.1915,-0.2298,9.73,-0.1863,-0.1446,9.8038,0.0139,-0.1044,-0.0738,0.0213,0.0597,0.017,8.5,-35.75,-26.0,191.64,0.76,1.13,6791,2015-10-08 14:08:57:960
-0.1915,-0.2298,9.8258,-0.1854,-0.157,9.8036,-0.0012,-0.0711,-0.0735,-0.0128,0.0554,0.0021,9.5,-35.0,-25.25,195.06,0.92,1.08,6891,2015-10-08 14:08:58:060
-0.1724,-0.2298,9.7109,-0.1872,-0.1502,9.8037,0.0148,-0.0797,-0.0354,-0.098,-0.0192,0.1108,8.25,-35.0,-25.0,191.96,0.87,1.16,6991,2015-10-08 14:08:58:160
-0.1915,-0.249,9.845,-0.194,-0.1563,9.8035,0.0131,-0.0815,-0.0543,-0.1108,-0.0831,0.0682,7.0,-36.0,-25.75,191.69,0.8,1.09,7090,2015-10-08 14:08:58:259
-0.1915,-0.2298,9.73,-0.2061,-0.1589,9.8032,0.0385,-0.0505,-0.0156,-0.0128,0.0597,0.0937,7.25,-35.5,-26.25,190.32,0.93,1.2,7190,2015-10-08 14:08:58:359
-0.1915,-0.2682,9.8067,-0.1986,-0.1516,9.8035,0.0071,-0.0974,-0.1117,0.1641,-0.0021,-0.0341,8.5,-36.75,-26.5,192.76,0.89,1.16,7290,2015-10-08 14:08:58:459
-0.1915,-0.2298,9.7109,-0.1938,-0.1378,9.8038,0.0023,-0.092,-0.0929,0.0874,0.0362,0.0256,9.0,-36.25,-26.25,193.07,0.88,1.2,7391,2015-10-08 14:08:58:560
-0.1724,-0.249,9.8258,-0.1732,-0.1215,9.8044,-0.0205,-0.1169,-0.1125,0.0831,-0.0085,-0.0234,9.0,-35.0,-26.25,194.61,0.77,1.16,7490,2015-10-08 14:08:58:659
-0.1724,-0.2873,9.7492,-0.1986,-0.1503,9.8035,0.0069,-0.105,-0.0735,-0.0405,-0.0128,-0.0192,8.25,-36.25,-25.75,193.6,0.71,1.04,7591,2015-10-08 14:08:58:760
-0.1724,-0.249,9.6917,-0.217,-0.1238,9.8035,0.0446,-0.1252,-0.1117,0.1108,0.0767,0.0575,9.25,-36.25,-26.0,194.61,0.87,1.13,7690,2015-10-08 14:08:58:859
-0.1915,-0.2107,9.8067,-0.2548,-0.1383,9.8024,0.0633,-0.0724,0.0043,-0.0064,0.0554,0.0298,10.0,-36.25,-25.5,194.43,0.71,1.5,7790,2015-10-08 14:08:58:959
-0.1724,-0.2107,9.7875,-0.2655,-0.1734,9.8015,0.0931,-0.0373,-0.014,-0.0362,0.1321,-0.0213,10.0,-35.75,-26.0,194.35,0.83,1.52,7890,2015-10-08 14:08:59:059
-0.2107,-0.2298,9.7109,-0.2562,-0.211,9.801,0.0482,-0.0163,-0.1092,-0.0107,-0.0192,0.0021,9.5,-35.5,-26.5,195.76,1.1,1.54,7991,2015-10-08 14:08:59:160
-0.1915,-0.2107,9.73,-0.2554,-0.2164,9.8009,0.0639,0.0057,-0.1092,0.032,-0.0107,-0.0469,9.75,-35.25,-26.0,194.61,1.14,1.62,8091,2015-10-08 14:08:59:260
-0.2107,-0.1915,9.73,-0.2658,-0.2185,9.8006,0.0551,0.0269,-0.0706,0.0256,0.0682,-0.0788,10.5,-36.0,-25.0,195.75,1.27,1.57,8190,2015-10-08 14:08:59:359
-0.1724,-0.249,9.7492,-0.2602,-0.2307,9.8005,0.0879,-0.0183,-0.0513,-0.0746,-0.0639,-0.0959,9.25,-36.5,-26.5,192.78,1.35,1.52,8290,2015-10-08 14:08:59:459
-0.1915,-0.2298,9.7109,-0.2477,-0.2488,9.8004,0.0562,0.019,-0.0895,-0.0362,-0.0916,0.1555,9.0,-36.75,-26.0,192.49,1.45,1.45,8390,2015-10-08 14:08:59:559
-0.1724,-0.249,9.7875,-0.2522,-0.2377,9.8005,0.0798,-0.0113,-0.013,0.0149,0.0128,-0.0149,8.5,-36.5,-25.5,192.89,1.5,1.41,8491,2015-10-08 14:08:59:660
-0.1915,-0.249,9.73,-0.2454,-0.216,9.8012,0.0538,-0.033,-0.0712,0.032,-0.049,0.0128,9.75,-36.5,-25.5,192.82,1.31,1.48,8590,2015-10-08 14:08:59:759
-0.1724,-0.2298,9.7109,-0.2301,-0.2277,9.8013,0.0386,-0.0404,-0.0904,0.0383,-0.0916,-0.1236,9.5,-36.75,-25.5,194.06,1.33,1.35,8692,2015-10-08 14:08:59:861
-0.1915,-0.2298,9.7875,-0.2087,-0.2099,9.8022,0.0363,-0.0199,-0.0913,-0.049,-0.0234,0.1513,10.25,-37.25,-25.75,194.12,1.23,1.22,8794,2015-10-08 14:08:59:963
-0.1915,-0.2107,9.8258,-0.2207,-0.2004,9.8021,0.01,-0.0103,-0.0912,0.0021,-0.0447,-0.0575,9.75,-35.75,-25.5,194.11,1.2,1.23,8890,2015-10-08 14:09:00:059
-0.1915,-0.2107,9.7492,-0.1974,-0.162,9.8033,0.025,-0.0296,-0.0924,0.0149,0.0682,0.1641,9.75,-35.0,-25.5,193.09,0.98,1.21,8990,2015-10-08 14:09:00:159
-0.1724,-0.2298,9.6726,-0.1905,-0.1605,9.8035,0.0181,-0.0693,-0.1309,0.0362,-0.0639,-0.0107,10.0,-34.75,-25.5,195.32,0.95,1.25,9090,2015-10-08 14:09:00:259
-0.2107,-0.2107,9.7875,-0.1975,-0.1879,9.8029,-0.0132,-0.0228,-0.0154,-0.098,0.098,-0.0959,9.75,-35.0,-25.25,194.64,1.02,1.04,9190,2015-10-08 14:09:00:359
-0.1724,-0.2298,9.8067,-0.1973,-0.2084,9.8024,0.0387,-0.039,-0.0338,0.0128,-0.0447,-0.0575,8.5,-34.75,-25.5,193.45,1.22,1.15,9290,2015-10-08 14:09:00:459
-0.1915,-0.2298,9.73,-0.2501,-0.1853,9.8017,0.0841,-0.0751,-0.0334,0.0128,0.0937,-0.0405,9.5,-34.5,-25.0,194.88,1.23,1.28,9390,2015-10-08 14:09:00:559
-0.2107,-0.2107,9.7683,-0.2247,-0.1631,9.8027,0.014,-0.0476,-0.0344,-0.0149,-0.0724,0.0192,9.75,-35.0,-24.75,194.49,1.01,1.33,9491,2015-10-08 14:09:00:660
-0.1915,-0.1915,9.73,-0.2574,-0.1851,9.8015,0.0659,-0.0064,-0.0715,-0.0788,0.1641,-0.0234,8.5,-35.5,-24.5,193.01,1.01,1.38,9591,2015-10-08 14:09:00:760
-0.1915,-0.2298,9.6917,-0.2826,-0.2119,9.8003,0.091,-0.0179,-0.1086,-0.0107,0.0533,0.0703,9.0,-36.25,-24.5,192.81,1.24,1.65,9691,2015-10-08 14:09:00:860
-0.1532,-0.2107,9.8067,-0.2305,-0.2322,9.8012,0.0772,0.0215,0.0055,-0.0149,-0.0554,-0.1278,9.25,-35.0,-24.25,193.31,1.3,1.4,9790,2015-10-08 14:09:00:959
-0.1915,-0.249,9.8067,-0.2336,-0.2466,9.8008,0.0612,0.0359,-0.0133,-0.0383,0.049,-0.0405,9.5,-32.75,-25.25,195.67,1.37,1.31,9890,2015-10-08 14:09:01:059
-0.2298,-0.249,9.7109,-0.2274,-0.2612,9.8005,0.0358,0.0505,0.0061,-0.0554,-0.0937,-0.0256,9.25,-33.75,-25.5,193.98,1.47,1.36,9990,2015-10-08 14:09:01:159
-0.1915,-0.249,9.7109,-0.2452,-0.2825,9.7995,0.0645,0.0438,-0.0316,-0.0852,0.0107,-0.0128,8.75,-35.25,-25.5,193.19,1.65,1.43,10090,2015-10-08 14:09:01:259
-0.1915,-0.249,9.73,-0.2713,-0.2631,9.7994,0.0735,0.0186,-0.0694,0.0533,-0.0469,-0.0533,8.5,-33.25,-24.75,193.86,1.56,1.58,10239,2015-10-08 14:09:01:408
-0.1915,-0.249,9.6917,-0.2809,-0.2678,9.799,0.0896,0.0164,-0.069,-0.0724,-0.0128,0.0575,7.75,-33.75,-25.25,191.86,1.56,1.64,10290,2015-10-08 14:09:01:459
-0.1915,-0.2107,9.7109,-0.2551,-0.2733,9.7995,0.044,0.0264,-0.0886,0.0149,0.0149,0.0554,9.25,-33.75,-25.0,193.53,1.6,1.49,10390,2015-10-08 14:09:01:559
-0.1915,-0.2298,9.7109,-0.2659,-0.2852,9.7989,0.0743,0.0554,-0.088,0.0341,0.0192,0.0064,8.0,-33.5,-25.0,192.24,1.65,1.56,10490,2015-10-08 14:09:01:659
-0.1915,-0.2298,9.7109,-0.2436,-0.2846,9.7995,0.052,0.0548,-0.0886,-0.0554,-0.017,-0.049,8.75,-34.25,-25.0,193.56,1.66,1.42,10594,2015-10-08 14:09:01:763
-0.2107,-0.2107,9.73,-0.2512,-0.3072,9.7986,0.0405,0.0965,-0.0686,-0.0149,0.0149,0.0064,8.75,-34.25,-25.25,193.62,1.73,1.33,10690,2015-10-08 14:09:01:859
-0.1724,-0.2107,9.73,-0.2474,-0.3175,9.7984,0.0666,0.1116,-0.0684,-0.0469,-0.0554,-0.1854,8.75,-34.25,-25.5,193.53,1.75,1.46,10790,2015-10-08 14:09:01:959
-0.1915,-0.2298,9.8067,-0.1918,-0.3378,9.799,0.0195,0.1271,-0.0881,-0.0085,-0.0362,0.0639,8.75,-34.25,-25.0,193.72,1.97,1.12,10890,2015-10-08 14:09:02:059
-0.1724,-0.2298,9.7109,-0.1906,-0.3337,9.7991,0.0182,0.1038,-0.0116,0.0277,0.0128,0.0724,8.5,-33.5,-24.75,192.45,1.9,1.22,10991,2015-10-08 14:09:02:160
-0.1915,-0.2298,9.6917,-0.192,-0.336,9.799,5.0E-4,0.1062,-0.1073,0.0426,0.0469,-0.0447,8.75,-34.0,-24.75,193.7,1.95,1.17,11090,2015-10-08 14:09:02:259
-0.2107,-0.2298,9.7109,-0.2046,-0.2944,9.8001,0.0131,0.0837,-0.1084,0.098,-0.0277,0.0298,9.25,-35.0,-24.75,193.28,1.77,1.27,11190,2015-10-08 14:09:02:359
-0.1724,-0.2298,9.6917,-0.1741,-0.2828,9.801,-0.0174,0.0721,-0.071,0.0107,-0.0937,0.0107,9.0,-34.75,-25.75,193.71,1.72,1.2,11291,2015-10-08 14:09:02:460
-0.1915,-0.2298,9.73,-0.15,-0.2788,9.8015,-0.0416,0.049,-0.0907,-0.0021,0.0149,-0.098,8.75,-34.5,-25.25,193.9,1.65,0.94,11391,2015-10-08 14:09:02:560
-0.1915,-0.2107,9.7492,-0.1749,-0.281,9.8011,-0.0358,0.0703,-0.071,-0.0234,-0.017,-0.0085,9.0,-34.0,-25.25,192.38,1.63,0.88,11491,2015-10-08 14:09:02:660
-0.1915,-0.249,9.7109,-0.1842,-0.2573,9.8015,-0.0073,0.0275,-0.0524,0.0021,-0.017,-0.0128,10.25,-34.25,-25.0,195.37,1.58,1.07,11591,2015-10-08 14:09:02:760
-0.2107,-0.249,9.6917,-0.1697,-0.2738,9.8014,-0.0334,0.012,-0.0713,0.0383,0.0597,0.1001,9.5,-32.0,-25.25,196.27,1.63,1.04,11690,2015-10-08 14:09:02:859
-0.2107,-0.249,9.73,-0.179,-0.2287,9.8023,0.0066,-0.0012,-0.0915,0.049,0.0895,-0.0149,8.5,-33.5,-25.5,194.26,1.43,1.05,11790,2015-10-08 14:09:02:959
-0.2107,-0.249,9.7875,-0.1958,-0.2447,9.8016,0.0042,-0.0043,-0.0716,0.0192,-0.0256,-0.0831,8.25,-35.0,-25.5,191.89,1.43,1.14,11890,2015-10-08 14:09:03:059
-0.1724,-0.2298,9.73,-0.189,-0.2428,9.8018,0.0166,0.013,-0.0718,-0.0682,-0.0724,0.0746,8.5,-34.75,-25.25,193.37,1.46,1.22,11990,2015-10-08 14:09:03:159
-0.1724,-0.2107,9.7683,-0.1803,-0.2516,9.8018,0.008,0.0409,-0.0334,-0.0767,-0.0831,0.0895,8.5,-34.25,-24.75,193.88,1.43,1.01,12090,2015-10-08 14:09:03:259
-0.1915,-0.2107,9.7109,-0.1636,-0.2875,9.8011,-0.0279,0.0768,-0.0902,-0.0511,0.0383,-0.0085,8.25,-34.0,-25.5,192.28,1.48,1.05,12190,2015-10-08 14:09:03:359
-0.1915,-0.2107,9.8258,-0.1578,-0.2872,9.8012,-0.0337,0.0765,0.0246,0.0852,-0.0149,-0.0107,8.75,-34.25,-26.25,193.91,1.67,0.87,12291,2015-10-08 14:09:03:460
-0.2107,-0.2107,9.7109,-0.1804,-0.2859,9.8008,-0.0302,0.0752,-0.0899,-0.0724,0.0362,0.0234,8.75,-33.75,-25.75,193.84,1.63,0.98,12391,2015-10-08 14:09:03:560
-0.1915,-0.2107,9.7109,-0.1978,-0.2904,9.8004,0.0062,0.0605,-0.1086,0.0511,0.0256,-0.0469,8.75,-36.0,-25.0,193.04,1.77,1.12,12491,2015-10-08 14:09:03:660
-0.1915,-0.2298,9.7683,-0.1716,-0.2591,9.8017,-0.0095,0.0378,-0.0908,-0.0043,0.049,0.0341,8.75,-33.75,-25.0,193.85,1.54,1.04,12590,2015-10-08 14:09:03:759
-0.1915,-0.249,9.73,-0.1459,-0.2566,9.8022,-0.0486,-0.0051,-0.0725,0.0107,-0.017,0.0085,7.75,-33.5,-24.25,192.7,1.51,1.0,12691,2015-10-08 14:09:03:860
-0.1915,-0.249,9.7109,-0.1466,-0.2489,9.8024,-0.0483,0.001,-0.0915,0.0575,0.032,0.0128,8.75,-35.0,-25.25,193.68,1.53,0.74,12791,2015-10-08 14:09:03:960
-0.1915,-0.2298,9.7683,-0.136,-0.2391,9.8028,-0.0599,0.0163,-0.0343,0.0724,0.049,-0.0874,8.25,-34.25,-24.5,192.54,1.38,0.74,12891,2015-10-08 14:09:04:060
-0.1915,-0.2107,9.73,-0.1096,-0.2071,9.8039,-0.1011,-0.0227,-0.0164,0.0341,0.1023,0.0298,8.75,-36.0,-25.0,193.39,1.29,0.68,12991,2015-10-08 14:09:04:160
-0.1724,-0.2107,9.7492,-0.1403,-0.2279,9.803,-0.0512,-0.0211,-0.0155,0.115,0.0533,-0.032,9.0,-35.5,-25.0,193.69,1.3,0.77,13091,2015-10-08 14:09:04:260
-0.2107,-0.2107,9.7683,-0.134,-0.2174,9.8033,-0.0383,-0.0124,-0.0733,-0.0597,0.0405,-0.017,9.0,-34.25,-24.75,194.01,1.43,0.83,13191,2015-10-08 14:09:04:360
-0.2107,-0.249,9.7109,-0.1211,-0.1901,9.8041,-0.0896,-0.0589,-0.0932,-0.0277,-0.13,0.032,8.5,-34.5,-24.25,194.13,1.12,0.78,13290,2015-10-08 14:09:04:459
-0.1724,-0.249,9.73,-0.1306,-0.167,9.8044,-0.0418,-0.082,-0.0743,0.0021,0.049,0.0341,8.75,-35.0,-24.5,193.76,1.03,0.77,13390,2015-10-08 14:09:04:559
-0.1724,-0.2298,9.73,-0.1494,-0.1707,9.804,-0.0613,-0.0783,-0.074,0.0511,0.0043,0.0362,9.75,-35.25,-25.0,195.19,1.0,0.87,13490,2015-10-08 14:09:04:659
-0.1915,-0.2298,9.8067,-0.1398,-0.1824,9.804,-0.0311,-0.0441,-0.0738,0.115,-0.032,-0.0362,9.0,-34.75,-24.75,192.42,1.11,0.92,13590,2015-10-08 14:09:04:759
-0.2107,-0.2107,9.73,-0.1359,-0.1909,9.8039,-0.0768,-0.023,-0.0739,0.0128,0.0192,-0.1023,9.25,-35.5,-25.5,193.75,1.11,0.73,13690,2015-10-08 14:09:04:859
-0.1915,-0.2298,9.8067,-0.1513,-0.1915,9.8036,-0.0452,-0.0463,0.0028,0.0426,0.0149,0.017,8.5,-34.5,-25.25,194.04,1.07,0.87,13790,2015-10-08 14:09:04:959
-0.2107,-0.2298,9.7875,-0.1411,-0.2136,9.8033,-0.0504,-0.0163,-0.035,-0.1193,0.0724,-0.0234,8.5,-34.75,-25.5,193.73,1.17,0.74,13890,2015-10-08 14:09:05:059
-0.1915,-0.2107,9.7492,-0.1495,-0.2131,9.8032,-0.042,0.0024,0.0226,0.0213,-0.0149,0.1044,8.25,-33.75,-25.25,192.43,1.22,0.89,13990,2015-10-08 14:09:05:159
-0.1915,-0.2107,9.8258,-0.1584,-0.2077,9.8032,-0.0331,-0.0221,-0.0923,0.0426,0.0767,-0.0085,8.25,-34.75,-25.5,192.07,1.21,0.93,14090,2015-10-08 14:09:05:259
-0.1915,-0.2298,9.7109,-0.152,-0.1954,9.8035,-0.0428,-0.0416,-0.0928,-0.0383,0.032,0.0554,9.0,-34.75,-24.5,193.71,1.08,0.84,14190,2015-10-08 14:09:05:359
-0.1724,-0.2107,9.7492,-0.1508,-0.2005,9.8034,-0.0249,-0.0253,-0.0925,0.017,0.0554,0.0469,9.0,-35.0,-25.0,194.08,1.11,0.81,14290,2015-10-08 14:09:05:459
-0.1724,-0.2107,9.7683,-0.1468,-0.2043,9.8034,-0.0447,-0.0256,-0.0925,0.0618,0.0511,-0.0405,9.5,-34.75,-24.75,194.07,1.13,0.87,14390,2015-10-08 14:09:05:559
-0.2107,-0.1915,9.7875,-0.1575,-0.1777,9.8038,-0.0341,-0.0522,-0.0929,-0.0341,-0.0107,-0.0085,9.0,-34.5,-25.0,194.01,1.04,0.92,14490,2015-10-08 14:09:05:659
-0.1724,-0.2107,9.73,-0.1437,-0.1886,9.8038,-0.0287,-0.022,-0.0737,-0.0213,-0.0959,-0.0916,8.25,-35.5,-25.0,193.99,1.09,0.99,14590,2015-10-08 14:09:05:759
-0.1724,-0.2298,9.6917,-0.1362,-0.1736,9.8042,-0.0362,-0.0563,-0.1124,0.0362,-0.0234,0.1406,8.25,-36.75,-25.0,193.33,1.08,0.82,14691,2015-10-08 14:09:05:860
-0.1915,-0.2298,9.7875,-0.1329,-0.1812,9.8041,-0.0394,-0.0295,-0.1123,-0.0618,0.1087,-0.0149,9.5,-36.0,-25.0,193.35,1.0,0.81,14790,2015-10-08 14:09:05:959
-0.1724,-0.2298,9.7875,-0.1293,-0.1648,9.8044,-0.0622,-0.065,-0.0744,0.0533,-0.0043,-0.0788,8.5,-34.5,-24.75,193.43,0.93,0.74,14891,2015-10-08 14:09:06:060
-0.1724,-0.2107,9.6917,-0.1181,-0.1823,9.8042,-0.0543,-0.0476,-0.0934,0.0234,0.0618,-0.081,8.25,-34.25,-25.5,192.59,1.06,0.69,14991,2015-10-08 14:09:06:160
-0.1724,-0.1915,9.7109,-0.11,-0.215,9.8037,-0.0815,-0.0149,-0.0736,-0.0213,0.0234,0.0383,8.25,-35.0,-24.75,192.25,1.2,0.67,15091,2015-10-08 14:09:06:260
-0.1915,-0.2298,9.73,-0.1185,-0.2034,9.8038,-0.0731,-0.0264,-0.0738,0.0341,-0.0937,-0.0511,8.0,-35.5,-25.0,192.17,1.21,0.77,15191,2015-10-08 14:09:06:360
-0.1915,-0.249,9.73,-0.1232,-0.1966,9.8039,-0.0875,-0.0524,-0.093,-0.0064,-0.0533,-0.0831,8.25,-35.75,-25.25,193.42,1.16,0.67,15290,2015-10-08 14:09:06:459
-0.1915,-0.2682,9.7109,-0.1195,-0.1873,9.8041,-0.0556,-0.0542,-0.074,0.0426,-0.0043,0.0043,9.25,-35.75,-24.75,192.22,1.15,0.72,15390,2015-10-08 14:09:06:559
-0.1915,-0.249,9.7683,-0.1353,-0.1734,9.8042,-0.0562,-0.0756,-0.0358,-0.1129,0.0192,-0.1065,9.25,-34.0,-25.5,193.78,1.07,0.68,15491,2015-10-08 14:09:06:660
-0.1915,-0.249,9.73,-0.1609,-0.2228,9.8028,-0.0307,-0.0262,-0.0728,0.0362,-0.0021,-0.2024,7.5,-34.75,-25.5,192.05,1.3,0.94,15590,2015-10-08 14:09:06:759
-0.1915,-0.2298,9.73,-0.1636,-0.2014,9.8032,-0.028,-0.0284,-0.0732,0.0021,0.098,-0.0043,8.0,-35.25,-24.75,192.05,1.18,0.96,15691,2015-10-08 14:09:06:860
-0.1915,-0.2298,9.7109,-0.174,-0.1975,9.8031,-0.0175,-0.0323,-0.0922,-0.0107,-0.0874,-0.032,9.0,-35.0,-25.0,193.58,1.18,0.96,15790,2015-10-08 14:09:06:959
-0.1915,-0.249,9.7109,-0.1832,-0.2357,9.8021,-0.0084,-0.0133,-0.0912,-0.0554,0.0021,-0.0597,9.25,-35.0,-25.0,193.55,1.15,1.02,15891,2015-10-08 14:09:07:060
-0.1724,-0.2298,9.7109,-0.1914,-0.2538,9.8015,0.026,0.0548,-0.0902,0.0724,0.0213,0.0703,9.0,-35.75,-25.0,193.06,1.55,1.12,15991,2015-10-08 14:09:07:160
-0.1915,-0.2298,9.6917,-0.1806,-0.2501,9.8018,-0.0077,0.0222,-0.0717,0.017,-0.0298,0.0128,8.5,-33.25,-25.0,194.16,1.56,1.15,16090,2015-10-08 14:09:07:259
-0.1915,-0.2298,9.6917,-0.2182,-0.2853,9.8001,0.0036,0.0475,-0.0703,-0.0874,0.0469,-0.0149,8.5,-33.5,-24.25,192.32,1.46,1.06,16190,2015-10-08 14:09:07:359
-0.1724,-0.249,9.7109,-0.2095,-0.2713,9.8007,0.0451,0.0395,-0.0513,0.0341,0.0021,0.0831,8.25,-34.25,-25.0,192.1,1.62,1.27,16290,2015-10-08 14:09:07:459
-0.1915,-0.2298,9.7109,-0.1992,-0.2368,9.8018,0.0245,0.0157,-0.0907,0.0234,0.0107,-0.017,8.5,-34.75,-25.25,193.34,1.49,1.26,16390,2015-10-08 14:09:07:559
-0.1915,-0.2107,9.7109,-0.1769,-0.2642,9.8015,-0.0109,0.0489,-0.0524,-0.0533,-0.0362,0.0554,7.5,-34.75,-24.5,191.93,1.48,1.13,16490,2015-10-08 14:09:07:659
-0.1915,-0.2107,9.73,-0.1695,-0.2435,9.8022,-0.0207,0.0146,-0.0912,-0.1023,-0.0554,-0.0639,9.0,-35.5,-24.25,193.52,1.48,1.03,16590,2015-10-08 14:09:07:759
-0.1915,-0.1915,9.6917,-0.1944,-0.202,9.8026,0.0066,0.0084,-0.1109,-0.0575,0.0277,0.0277,9.5,-33.25,-24.25,193.92,1.41,1.03,16690,2015-10-08 14:09:07:859
-0.1915,-0.2107,9.7109,-0.1782,-0.2113,9.8028,-0.0133,6.0E-4,-0.111,-0.0128,-0.049,-0.0298,8.75,-33.25,-25.0,194.24,1.19,1.19,16790,2015-10-08 14:09:07:959
-0.2298,-0.2107,9.7109,-0.1988,-0.2022,9.8025,-0.0311,-0.0085,-0.0917,-0.0149,0.0511,-0.0852,8.75,-34.25,-24.0,193.88,1.13,1.15,16891,2015-10-08 14:09:08:060
-0.1915,-0.249,9.7492,-0.202,-0.2355,9.8017,0.0105,-0.0135,-0.0526,-0.0192,0.0511,0.0447,8.5,-34.25,-24.0,194.24,1.19,1.18,16990,2015-10-08 14:09:08:159
-0.1724,-0.2298,9.6917,-0.1878,-0.2468,9.8017,0.0154,0.0169,-0.11,0.0021,-0.0149,0.0639,8.75,-34.25,-24.0,193.79,1.42,1.22,17090,2015-10-08 14:09:08:259
-0.1915,-0.2107,9.73,-0.1948,-0.2628,9.8012,0.0032,0.0521,-0.0712,-0.0724,0.115,-0.0405,7.25,-33.75,-24.75,190.37,1.44,1.1,17190,2015-10-08 14:09:08:359
-0.1724,-0.2298,9.73,-0.1868,-0.246,9.8018,0.0144,0.0162,-0.0717,0.0362,0.066,0.032,8.5,-31.25,-24.5,195.16,1.51,1.02,17290,2015-10-08 14:09:08:459
-0.1915,-0.249,9.7875,-0.196,-0.2522,9.8014,0.0044,0.0223,-0.0714,0.0767,0.0277,-0.0277,9.0,-31.5,-23.75,193.04,1.53,1.05,17390,2015-10-08 14:09:08:559
-0.1915,-0.2107,9.73,-0.1776,-0.2411,9.8021,-0.014,0.0304,-0.1103,-0.017,0.0192,-0.0064,7.75,-32.5,-24.25,193.05,1.44,1.05,17490,2015-10-08 14:09:08:659
-0.1915,-0.2298,9.7875,-0.1839,-0.2507,9.8017,-0.0128,0.041,-0.0909,-0.0788,0.0192,-0.1087,8.25,-33.0,-23.75,192.67,1.45,1.06,17590,2015-10-08 14:09:08:759
-0.1915,-0.2298,9.8067,-0.1835,-0.2806,9.8009,-0.0064,0.0452,-0.0519,0.0511,0.0192,0.0362,8.5,-33.25,-24.25,194.2,1.54,1.17,17690,2015-10-08 14:09:08:859
-0.1724,-0.2298,9.73,-0.1535,-0.2612,9.802,-0.0347,0.0173,-0.0339,-0.1129,-0.0469,0.032,8.25,-34.25,-24.0,192.39,1.45,0.94,17790,2015-10-08 14:09:08:959
-0.1915,-0.1915,9.7492,-0.161,-0.2675,9.8017,-0.0246,0.0786,-0.0523,-0.0852,0.0064,0.0256,8.0,-35.0,-23.5,192.09,1.54,0.93,17890,2015-10-08 14:09:09:059
-0.2107,-0.2298,9.73,-0.1424,-0.2757,9.8017,-0.0571,0.0506,-0.0717,0.0639,-0.0554,-0.0597,8.25,-34.75,-23.75,192.0,1.63,0.99,17990,2015-10-08 14:09:09:159
-0.1915,-0.2107,9.73,-0.1444,-0.3051,9.8008,-0.0549,0.0787,-0.0714,-0.0447,0.066,-0.0043,9.25,-33.75,-24.5,194.03,1.66,0.78,18090,2015-10-08 14:09:09:259
-0.1915,-0.2107,9.8067,-0.1187,-0.3039,9.8012,-0.0619,0.0996,0.0058,0.0575,-0.115,0.0362,9.5,-34.5,-25.0,195.48,1.78,0.84,18190,2015-10-08 14:09:09:359
-0.1915,-0.2298,9.73,-0.1368,-0.2999,9.8011,-0.0589,0.0746,-0.071,0.0383,-0.0277,0.0788,10.0,-35.25,-25.25,195.13,1.77,0.76,18290,2015-10-08 14:09:09:459
-0.1724,-0.2298,9.7492,-0.126,-0.295,9.8014,-0.0526,0.0631,-0.0524,0.0149,-0.0469,-0.0021,10.0,-34.25,-25.0,195.54,1.76,0.76,18390,2015-10-08 14:09:09:559
-0.2107,-0.2298,9.8258,-0.1115,-0.3133,9.801,-0.0909,0.0709,0.0245,-0.0533,0.0085,0.0362,9.0,-35.0,-25.25,193.65,1.72,0.74,18490,2015-10-08 14:09:09:659
-0.1915,-0.2298,9.7875,-0.0921,-0.291,9.8019,-0.1032,0.0633,-0.0144,0.0831,-0.0767,0.0277,9.0,-34.0,-25.0,192.17,1.83,0.65,18591,2015-10-08 14:09:09:760
-0.1915,-0.1915,9.73,-0.0816,-0.2896,9.802,-0.1099,0.0597,0.0046,0.0511,-0.0256,0.0383,9.0,-36.25,-26.0,193.8,1.67,0.52,18691,2015-10-08 14:09:09:860
-0.1915,-0.2298,9.7683,-0.082,-0.2985,9.8018,-0.0904,0.0878,0.024,-0.0533,-0.1257,0.0128,7.75,-35.25,-25.75,192.26,1.67,0.51,18790,2015-10-08 14:09:09:959
-0.2298,-0.2107,9.7683,-0.0693,-0.2962,9.8019,-0.1606,0.0856,-0.0336,0.0256,-0.0746,0.0213,8.5,-35.75,-26.0,192.32,1.75,0.4,18890,2015-10-08 14:09:10:059
-0.1724,-0.2298,9.7875,-0.0699,-0.2798,9.8024,-0.1025,0.05,-0.0149,0.0043,0.0298,-0.0362,7.5,-36.0,-26.0,193.45,1.68,0.46,18990,2015-10-08 14:09:10:159
-0.1724,-0.249,9.7109,-0.0623,-0.2833,9.8024,-0.1101,0.0343,-0.0915,0.0959,-0.066,0.049,7.5,-35.0,-27.0,191.98,1.68,0.44,19090,2015-10-08 14:09:10:259
-0.1915,-0.2298,9.7875,-0.0637,-0.253,9.8032,-0.1279,0.0232,-0.0157,0.0703,0.0064,0.0064,8.75,-36.0,-26.5,193.54,1.56,0.35,19190,2015-10-08 14:09:10:359
-0.1724,-0.2298,9.8067,-0.0839,-0.226,9.8037,-0.1126,0.0251,-0.0735,-0.1619,-0.0575,0.0597,9.5,-36.5,-26.25,194.96,1.32,0.49,19291,2015-10-08 14:09:10:460
-0.2107,-0.2107,9.7109,-0.0992,-0.2218,9.8036,-0.1144,0.0046,-0.0163,-0.0724,0.0213,-0.0043,7.5,-35.0,-26.75,192.31,1.25,0.5,19391,2015-10-08 14:09:10:560
-0.1915,-0.2298,9.7683,-0.097,-0.2239,9.8036,-0.0602,-0.0256,-0.0928,0.0682,-0.0362,-0.0341,7.5,-36.25,-26.5,191.9,1.31,0.64,19491,2015-10-08 14:09:10:660
-0.1915,-0.2298,9.7492,-0.1066,-0.1947,9.8041,-0.0702,-0.0277,-0.0932,-0.0085,0.0256,-0.0234,9.25,-35.5,-26.0,193.79,1.14,0.62,19590,2015-10-08 14:09:10:759
-0.1724,-0.2107,9.73,-0.1255,-0.1977,9.8039,-0.0468,-0.013,-0.0738,0.0937,-0.0341,0.1534,9.5,-36.0,-26.0,194.86,1.14,0.69,19690,2015-10-08 14:09:10:859
-0.1724,-0.2298,9.8067,-0.1313,-0.2045,9.8036,-0.0411,-0.0254,0.003,0.0043,-0.0064,0.0277,9.5,-36.5,-26.0,194.74,1.38,0.8,19790,2015-10-08 14:09:10:959
-0.1724,-0.2298,9.7875,-0.1357,-0.2003,9.8037,-0.0367,-0.0295,-0.0162,-0.049,0.0447,0.1172,9.75,-34.75,-26.0,195.18,1.17,0.79,19890,2015-10-08 14:09:11:059
-0.1724,-0.249,9.7492,-0.1719,-0.2317,9.8024,-0.0249,-0.0125,-0.034,-0.0107,0.0575,-0.1001,8.0,-34.25,-26.25,193.98,1.27,0.86,19990,2015-10-08 14:09:11:159
-0.1915,-0.249,9.8258,-0.1566,-0.2465,9.8023,-0.0522,-0.0203,-0.053,0.0128,-0.0213,-0.0234,9.0,-35.25,-26.0,193.56,1.4,0.89,20090,2015-10-08 14:09:11:259
-0.1915,-0.249,9.7109,-0.185,-0.2292,9.8022,-0.0066,-0.0198,-0.0913,0.081,0.0021,-0.0575,9.0,-35.75,-26.25,193.09,1.34,1.08,20190,2015-10-08 14:09:11:359
-0.1724,-0.2107,9.7492,-0.1996,-0.2254,9.802,0.0273,0.0147,-0.0528,0.0064,-0.0362,-0.0597,9.75,-36.5,-26.0,194.51,1.35,1.15,20290,2015-10-08 14:09:11:459
-0.1915,-0.2107,9.73,-0.1964,-0.26,9.8012,0.0048,0.0493,-0.0712,-0.066,0.0277,0.0234,9.5,-37.25,-25.75,194.12,1.52,1.15,20390,2015-10-08 14:09:11:559
-0.1915,-0.249,9.7492,-0.1976,-0.2555,9.8013,0.0061,0.0065,-0.0521,-0.0447,-0.1001,-0.0916,9.75,-35.5,-27.0,194.79,1.6,1.19,20491,2015-10-08 14:09:11:660
-0.1915,-0.2298,9.7875,-0.1974,-0.259,9.8012,0.0058,0.0291,-0.0137,0.0256,-0.1321,-0.0746,9.25,-36.5,-26.25,193.01,1.51,1.15,20591,2015-10-08 14:09:11:760
-0.1915,-0.249,9.6917,-0.1828,-0.2376,9.8021,-0.0087,-0.0114,-0.1103,-0.0256,0.0192,0.0874,8.5,-35.75,-25.75,193.09,1.39,1.07,20691,2015-10-08 14:09:11:860
-0.1724,-0.249,9.7875,-0.1709,-0.2411,9.8022,-0.0015,-0.0079,-0.0147,-0.0298,0.0511,0.0533,9.5,-35.75,-26.75,194.54,1.37,1.05,20790,2015-10-08 14:09:11:959
-0.1915,-0.249,9.7683,-0.131,-0.2029,9.8037,-0.0605,-0.0461,-0.0353,-0.0149,-0.1065,-0.115,8.75,-34.5,-26.75,193.43,1.36,1.04,20890,2015-10-08 14:09:12:059
-0.1915,-0.249,9.73,-0.1424,-0.1873,9.8038,-0.0491,-0.0617,-0.0738,0.0874,0.0703,-0.0469,8.5,-35.0,-26.0,194.05,1.23,0.73,20990,2015-10-08 14:09:12:159
-0.1915,-0.2298,9.7683,-0.1058,-0.1953,9.8041,-0.0781,-0.034,-0.0932,-0.0043,0.0788,-0.0149,9.75,-35.5,-26.5,193.67,1.04,0.82,21090,2015-10-08 14:09:12:259
-0.1724,-0.2298,9.73,-0.1326,-0.189,9.8039,-0.0751,-0.0657,-0.0551,-0.1044,0.0533,0.0916,8.5,-36.0,-26.5,193.4,1.07,0.68,21190,2015-10-08 14:09:12:359
-0.1915,-0.2298,9.7109,-0.146,-0.1885,9.8038,-0.0774,-0.0173,-0.0738,0.0511,0.0937,-0.032,8.25,-35.5,-25.75,192.1,1.1,0.85,21290,2015-10-08 14:09:12:459
-0.2107,-0.2298,9.73,-0.1265,-0.1992,9.8038,-0.0785,-0.0369,-0.016,-0.0447,-0.0192,0.0213,8.75,-35.75,-25.75,193.34,1.16,0.74,21390,2015-10-08 14:09:12:559
-0.1915,-0.2298,9.7875,-0.1351,-0.1998,9.8037,-0.0565,-0.0301,-0.0162,0.0852,0.0107,-0.1342,9.5,-34.5,-25.25,195.63,1.12,0.81,21491,2015-10-08 14:09:12:660
-0.1915,-0.2107,9.6917,-0.1506,-0.2205,9.803,-0.0409,0.0098,-0.1113,-0.0852,0.0597,-0.0213,8.75,-34.75,-25.5,193.62,1.29,0.88,21590,2015-10-08 14:09:12:759
-0.1915,-0.2107,9.7109,-0.1498,-0.2227,9.803,-0.0417,0.012,-0.0921,-0.0533,0.0362,0.0746,8.75,-34.25,-25.75,193.56,1.31,0.91,21691,2015-10-08 14:09:12:860
-0.1724,-0.2298,9.7109,-0.1539,-0.2367,9.8026,-0.0185,0.0069,-0.0917,-0.098,-0.0362,-0.0362,9.0,-32.5,-25.25,194.35,1.26,0.95,21790,2015-10-08 14:09:12:959
-0.1915,-0.2107,9.7683,-0.1776,-0.2319,9.8023,0.0108,-0.0101,-0.1299,0.032,0.1427,-0.0043,8.25,-34.5,-25.0,192.25,1.43,1.1,21890,2015-10-08 14:09:13:059
-0.1915,-0.249,9.73,-0.204,-0.2205,9.802,0.0124,-0.0285,-0.0529,-0.0341,-0.0383,0.1683,9.0,-35.25,-24.5,193.48,1.29,1.08,21991,2015-10-08 14:09:13:160
-0.1724,-0.249,9.73,-0.1872,-0.2432,9.8018,-0.0043,0.0325,-0.0527,-0.0447,-0.0362,0.0767,8.75,-35.0,-24.5,191.91,1.35,1.18,22091,2015-10-08 14:09:13:260
-0.1915,-0.2107,9.8067,-0.1811,-0.2313,9.8023,-0.0104,0.0206,0.0044,0.0597,-0.0085,0.0362,8.0,-33.75,-24.75,192.29,1.35,1.06,22191,2015-10-08 14:09:13:360
-0.1724,-0.2107,9.7109,-0.2086,-0.2362,9.8016,0.0362,0.0255,-0.0907,0.0298,0.0447,0.0277,8.0,-33.5,-24.5,192.6,1.4,1.17,22290,2015-10-08 14:09:13:459
-0.1915,-0.2107,9.8067,-0.2229,-0.2103,9.8019,0.0313,-4.0E-4,-0.0718,0.1321,0.0192,0.0746,8.0,-34.0,-24.0,192.19,1.23,1.3,22390,2015-10-08 14:09:13:559
-0.1915,-0.2107,9.7109,-0.2434,-0.1743,9.8021,0.0519,-0.0556,-0.072,0.0554,-0.0021,-0.0128,8.75,-33.0,-23.25,194.21,1.11,1.31,22490,2015-10-08 14:09:13:659
-0.1915,-0.1915,9.73,-0.2681,-0.219,9.8005,0.0766,0.0083,-0.0705,-0.1108,-0.0128,0.13,8.75,-33.5,-24.5,194.13,1.07,1.38,22590,2015-10-08 14:09:13:759
-0.1915,-0.249,9.7683,-0.2193,-0.2084,9.802,0.0277,-0.0406,-0.0336,-0.0213,-0.0511,0.0831,8.0,-32.25,-24.75,194.1,1.22,1.32,22691,2015-10-08 14:09:13:860
-0.1915,-0.249,9.73,-0.2175,-0.2085,9.802,0.026,-0.0405,-0.072,-0.0192,-0.017,-0.1065,8.5,-33.25,-24.5,194.61,1.17,1.2,22791,2015-10-08 14:09:13:960
-0.1915,-0.2298,9.6917,-0.2036,-0.1863,9.8028,0.0121,-0.0435,-0.111,0.0639,0.0362,0.1981,8.5,-34.25,-24.5,193.78,1.15,1.3,22891,2015-10-08 14:09:14:060
-0.1724,-0.2107,9.7109,-0.2227,-0.1518,9.8029,0.0312,-0.0588,-0.1112,0.0469,0.0469,0.0511,8.5,-34.25,-24.5,193.82,0.89,1.3,22991,2015-10-08 14:09:14:160
-0.1915,-0.2298,9.73,-0.2178,-0.1408,9.8032,0.0494,-0.0594,-0.0921,-0.0895,0.0383,0.0043,9.0,-33.0,-24.0,194.22,0.81,1.32,23090,2015-10-08 14:09:14:259
-0.1915,-0.2298,9.73,-0.2127,-0.1582,9.8031,0.0212,-0.0525,-0.073,-0.0724,-0.0362,-0.0234,8.75,-33.5,-24.5,194.18,0.9,1.34,23190,2015-10-08 14:09:14:359
-0.1915,-0.2107,9.6917,-0.2297,-0.1758,9.8024,0.0296,-0.0493,-0.0728,-0.1065,0.0767,-0.0554,8.0,-33.0,-24.5,192.61,0.89,1.27,23290,2015-10-08 14:09:14:459
-0.1915,-0.2298,9.7492,-0.2277,-0.2105,9.8017,0.0321,-0.0145,-0.0525,-0.049,0.0746,0.0788,8.5,-33.0,-24.25,192.5,1.14,1.37,23390,2015-10-08 14:09:14:559
-0.1915,-0.2298,9.6917,-0.2192,-0.2137,9.8019,0.0276,-0.0161,-0.1101,0.0128,0.0383,0.0213,7.25,-33.5,-24.5,190.91,1.25,1.28,23490,2015-10-08 14:09:14:659
-0.1724,-0.2298,9.73,-0.2104,-0.179,9.8028,0.038,-0.0509,-0.0727,0.0639,0.0277,-0.0383,7.25,-34.25,-25.0,190.62,1.05,1.23,23590,2015-10-08 14:09:14:759
-0.1915,-0.2107,9.7109,-0.2555,-0.1579,9.8021,0.0672,-0.0646,-0.0723,0.0831,0.0852,-0.0085,8.75,-35.75,-24.75,193.4,0.97,1.28,23691,2015-10-08 14:09:14:860
-0.1915,-0.2107,9.7109,-0.2259,-0.167,9.8026,0.0344,-0.0629,0.0232,0.066,-0.0383,0.0064,9.0,-36.0,-25.0,192.99,0.96,1.37,23791,2015-10-08 14:09:14:960
-0.1915,-0.2298,9.73,-0.2288,-0.2001,9.8019,0.0373,-0.0297,-0.0719,0.0064,0.0362,-0.0426,8.75,-34.5,-24.25,193.75,1.17,1.34,23890,2015-10-08 14:09:15:059
-0.1915,-0.2298,9.7109,-0.2401,-0.1995,9.8017,0.0485,-0.0303,-0.0908,0.1427,0.032,0.0277,8.0,-34.75,-24.25,191.8,1.24,1.38,23990,2015-10-08 14:09:15:159
-0.1915,-0.2298,9.7109,-0.2376,-0.1712,9.8023,0.046,-0.0586,-0.0914,-0.0021,0.0618,0.0234,8.0,-32.75,-23.75,193.33,1.17,1.4,24090,2015-10-08 14:09:15:259
-0.1915,-0.249,9.7683,-0.2243,-0.2083,9.8019,0.0328,-0.0407,-0.0335,-0.017,0.0021,0.0107,8.5,-34.0,-24.5,194.14,1.0,1.39,24190,2015-10-08 14:09:15:359
-0.1915,-0.2107,9.7109,-0.2446,-0.1887,9.8018,0.0531,-0.022,-0.0909,0.1364,0.0852,-0.1236,7.75,-35.0,-24.5,193.38,1.22,1.31,24290,2015-10-08 14:09:15:459
-0.1915,-0.2107,9.7109,-0.2379,-0.1677,9.8023,0.0464,-0.0429,-0.0914,-0.1214,0.1257,0.0021,7.5,-35.5,-24.5,191.78,1.04,1.46,24390,2015-10-08 14:09:15:559
-0.1915,-0.2298,9.7875,-0.2369,-0.2012,9.8017,0.0555,-0.0155,-0.072,-0.0277,0.0447,-0.0447,8.5,-35.5,-24.25,193.32,1.1,1.44,24490,2015-10-08 14:09:15:659
-0.1915,-0.2298,9.7492,-0.2247,-0.2139,9.8017,0.0573,-0.0228,-0.0717,0.0746,0.0597,-0.0192,8.5,-34.25,-24.25,193.76,1.2,1.32,24590,2015-10-08 14:09:15:759
-0.1915,-0.2107,9.7109,-0.232,-0.2278,9.8013,0.0405,0.0171,-0.0712,0.066,0.1044,0.0426,8.5,-34.25,-25.0,193.7,1.26,1.32,24690,2015-10-08 14:09:15:859
-0.1724,-0.1915,9.7109,-0.2224,-0.231,9.8014,0.0308,0.0012,-0.0714,0.0128,0.2003,-0.032,9.0,-34.75,-24.75,193.36,1.45,1.23,24790,2015-10-08 14:09:15:959
-0.1915,-0.2298,9.73,-0.2416,-0.1936,9.8018,0.0501,-0.0362,-0.0717,0.1129,0.0192,0.0341,8.5,-35.75,-24.25,192.98,1.21,1.39,24890,2015-10-08 14:09:16:059
-0.1915,-0.2298,9.7492,-0.2796,-0.1825,9.801,0.088,-0.0473,-0.0518,0.1129,-0.0064,0.0085,9.0,-35.75,-24.5,192.85,1.02,1.65,24990,2015-10-08 14:09:16:159
-0.1915,-0.2298,9.7109,-0.2685,-0.1429,9.8019,0.077,-0.0869,-0.0911,0.032,-0.0937,-0.0128,8.25,-36.25,-24.75,191.34,0.94,1.6,25090,2015-10-08 14:09:16:259
-0.1724,-0.2298,9.7109,-0.2443,-0.1731,9.8021,0.0719,-0.0568,-0.0912,0.0767,-0.0383,-0.0149,7.25,-33.5,-24.75,190.77,0.98,1.47,25190,2015-10-08 14:09:16:359
-0.1915,-0.249,9.73,-0.2119,-0.1545,9.8031,0.0203,-0.0945,-0.0731,-0.0405,0.0767,-0.0533,7.5,-35.0,-24.5,191.9,0.87,1.3,25290,2015-10-08 14:09:16:459
-0.1915,-0.2107,9.6917,-0.2163,-0.1646,9.8029,0.0248,-0.0653,-0.0537,0.0405,0.0213,0.0554,8.0,-35.75,-24.75,191.51,0.92,1.34,25391,2015-10-08 14:09:16:560
-0.1915,-0.249,9.6917,-0.2246,-0.1784,9.8025,0.033,-0.0323,-0.0916,0.1342,-0.0362,0.017,9.0,-35.25,-25.25,193.41,0.96,1.27,25491,2015-10-08 14:09:16:660
-0.1724,-0.2298,9.7109,-0.1953,-0.1684,9.8033,0.0038,-0.0422,-0.0732,-0.049,-0.0234,-0.017,8.5,-34.0,-24.75,193.79,0.97,1.26,25591,2015-10-08 14:09:16:760
-0.1915,-0.2107,9.7109,-0.2132,-0.2003,9.8023,0.0217,-0.0104,-0.0914,-0.0064,-0.0043,0.017,8.75,-34.75,-25.0,193.49,1.0,1.14,25691,2015-10-08 14:09:16:860
-0.1724,-0.2298,9.7109,-0.2378,-0.2286,9.8011,0.0654,-0.0012,-0.0902,-0.0937,0.0192,-0.0724,7.25,-34.0,-24.5,190.57,1.26,1.33,25791,2015-10-08 14:09:16:960
-0.1724,-0.2298,9.7109,-0.2179,-0.2369,9.8014,0.0455,0.007,-0.0905,0.0021,0.0085,0.0277,9.0,-35.25,-24.75,193.32,1.38,1.31,25890,2015-10-08 14:09:17:059
-0.1915,-0.2107,9.7492,-0.1905,-0.2443,9.8018,-0.001,0.0336,-0.0526,-0.0213,0.0277,0.1129,8.25,-34.0,-24.75,192.14,1.38,1.27,25990,2015-10-08 14:09:17:159
-0.1915,-0.249,9.6917,-0.1766,-0.2356,9.8022,-0.0149,-0.0133,-0.1105,-0.0085,-0.0107,0.0128,9.0,-33.75,-25.5,193.85,1.39,1.06,26090,2015-10-08 14:09:17:259
-0.1915,-0.2298,9.7109,-0.1767,-0.2447,9.802,-0.0149,0.0149,-0.0911,-0.0021,-0.098,-0.0234,10.0,-35.0,-25.25,195.01,1.48,1.01,26190,2015-10-08 14:09:17:359
-0.2107,-0.2298,9.73,-0.209,-0.2263,9.8018,-0.0017,-0.0035,-0.0718,0.017,0.0107,-0.032,9.25,-33.5,-25.75,195.86,1.43,1.03,26291,2015-10-08 14:09:17:460
-0.1724,-0.2298,9.7683,-0.2306,-0.2191,9.8015,0.0583,-0.0107,-0.0331,-0.0298,-0.0959,0.1129,8.75,-34.75,-26.5,193.69,1.19,1.29,26391,2015-10-08 14:09:17:560
-0.1915,-0.2107,9.7683,-0.2143,-0.2481,9.8012,0.0227,0.0374,-0.0328,0.0469,0.1108,-0.0043,8.5,-34.25,-25.5,193.66,1.31,1.31,26490,2015-10-08 14:09:17:659
-0.1915,-0.2107,9.73,-0.2041,-0.2403,9.8016,0.0126,0.0104,-0.0907,0.0298,0.0064,-0.0533,8.5,-34.5,-24.75,193.66,1.42,1.33,26590,2015-10-08 14:09:17:759
-0.1724,-0.2107,9.7875,-0.1954,-0.2332,9.8019,0.0038,0.0034,-0.091,0.1108,0.0064,0.1087,9.0,-34.5,-25.25,192.19,1.4,1.19,26691,2015-10-08 14:09:17:860
-0.1724,-0.249,9.73,-0.2006,-0.2358,9.8018,0.009,0.0251,-0.0909,0.0128,0.0575,-0.0937,9.5,-34.5,-25.0,193.43,1.36,1.14,26791,2015-10-08 14:09:17:960
-0.2107,-0.2107,9.8067,-0.2118,-0.2306,9.8017,0.0394,7.0E-4,-0.0908,-0.1065,0.0383,-0.0192,8.75,-35.75,-25.5,193.06,1.38,1.17,26891,2015-10-08 14:09:18:060
-0.1915,-0.2298,9.7109,-0.2226,-0.2187,9.8017,0.0311,-0.0112,-0.0716,-0.0682,0.0405,-0.1001,8.5,-36.0,-25.75,192.94,1.32,1.3,26991,2015-10-08 14:09:18:160
-0.1915,-0.2298,9.7492,-0.214,-0.2318,9.8016,0.0225,0.002,-0.0524,0.066,-0.0554,0.066,7.75,-35.25,-24.75,191.73,1.31,1.41,27091,2015-10-08 14:09:18:260
-0.1915,-0.2298,9.7109,-0.2111,-0.2537,9.8011,0.0387,0.0238,-0.0519,0.0959,0.0575,0.0277,8.0,-33.5,-25.5,193.71,1.35,1.23,27190,2015-10-08 14:09:18:359
-0.1724,-0.2298,9.7109,-0.2086,-0.2353,9.8016,0.0171,0.0055,-0.0524,-0.1129,-0.1214,-0.0043,8.25,-35.75,-26.5,191.48,1.41,1.23,27290,2015-10-08 14:09:18:459
-0.1724,-0.2298,9.7492,-0.205,-0.23,9.8018,0.0495,-0.0091,-0.0525,-0.1854,0.0064,-0.0234,8.75,-35.75,-25.5,192.99,1.42,1.26,27391,2015-10-08 14:09:18:560
-0.1915,-0.2107,9.7683,-0.2431,-0.2592,9.8002,0.053,0.032,-0.0701,-0.0064,0.0149,0.0852,7.75,-34.25,-26.0,192.05,1.41,1.33,27491,2015-10-08 14:09:18:660
-0.1915,-0.2298,9.8067,-0.2463,-0.22,9.8011,0.0547,-0.0098,0.0056,-0.0043,0.0639,-0.13,8.75,-33.5,-25.5,193.56,1.43,1.41,27591,2015-10-08 14:09:18:760
-0.1915,-0.2298,9.7683,-0.25,-0.2428,9.8005,0.0585,0.013,-0.0321,-0.0341,0.0469,-0.0341,8.0,-35.25,-25.75,191.63,1.42,1.46,27691,2015-10-08 14:09:18:860
-0.1915,-0.2298,9.7109,-0.2155,-0.2741,9.8005,0.024,0.0442,-0.0896,-0.0469,-0.1065,0.0575,9.0,-35.5,-25.5,193.22,1.53,1.43,27791,2015-10-08 14:09:18:960
-0.2107,-0.2298,9.73,-0.2157,-0.2502,9.8011,0.005,0.0204,-0.071,0.0618,-0.0511,-0.081,8.0,-35.0,-25.0,191.84,1.48,1.21,27891,2015-10-08 14:09:19:060
-0.1915,-0.249,9.7875,-0.201,-0.2656,9.801,0.0094,0.055,-0.071,-0.0128,0.0128,-0.0043,8.75,-34.0,-25.25,193.73,1.53,1.21,27990,2015-10-08 14:09:19:159
-0.1915,-0.249,9.7683,-0.2197,-0.2811,9.8002,0.0351,0.0685,-0.0704,-0.0895,0.0085,-0.0107,9.25,-36.5,-25.0,192.95,1.68,1.27,28090,2015-10-08 14:09:19:259
-0.1915,-0.2107,9.73,-0.1715,-0.2658,9.8015,-8.0E-4,0.027,-0.0331,-0.0618,-0.0916,0.0277,9.0,-35.0,-25.25,193.43,1.47,1.13,28190,2015-10-08 14:09:19:359
-0.1724,-0.2298,9.7492,-0.1664,-0.2697,9.8015,0.0131,0.0555,-0.0907,0.0298,0.0021,0.0469,7.75,-34.25,-25.25,192.34,1.52,0.96,28290,2015-10-08 14:09:19:459
-0.1915,-0.2298,9.8067,-0.1828,-0.2817,9.8009,-0.0087,0.0519,-0.0709,0.0533,0.0575,0.0192,7.75,-35.25,-25.25,191.97,1.66,0.98,28390,2015-10-08 14:09:19:559
-0.2107,-0.2107,9.8067,-0.2033,-0.2904,9.8002,0.0118,0.0606,-0.0127,0.0192,0.0405,0.0575,8.5,-34.5,-26.0,193.7,1.65,1.16,28490,2015-10-08 14:09:19:659
-0.1724,-0.2107,9.73,-0.2042,-0.2805,9.8005,0.0126,0.0507,0.0444,-0.0298,-0.1172,0.066,9.75,-34.25,-26.25,195.23,1.73,1.17,28590,2015-10-08 14:09:19:759
-0.1915,-0.249,9.73,-0.2143,-0.2673,9.8007,0.0226,0.0393,-0.0131,-0.049,-0.1087,0.049,9.75,-34.5,-26.5,195.2,1.56,1.25,28690,2015-10-08 14:09:19:859
-0.1915,-0.249,9.7875,-0.2192,-0.2463,9.8011,0.0277,0.0356,-0.0711,0.1214,0.1342,-0.0341,8.75,-35.5,-26.0,193.34,1.46,1.2,28790,2015-10-08 14:09:19:959
-0.2107,-0.2298,9.8258,-0.2409,-0.2398,9.8008,0.0344,0.0154,-0.0901,-0.0085,0.0469,-0.0533,8.0,-34.75,-26.25,191.73,1.43,1.32,28890,2015-10-08 14:09:20:059
-0.2107,-0.2298,9.7492,-0.2482,-0.2475,9.8004,0.0375,0.0177,-0.0512,-0.0213,0.0362,0.032,9.25,-35.75,-25.75,192.83,1.44,1.43,28990,2015-10-08 14:09:20:159
-0.1724,-0.2107,9.8067,-0.2181,-0.2422,9.8012,0.0457,0.0315,0.0054,-0.0277,-0.0128,0.098,9.75,-35.25,-25.5,194.83,1.4,1.31,29090,2015-10-08 14:09:20:259
-0.1915,-0.2107,9.8258,-0.2228,-0.2412,9.8012,0.0696,0.0114,-0.0711,0.0426,0.0575,-0.0234,8.5,-34.75,-26.25,193.3,1.42,1.27,29190,2015-10-08 14:09:20:359
-0.1915,-0.2107,9.7492,-0.234,-0.2446,9.8008,0.0425,0.0339,-0.0516,-0.017,-0.0447,0.0746,9.0,-34.75,-25.75,193.25,1.42,1.34,29291,2015-10-08 14:09:20:460
-0.2107,-0.2107,9.73,-0.2698,-0.2414,9.8,0.0591,0.0307,-0.0699,0.0788,0.0682,-0.0362,7.75,-34.25,-25.75,193.13,1.45,1.5,29390,2015-10-08 14:09:20:559
-0.1915,-0.2107,9.73,-0.2637,-0.2386,9.8002,0.0722,0.0279,-0.0702,0.0128,-0.0554,-0.0597,8.25,-35.0,-26.25,191.59,1.39,1.52,29490,2015-10-08 14:09:20:659
-0.1915,-0.1915,9.7683,-0.2573,-0.225,9.8007,0.0658,0.0335,-0.0323,0.0511,0.0852,0.0937,8.25,-35.75,-26.0,191.31,1.33,1.5,29591,2015-10-08 14:09:20:760
-0.1915,-0.2298,9.73,-0.258,-0.239,9.8003,0.0664,0.0091,-0.0703,0.1044,0.0533,0.1087,8.75,-35.25,-26.0,192.77,1.36,1.55,29690,2015-10-08 14:09:20:859
-0.1915,-0.2298,9.8067,-0.2523,-0.2391,9.8005,0.0352,0.0253,-0.0707,0.0256,0.0554,-0.0043,8.0,-34.0,-26.0,193.13,1.31,1.61,29790,2015-10-08 14:09:20:959
-0.1915,-0.2107,9.73,-0.2725,-0.216,9.8005,0.0766,0.0125,-0.0704,0.1449,0.0639,0.0874,8.5,-34.0,-25.25,193.54,1.29,1.54,29890,2015-10-08 14:09:21:059
-0.1724,-0.2107,9.7875,-0.3074,-0.1774,9.8002,0.124,-0.0477,-0.0133,0.1001,-0.1257,-0.0107,7.75,-35.25,-25.5,191.5,1.04,1.8,29990,2015-10-08 14:09:21:159
-0.1915,-0.2107,9.7875,-0.2764,-0.1457,9.8017,0.0849,-0.065,-0.0142,-0.0107,0.0341,-0.1044,8.75,-36.25,-25.75,192.82,0.82,1.59,30090,2015-10-08 14:09:21:259
-0.1915,-0.2107,9.7875,-0.3061,-0.1256,9.8011,0.1145,-0.0851,-0.0136,-0.13,0.0383,0.0128,8.75,-35.25,-25.0,192.78,0.79,1.72,30191,2015-10-08 14:09:21:360
-0.1724,-0.2107,9.8067,-0.295,-0.162,9.8009,0.1344,-0.0408,-0.0135,0.0362,-0.017,0.017,8.75,-33.5,-25.0,193.86,0.95,1.72,30291,2015-10-08 14:09:21:460
-0.2107,-0.249,9.73,-0.2717,-0.1814,9.8012,0.0775,-0.0326,-0.033,0.1278,-0.017,-0.0277,8.75,-36.25,-24.5,193.13,1.02,1.67,30391,2015-10-08 14:09:21:560
-0.1915,-0.2107,9.7492,-0.2397,-0.171,9.8022,0.0481,-0.0397,-0.053,-0.0298,-0.0788,0.0064,9.0,-35.25,-24.75,193.28,0.91,1.47,30491,2015-10-08 14:09:21:660
-0.1915,-0.2107,9.73,-0.21,-0.1891,9.8026,0.0185,-0.0216,-0.0725,-0.0064,-0.0746,-0.0341,7.75,-35.5,-25.75,191.46,1.05,1.39,30590,2015-10-08 14:09:21:759
-0.1724,-0.249,9.7109,-0.1982,-0.1972,9.8027,0.0259,-0.0518,-0.0918,-0.0682,0.0085,0.032,8.75,-35.75,-26.75,193.04,1.13,1.19,30690,2015-10-08 14:09:21:859
-0.1724,-0.2107,9.7109,-0.2205,-0.1953,9.8022,0.0481,-0.0154,-0.0913,0.0916,0.0554,-0.0703,8.0,-35.75,-26.0,192.98,1.21,1.27,30790,2015-10-08 14:09:21:959
-0.1724,-0.2107,9.73,-0.2273,-0.1896,9.8022,0.0549,-0.0211,-0.0721,0.0874,0.0618,-0.0597,8.25,-34.25,-25.75,193.29,1.13,1.35,30890,2015-10-08 14:09:22:059
-0.1915,-0.2298,9.7683,-0.2017,-0.1683,9.8031,0.0101,-0.0615,-0.0348,-0.1513,-0.0064,0.1001,8.75,-34.75,-26.0,193.43,0.98,1.18,30990,2015-10-08 14:09:22:159
-0.1915,-0.2298,9.73,-0.207,-0.1575,9.8032,0.0155,-0.0724,-0.0732,0.0085,0.0639,-0.081,9.75,-35.25,-25.75,194.93,0.97,1.21,31090,2015-10-08 14:09:22:259
-0.1915,-0.2298,9.8067,-0.2405,-0.1531,9.8025,0.049,-0.0959,-0.0916,-0.032,0.0064,-0.1427,9.25,-34.75,-26.0,193.28,0.89,1.41,31190,2015-10-08 14:09:22:359
-0.1915,-0.249,9.7109,-0.2287,-0.1397,9.803,0.0371,-0.1093,-0.0921,0.0405,-0.0746,-0.0469,8.75,-34.75,-26.0,195.24,0.87,1.37,31290,2015-10-08 14:09:22:459
-0.1915,-0.2298,9.7109,-0.2497,-0.1793,9.8018,0.0615,-0.0578,-0.091,-0.0064,-0.0085,-0.0426,9.25,-34.25,-25.75,193.67,0.95,1.38,31390,2015-10-08 14:09:22:559
-0.1724,-0.2107,9.7875,-0.2619,-0.1689,9.8017,0.0835,-0.0499,-0.0145,-0.0405,0.0277,0.0895,8.0,-34.25,-25.75,191.97,0.99,1.53,31490,2015-10-08 14:09:22:659
-0.1915,-0.249,9.7109,-0.2588,-0.1746,9.8017,0.0595,-0.0341,-0.0143,0.0383,0.0192,0.0085,8.0,-34.25,-25.25,192.03,1.02,1.51,31590,2015-10-08 14:09:22:759
-0.1915,-0.2298,9.7492,-0.22,-0.1669,9.8028,0.0285,-0.0629,0.0039,-0.0277,0.0277,0.0447,8.5,-35.25,-25.25,193.4,0.98,1.29,31691,2015-10-08 14:09:22:860
-0.1915,-0.2107,9.7109,-0.1997,-0.1991,9.8026,0.0026,-0.0106,0.0231,0.0511,-0.0383,0.1108,7.5,-35.5,-26.0,191.87,1.16,1.17,31791,2015-10-08 14:09:22:960
-0.2107,-0.249,9.7492,-0.2033,-0.1875,9.8027,0.0321,-0.0185,-0.1109,-0.0085,0.0362,-0.1939,8.0,-36.5,-25.75,191.59,1.03,1.14,31891,2015-10-08 14:09:23:060
-0.1724,-0.249,9.73,-0.1876,-0.1979,9.8029,-0.0125,-0.0473,-0.0921,0.017,-0.0618,0.196,9.0,-35.75,-25.75,193.04,1.15,1.18,31991,2015-10-08 14:09:23:160
-0.1915,-0.2298,9.7492,-0.1897,-0.1826,9.8031,0.017,-0.0466,-0.0922,0.049,0.0767,-0.0447,9.25,-34.5,-25.5,193.53,1.15,1.05,32090,2015-10-08 14:09:23:259
-0.1915,-0.249,9.6917,-0.196,-0.1767,9.8031,-0.0147,-0.034,-0.0539,-0.0447,-0.0383,-0.0511,9.25,-34.25,-25.5,193.92,1.07,1.05,32190,2015-10-08 14:09:23:359
-0.1915,-0.2298,9.73,-0.2003,-0.2011,9.8025,0.0088,-0.0287,-0.0725,0.0746,-0.0192,0.0362,8.75,-35.0,-25.5,193.44,1.18,1.17,32291,2015-10-08 14:09:23:460
-0.1724,-0.249,9.73,-0.2075,-0.2102,9.8022,0.0082,-0.0225,0.0234,-0.0533,-0.0021,-0.0447,8.0,-34.75,-25.75,193.42,1.21,1.19,32390,2015-10-08 14:09:23:559
-0.1724,-0.2298,9.8067,-0.1624,-0.2151,9.8029,-0.0073,-0.0175,0.0037,0.017,0.0426,0.0831,8.25,-35.25,-24.75,192.05,1.26,0.95,32490,2015-10-08 14:09:23:659
-0.1915,-0.2107,9.8258,-0.1378,-0.2116,9.8034,-0.0538,9.0E-4,0.0224,0.0788,-0.1214,0.0341,8.75,-33.75,-25.0,195.1,1.26,0.94,32590,2015-10-08 14:09:23:759
-0.1915,-0.2107,9.7492,-0.1415,-0.2198,9.8032,-0.05,0.0091,-0.054,-0.0767,0.0277,-0.0533,8.25,-33.5,-24.5,192.46,1.23,0.84,32690,2015-10-08 14:09:23:859
-0.2107,-0.249,9.7109,-0.1353,-0.2012,9.8037,-0.0753,-0.0478,-0.0928,0.0746,-0.1023,0.0128,8.75,-31.75,-24.5,194.9,1.33,0.8,32791,2015-10-08 14:09:23:960
-0.1532,-0.2298,9.7109,-0.14,-0.1906,9.8038,-0.0133,-0.0392,-0.0929,-0.0149,0.0064,0.0533,8.75,-32.75,-24.75,194.47,1.11,0.82,32891,2015-10-08 14:09:24:060
-0.1724,-0.2298,9.7875,-0.1161,-0.2015,9.8039,-0.0754,-0.0283,-0.0739,0.0831,-0.0256,0.0746,9.0,-31.75,-24.25,195.02,1.18,0.68,32990,2015-10-08 14:09:24:159
-0.1915,-0.2298,9.8067,-0.1289,-0.1938,9.8039,-0.0627,-0.036,0.0028,0.0362,0.017,-0.0213,9.5,-31.75,-24.25,193.38,1.03,0.69,33090,2015-10-08 14:09:24:259
-0.1915,-0.2298,9.8067,-0.1352,-0.1921,9.8038,-0.0563,-0.0377,0.0028,0.0107,-0.0554,-0.0554,7.75,-32.75,-24.0,192.93,1.09,0.76,33190,2015-10-08 14:09:24:359
-0.2107,-0.2298,9.73,-0.1494,-0.1748,9.804,-0.0499,-0.0682,0.0027,-0.066,0.0447,0.0128,8.0,-31.0,-23.5,193.69,1.02,0.87,33291,2015-10-08 14:09:24:460
-0.1724,-0.2107,9.6917,-0.1204,-0.1957,9.804,-0.0431,-0.0178,-0.0547,0.0256,0.1001,-0.0383,8.5,-33.0,-24.0,194.59,1.12,0.74,33390,2015-10-08 14:09:24:559
-0.1532,-0.2298,9.7875,-0.1273,-0.1845,9.8041,-0.026,-0.0453,-0.0166,0.0724,0.0405,-0.0107,9.5,-32.5,-24.0,194.63,1.1,0.64,33490,2015-10-08 14:09:24:659
-0.1915,-0.2298,9.7875,-0.142,-0.2002,9.8036,-0.0495,-0.0297,-0.0161,-0.0256,0.0469,0.0874,8.0,-32.5,-23.75,193.25,1.17,0.83,33591,2015-10-08 14:09:24:760
-0.1915,-0.1915,9.7109,-0.1538,-0.2125,9.8031,-0.0377,0.0209,-0.0923,-0.0277,0.0213,-0.1214,7.25,-32.75,-23.75,191.18,1.24,0.9,33691,2015-10-08 14:09:24:860
-0.1915,-0.2107,9.73,-0.1533,-0.2105,9.8032,-0.0383,-2.0E-4,-0.0732,-0.0341,-0.0021,0.0234,7.5,-33.25,-23.5,192.85,1.23,0.9,33791,2015-10-08 14:09:24:960
-0.1915,-0.2298,9.8067,-0.176,-0.2301,9.8024,-0.0155,3.0E-4,0.0043,0.0724,0.0256,0.0639,8.25,-31.5,-23.5,193.09,1.35,1.02,33890,2015-10-08 14:09:25:059
-0.1915,-0.2298,9.7683,-0.1504,-0.2222,9.803,-0.0412,-0.0076,-0.0346,-0.0021,-0.0405,0.0149,8.5,-31.75,-24.0,193.11,1.35,0.99,33990,2015-10-08 14:09:25:159
-0.1915,-0.249,9.7109,-0.125,-0.2026,9.8038,-0.0665,-0.0464,-0.0929,-0.066,0.0277,0.0469,9.25,-32.25,-23.75,194.98,1.18,0.73,34091,2015-10-08 14:09:25:260
-0.1915,-0.2107,9.7109,-0.1151,-0.237,9.8031,-0.0764,0.0263,-0.0922,-0.0937,-0.0469,-0.1044,8.75,-33.0,-24.25,194.49,1.27,0.8,34190,2015-10-08 14:09:25:359
-0.1915,-0.2298,9.8067,-0.0882,-0.2303,9.8035,-0.1034,5.0E-4,0.0031,-0.1087,-0.1278,-0.0682,9.25,-32.75,-24.5,194.56,1.39,0.67,34290,2015-10-08 14:09:25:459
-0.1915,-0.2298,9.7875,-0.1058,-0.2469,9.803,-0.0858,0.017,-0.0155,-0.1044,0.0277,-0.0767,8.25,-31.75,-23.5,193.39,1.44,0.62,34391,2015-10-08 14:09:25:560
-0.1724,-0.2107,9.7492,-0.1103,-0.2376,9.8032,-0.0621,0.0269,-0.054,0.0895,0.0107,0.0298,8.0,-32.0,-23.75,193.33,1.47,0.65,34490,2015-10-08 14:09:25:659
-0.1915,-0.2298,9.6917,-0.095,-0.2143,9.8038,-0.0965,-0.0155,-0.1121,-0.0767,-0.017,0.0085,8.5,-34.0,-23.75,195.02,1.36,0.63,34590,2015-10-08 14:09:25:759
-0.1915,-0.2107,9.7109,-0.1313,-0.2129,9.8035,-0.0767,0.005,-0.0542,0.0213,0.115,-0.0575,8.75,-33.75,-23.75,193.87,1.25,0.56,34690,2015-10-08 14:09:25:859
-0.1915,-0.249,9.7683,-0.1136,-0.2253,9.8034,-0.0737,0.0083,-0.0735,0.0021,-0.0043,-0.0426,8.25,-33.25,-24.25,192.96,1.32,0.66,34790,2015-10-08 14:09:25:959
-0.1915,-0.2107,9.7109,-0.1365,-0.2434,9.8027,-0.06,0.0208,-0.0342,0.0405,0.0405,0.0511,8.25,-33.75,-24.25,192.55,1.36,0.73,34890,2015-10-08 14:09:26:059
-0.1724,-0.249,9.73,-0.1419,-0.2302,9.8029,-0.0305,0.0195,-0.0154,0.081,0.0213,-0.0788,8.75,-34.5,-24.25,192.51,1.43,0.78,34990,2015-10-08 14:09:26:159
-0.1724,-0.2298,9.7109,-0.1501,-0.2417,9.8025,-0.0227,0.0021,-0.0344,-0.0021,0.0554,0.032,8.5,-35.25,-24.25,193.63,1.36,0.89,35091,2015-10-08 14:09:26:260
-0.1915,-0.2298,9.73,-0.1301,-0.2537,9.8025,-0.0603,0.0173,-0.0726,0.0277,0.0192,0.0597,9.0,-34.75,-24.0,193.63,1.41,0.88,35190,2015-10-08 14:09:26:359
-0.1915,-0.2107,9.7492,-0.1524,-0.2567,9.8021,-0.0372,0.0494,-0.0528,-0.0107,0.0575,0.0447,9.0,-34.5,-24.25,194.0,1.49,0.89,35290,2015-10-08 14:09:26:459
-0.1915,-0.2298,9.8258,-0.1396,-0.2523,9.8024,-0.052,0.0225,0.0234,-0.0298,0.017,-0.0192,8.5,-33.5,-24.25,194.37,1.46,0.93,35390,2015-10-08 14:09:26:559
-0.1915,-0.2107,9.7875,-0.1644,-0.2289,9.8026,-0.0272,0.0182,-0.0151,0.0085,-0.032,0.0618,8.25,-34.75,-24.25,192.09,1.36,0.92,35490,2015-10-08 14:09:26:659
-0.1915,-0.2298,9.7109,-0.165,-0.2068,9.8031,-0.0265,-0.023,-0.0922,-0.0149,-0.0362,0.0405,8.5,-33.5,-23.75,193.99,1.3,0.99,35590,2015-10-08 14:09:26:759
-0.1915,-0.249,9.73,-0.1348,-0.1909,9.8039,-0.0568,-0.0389,-0.0164,-0.0021,-0.032,0.0192,9.75,-34.5,-23.25,195.65,1.21,0.85,35690,2015-10-08 14:09:26:859
-0.1915,-0.2298,9.7683,-0.1354,-0.1987,9.8037,-0.0753,-0.0694,-0.0737,-0.0277,0.0192,-0.0405,8.25,-34.25,-24.25,192.58,1.3,0.7,35790,2015-10-08 14:09:26:959
-0.1915,-0.249,9.7109,-0.1464,-0.2085,9.8033,-0.0403,-0.0423,-0.0924,-0.0703,-0.017,-0.0447,8.5,-33.5,-24.25,194.43,1.19,0.91,35890,2015-10-08 14:09:27:059
-0.1724,-0.2298,9.7109,-0.1442,-0.2271,9.803,-0.0203,-0.0078,-0.0921,-0.0597,0.081,-0.0341,8.25,-33.5,-23.75,192.84,1.28,0.85,35990,2015-10-08 14:09:27:159
-0.1915,-0.2298,9.7492,-0.1694,-0.2213,9.8027,-0.0189,-6.0E-4,-0.0533,-0.0192,0.0746,0.0405,8.75,-33.75,-23.75,193.95,1.4,0.98,36090,2015-10-08 14:09:27:259
-0.1915,-0.2298,9.73,-0.1848,-0.23,9.8022,-0.0222,3.0E-4,-0.0913,0.0021,0.0341,-0.0043,8.5,-35.0,-23.75,193.5,1.33,1.1,36190,2015-10-08 14:09:27:359
-0.1915,-0.2298,9.73,-0.1815,-0.2431,9.802,0.0078,0.0058,-0.0721,-0.0362,-0.017,0.0192,8.5,-34.5,-24.0,193.93,1.34,1.08,36291,2015-10-08 14:09:27:460
-0.1915,-0.2107,9.73,-0.1808,-0.2337,9.8022,-0.0108,0.023,-0.0722,-0.0128,0.0256,-0.1087,8.5,-34.75,-24.25,193.9,1.39,1.06,36390,2015-10-08 14:09:27:559
-0.1915,-0.2298,9.7109,-0.1916,-0.1961,9.8028,1.0E-4,-0.0338,-0.0919,0.0554,0.0064,0.1214,8.5,-34.75,-24.0,193.53,1.36,1.06,36491,2015-10-08 14:09:27:660
-0.1915,-0.2107,9.7492,-0.1691,-0.2148,9.8028,-0.0225,0.0042,-0.0536,-0.066,-0.0405,-0.049,9.75,-34.25,-24.0,193.9,1.15,1.12,36590,2015-10-08 14:09:27:759
-0.1915,-0.2107,9.73,-0.1709,-0.2173,9.8028,-0.0207,0.0066,-0.0727,-0.0107,0.0341,0.0085,8.0,-33.25,-24.5,192.76,1.27,0.97,36691,2015-10-08 14:09:27:860
-0.1915,-0.2298,9.73,-0.1616,-0.2405,9.8024,-0.03,0.0107,-0.0723,-0.0469,0.0895,0.0234,8.75,-33.75,-24.0,193.95,1.41,0.98,36790,2015-10-08 14:09:27:959
-0.1915,-0.2298,9.73,-0.2012,-0.2369,9.8017,0.0291,0.0137,-0.0907,-0.0575,0.0064,0.0533,8.5,-33.5,-24.0,194.34,1.42,0.98,36891,2015-10-08 14:09:28:060
-0.1915,-0.2298,9.7492,-0.1997,-0.2439,9.8016,-0.0092,0.0483,-0.0903,-0.0447,0.0107,-0.0554,8.75,-34.25,-23.75,193.77,1.36,1.27,36990,2015-10-08 14:09:28:159
-0.1915,-0.2298,9.6917,-0.2268,-0.2532,9.8008,0.0457,0.0165,-0.0706,-0.1108,0.0554,0.0405,7.75,-34.5,-24.0,192.14,1.42,1.32,37091,2015-10-08 14:09:28:260
-0.1915,-0.2107,9.73,-0.2417,-0.2662,9.8001,0.0465,0.0458,-0.0704,-0.0554,-0.0107,-0.081,8.75,-33.0,-24.0,194.07,1.55,1.35,37190,2015-10-08 14:09:28:359
-0.1915,-0.249,9.7492,-0.2298,-0.2424,9.801,0.0383,0.0125,-0.0901,0.0916,0.0383,0.1172,8.75,-33.0,-24.25,194.06,1.57,1.35,37290,2015-10-08 14:09:28:459
-0.2107,-0.249,9.7683,-0.2355,-0.2242,9.8013,0.0249,-0.0248,-0.0329,-0.0298,-0.0575,-0.0469,8.5,-31.25,-24.0,194.58,1.43,1.31,37391,2015-10-08 14:09:28:560
-0.1724,-0.2298,9.73,-0.2293,-0.1959,9.802,-6.0E-4,-0.034,-0.0528,-0.0447,0.1044,-0.0128,7.5,-32.75,-24.0,192.58,1.21,1.25,37490,2015-10-08 14:09:28:659
-0.1915,-0.2107,9.6917,-0.2106,-0.1919,9.8025,0.0191,-0.0188,-0.1108,0.0128,0.0511,-0.0639,7.75,-33.25,-24.0,192.9,1.14,1.34,37591,2015-10-08 14:09:28:760
-0.1915,-0.2107,9.7109,-0.2037,-0.1936,9.8026,-0.0042,-0.0347,-0.0917,-0.0085,0.0277,-0.0128,8.25,-32.75,-24.25,192.64,1.16,1.17,37690,2015-10-08 14:09:28:859
-0.1915,-0.2107,9.7109,-0.2211,-0.1999,9.8021,0.0513,-0.0109,-0.0912,-0.032,0.0575,0.0618,8.0,-32.25,-23.75,193.03,1.1,1.16,37791,2015-10-08 14:09:28:960
-0.1915,-0.2107,9.73,-0.2318,-0.1735,9.8024,0.0448,-0.0753,-0.0531,0.0597,0.0447,-0.0362,7.75,-32.5,-23.5,192.99,1.01,1.3,37891,2015-10-08 14:09:29:060
-0.1532,-0.2298,9.7492,-0.2435,-0.1775,9.802,0.0903,-0.0523,-0.0528,0.1129,0.0149,-0.0447,8.25,-31.5,-24.5,193.24,1.12,1.42,37990,2015-10-08 14:09:29:159
-0.2107,-0.249,9.73,-0.24,-0.1916,9.8018,0.0293,-0.0574,-0.091,0.0362,-0.0937,-0.0426,8.75,-32.5,-24.75,194.48,1.01,1.43,38091,2015-10-08 14:09:29:260
-0.2107,-0.249,9.73,-0.2279,-0.1849,9.8023,0.0364,-0.0449,-0.0914,0.1044,-0.0256,0.0767,7.75,-33.0,-24.25,194.11,1.12,1.4,38191,2015-10-08 14:09:29:360
-0.1915,-0.2107,9.7109,-0.1968,-0.1742,9.8031,0.0053,-0.0365,-0.0922,-0.0383,0.0256,0.0767,8.25,-32.25,-24.0,193.04,0.99,1.17,38291,2015-10-08 14:09:29:460
-0.1915,-0.249,9.73,-0.1923,-0.191,9.8029,-0.0184,-5.0E-4,-0.092,-0.0064,0.0724,-0.0107,8.25,-32.75,-24.0,194.72,1.02,1.15,38390,2015-10-08 14:09:29:559
-0.1915,-0.249,9.73,-0.2241,-0.1925,9.8022,0.033,-0.0263,-0.1102,-0.1236,0.0362,-0.066,8.5,-32.25,-24.5,192.68,1.12,1.12,38491,2015-10-08 14:09:29:660
-0.1915,-0.249,9.7875,-0.2426,-0.1904,9.8018,0.051,-0.0395,-0.0909,-0.0724,0.0831,0.0021,7.75,-32.5,-23.75,194.17,1.12,1.31,38590,2015-10-08 14:09:29:759
-0.2107,-0.2107,9.7492,-0.2451,-0.2021,9.8015,0.0344,-0.0086,-0.0715,-0.0341,0.0085,0.0064,8.25,-32.0,-25.0,192.85,1.11,1.42,38690,2015-10-08 14:09:29:859
-0.2107,-0.2107,9.7683,-0.2158,-0.2072,9.8021,0.0242,-0.0226,-0.0721,-0.0234,0.032,0.13,8.0,-32.75,-25.0,194.89,1.28,1.4,38790,2015-10-08 14:09:29:959
-0.1915,-0.2107,9.7109,-0.204,-0.211,9.8023,0.0316,3.0E-4,-0.0722,-0.0618,0.0682,-0.0043,7.0,-33.0,-24.5,192.48,1.21,1.32,38890,2015-10-08 14:09:30:059
-0.1724,-0.2298,9.7492,-0.2155,-0.2177,9.8019,0.0021,-0.0082,-0.1101,0.0277,0.0043,-0.0447,8.0,-34.25,-23.75,192.24,1.2,1.22,38990,2015-10-08 14:09:30:159
-0.1724,-0.1915,9.7875,-0.1871,-0.2251,9.8023,-0.0044,-0.0048,-0.0722,0.0618,0.0341,-0.1044,8.75,-32.75,-24.25,194.25,1.31,1.14,39090,2015-10-08 14:09:30:259
-0.1915,-0.2298,9.73,-0.198,-0.2359,9.8018,0.0064,0.0061,-0.0718,0.0874,-0.0746,-0.0788,9.0,-32.5,-24.25,194.64,1.4,1.16,39190,2015-10-08 14:09:30:359
-0.1915,-0.2298,9.7109,-0.1997,-0.2503,9.8014,0.0082,0.0396,-0.0714,-0.0192,0.0128,-0.0256,7.75,-34.5,-24.25,192.6,1.32,1.2,39290,2015-10-08 14:09:30:459
-0.1915,-0.2107,9.73,-0.192,-0.2403,9.8018,4.0E-4,0.0296,-0.0718,0.0362,-0.0362,0.0874,8.75,-33.75,-24.75,192.24,1.42,1.12,39391,2015-10-08 14:09:30:560
-0.1915,-0.2298,9.7492,-0.1548,-0.2399,9.8025,-0.0234,0.0094,-0.0914,0.0085,0.1342,0.0874,8.0,-33.25,-25.25,194.22,1.35,1.12,39491,2015-10-08 14:09:30:660
-0.1915,-0.2298,9.8067,-0.1731,-0.2136,9.8028,-0.038,-0.0252,-0.073,0.0874,-0.0043,0.0703,8.75,-33.5,-24.5,194.42,1.28,0.9,39591,2015-10-08 14:09:30:760
-0.1915,-0.2298,9.7109,-0.1569,-0.2334,9.8026,-0.0347,0.0036,-0.0917,-0.0597,-0.0639,0.098,8.25,-32.25,-24.0,193.13,1.29,0.98,39691,2015-10-08 14:09:30:860
-0.1915,-0.2298,9.7109,-0.1563,-0.243,9.8024,-0.016,0.0132,-0.1107,-0.049,-0.0064,0.0575,8.25,-32.25,-25.25,193.08,1.5,0.96,39791,2015-10-08 14:09:30:960
-0.1724,-0.2298,9.7683,-0.156,-0.2762,9.8015,-0.0547,0.0463,-0.0906,-0.0192,0.0703,-0.1619,8.75,-32.5,-25.5,194.73,1.59,0.94,39891,2015-10-08 14:09:31:060
-0.1724,-0.249,9.7875,-0.1414,-0.2712,9.8019,-0.044,0.0442,-0.0525,-0.0298,0.0618,0.017,9.0,-31.75,-24.5,194.74,1.61,0.91,39990,2015-10-08 14:09:31:159
-0.1915,-0.249,9.7875,-0.1515,-0.301,9.8009,-0.0398,0.0686,-0.0709,-0.0362,0.0959,0.0746,8.75,-33.75,-24.5,193.97,1.72,0.88,40090,2015-10-08 14:09:31:259
-0.2107,-0.2107,9.7109,-0.1732,-0.322,9.7998,-0.0242,0.0946,-0.0124,-0.0043,0.0192,-0.0959,8.5,-33.5,-24.75,194.21,1.88,1.01,40190,2015-10-08 14:09:31:359
-0.1724,-0.249,9.7492,-0.1704,-0.3223,9.7999,-0.0161,0.0781,-0.0887,-0.0831,0.0107,-0.0043,8.25,-33.25,-23.75,192.64,1.94,1.01,40290,2015-10-08 14:09:31:459
-0.1915,-0.249,9.7875,-0.1887,-0.3025,9.8002,-0.0242,0.0967,-0.0892,0.0383,-0.0469,0.1087,8.0,-33.5,-24.0,192.61,1.86,1.06,40390,2015-10-08 14:09:31:559
-0.2107,-0.2298,9.7492,-0.1525,-0.2591,9.802,-0.0754,0.0561,-0.0718,-0.081,0.017,0.0043,7.5,-33.0,-24.25,192.69,1.7,0.98,40491,2015-10-08 14:09:31:660
-0.1915,-0.2298,9.7875,-0.1818,-0.2902,9.8007,-0.0164,0.0576,-0.0517,-0.098,0.081,-0.1214,7.25,-33.5,-24.25,191.07,1.6,0.99,40590,2015-10-08 14:09:31:759
-0.1724,-0.2298,9.6917,-0.1789,-0.2977,9.8005,0.0065,0.0679,-0.1088,-0.0767,-0.0746,0.0724,8.25,-32.5,-24.0,192.97,1.74,1.11,40691,2015-10-08 14:09:31:860
-0.1724,-0.249,9.73,-0.1825,-0.2889,9.8007,0.0155,0.0622,-0.0705,0.1044,0.0256,0.0852,8.75,-32.0,-23.75,194.62,1.75,1.1,40790,2015-10-08 14:09:31:959
-0.1915,-0.2298,9.7683,-0.1665,-0.2721,9.8015,-0.0197,0.0388,-0.0906,0.0426,0.0682,-0.0533,9.5,-32.75,-23.75,195.89,1.63,0.99,40890,2015-10-08 14:09:32:059
-0.1915,-0.2107,9.73,-0.1856,-0.2485,9.8017,7.0E-4,0.0327,-0.0907,-0.0511,-0.0149,-0.0746,8.75,-33.0,-24.25,194.32,1.58,0.98,40990,2015-10-08 14:09:32:159
-0.2107,-0.249,9.73,-0.1854,-0.2502,9.8017,-0.0253,0.0012,-0.0717,0.0383,-0.0107,-0.0597,7.75,-33.75,-24.25,192.6,1.46,1.16,41091,2015-10-08 14:09:32:260
-0.1915,-0.2298,9.7109,-0.1988,-0.2182,9.8022,0.0073,-0.0116,-0.0913,-0.0192,-0.0298,0.1577,8.5,-32.5,-24.25,194.7,1.3,1.1,41190,2015-10-08 14:09:32:359
-0.2107,-0.2298,9.73,-0.1815,-0.2049,9.8028,-0.0292,-0.0249,-0.0728,0.1044,-0.0703,0.0511,8.75,-32.0,-24.25,194.69,1.37,1.09,41290,2015-10-08 14:09:32:459
-0.1915,-0.249,9.7875,-0.2189,-0.2035,9.8021,0.0273,-0.0455,-0.0146,-0.0554,-0.081,0.049,8.75,-32.5,-24.25,194.72,1.06,1.14,41391,2015-10-08 14:09:32:560
-0.1915,-0.2298,9.73,-0.1967,-0.2314,9.8019,0.0076,-0.0319,-0.053,-0.032,-0.0362,0.1406,8.75,-32.75,-24.0,195.82,1.16,1.22,41490,2015-10-08 14:09:32:659
-0.1915,-0.2298,9.7109,-0.1846,-0.2319,9.8022,0.0123,-0.0012,-0.0531,-0.0277,0.0405,0.0639,9.0,-32.25,-23.75,194.66,1.35,1.15,41591,2015-10-08 14:09:32:760
-0.1915,-0.2298,9.7492,-0.2077,-0.2341,9.8017,0.0285,0.0155,-0.0514,0.1044,0.0064,0.032,8.25,-32.5,-24.5,192.87,1.55,1.29,41691,2015-10-08 14:09:32:860
-0.1724,-0.2298,9.73,-0.2135,-0.2484,9.8012,0.0411,0.0186,-0.0711,0.0128,0.0149,-0.0533,8.0,-32.0,-24.0,192.91,1.36,1.27,41790,2015-10-08 14:09:32:959
-0.2107,-0.2107,9.7109,-0.2166,-0.2238,9.8017,0.0031,0.0124,0.0049,0.0554,0.0192,-0.0234,8.25,-34.0,-23.75,192.2,1.31,1.27,41890,2015-10-08 14:09:33:059
-0.1724,-0.2298,9.7492,-0.2082,-0.234,9.8016,0.0358,0.0042,-0.0525,-0.0043,0.0277,-0.049,8.5,-32.75,-24.5,194.16,1.26,1.29,41990,2015-10-08 14:09:33:159
-0.1915,-0.2107,9.73,-0.2238,-0.2214,9.8016,0.0323,0.0107,-0.0716,-0.0021,0.0064,0.1257,9.25,-34.0,-25.0,193.7,1.28,1.32,42091,2015-10-08 14:09:33:260
-0.1915,-0.2107,9.73,-0.2297,-0.2295,9.8013,0.0347,0.0147,-0.0714,0.0447,-0.0277,-0.0533,9.0,-33.25,-25.25,195.69,1.29,1.31,42190,2015-10-08 14:09:33:359
-0.1724,-0.2107,9.7683,-0.2072,-0.2146,9.8021,0.0075,0.0181,-0.0719,0.0895,0.1641,-0.1044,9.0,-34.25,-25.0,193.7,1.36,1.3,42291,2015-10-08 14:09:33:460
-0.1724,-0.2107,9.7492,-0.2317,-0.2356,9.8011,0.0356,0.0193,-0.0904,-0.0362,0.0128,0.0533,8.75,-33.5,-24.25,194.13,1.26,1.33,42390,2015-10-08 14:09:33:559
-0.1915,-0.2298,9.7109,-0.2396,-0.2817,9.7997,0.043,0.0709,-0.0889,0.0064,0.1087,-0.066,8.25,-32.0,-25.0,192.72,1.65,1.4,42490,2015-10-08 14:09:33:659
-0.1915,-0.2298,9.73,-0.2251,-0.2391,9.8011,0.0336,0.0476,0.0055,0.017,-0.0213,0.017,8.5,-32.5,-24.5,194.53,1.4,1.32,42590,2015-10-08 14:09:33:759
-0.1915,-0.2298,9.7875,-0.2472,-0.242,9.8005,0.0557,0.0122,-0.013,0.1406,0.066,0.0746,8.75,-32.0,-24.5,194.45,1.31,1.46,42690,2015-10-08 14:09:33:859
-0.1724,-0.249,9.7492,-0.2356,-0.2447,9.8008,0.0786,-0.0092,-0.013,-0.0383,0.0405,0.032,8.5,-33.75,-24.75,193.56,1.38,1.5,42791,2015-10-08 14:09:33:960
-0.1724,-0.2682,9.7875,-0.2193,-0.2345,9.8014,0.0424,-0.0331,-0.014,-0.0362,-0.0533,-0.0703,8.5,-34.75,-24.75,193.33,1.35,1.29,42890,2015-10-08 14:09:34:059
-0.2107,-0.1915,9.7492,-0.2307,-0.2589,9.8005,0.02,0.0673,-0.0513,-0.032,0.0405,-0.081,8.25,-33.75,-24.5,192.18,1.37,1.28,42990,2015-10-08 14:09:34:159
-0.1724,-0.2107,9.73,-0.2177,-0.2561,9.8009,0.0453,0.0454,-0.09,0.0085,-0.0703,0.0298,8.25,-33.75,-24.5,192.42,1.51,1.35,43090,2015-10-08 14:09:34:259
-0.1915,-0.2107,9.73,-0.2208,-0.2561,9.8008,0.0292,0.0454,-0.0708,0.0256,0.1406,-0.0533,8.75,-33.75,-24.75,192.13,1.48,1.27,43191,2015-10-08 14:09:34:360
-0.1915,-0.2298,9.8067,-0.2204,-0.2196,9.8017,0.0097,-0.0103,-0.0142,0.0724,-0.0298,-0.0298,9.0,-34.0,-25.0,192.51,1.5,1.29,43290,2015-10-08 14:09:34:459
-0.2107,-0.2298,9.7875,-0.1901,-0.223,9.8023,-0.0206,-0.0068,-0.0148,-0.0362,-0.0064,0.017,9.75,-34.75,-24.75,194.93,1.27,1.18,43390,2015-10-08 14:09:34:559
-0.1915,-0.2107,9.73,-0.1769,-0.1954,9.8031,-0.0146,-0.0153,-0.0731,0.032,0.0064,-0.0554,9.0,-34.0,-24.5,193.92,1.16,1.07,43491,2015-10-08 14:09:34:660
-0.2107,-0.2107,9.7109,-0.1562,-0.1779,9.8038,-0.0545,-0.0328,-0.0929,0.0256,-0.0937,0.0618,9.25,-33.5,-24.75,194.34,1.07,1.01,43590,2015-10-08 14:09:34:759
-0.1724,-0.2298,9.7492,-0.1579,-0.1837,9.8037,-0.0145,-0.0461,-0.0545,-0.0426,0.0959,-0.0874,8.0,-33.75,-24.5,192.43,1.09,0.97,43691,2015-10-08 14:09:34:860
-0.1724,-0.2298,9.73,-0.1841,-0.1811,9.8033,3.0E-4,-0.0311,-0.0156,-0.0298,-0.0554,0.0107,8.5,-34.5,-24.0,193.9,1.06,1.14,43790,2015-10-08 14:09:34:959
-0.1915,-0.2298,9.73,-0.1616,-0.1888,9.8035,-0.0095,-0.0297,-0.0158,-0.0575,0.0298,-0.0554,7.5,-32.5,-24.25,193.94,1.06,1.08,43890,2015-10-08 14:09:35:059
-0.1915,-0.2107,9.7492,-0.1947,-0.1752,9.8032,0.0032,-0.0355,-0.054,-0.0874,0.0234,0.1044,9.25,-34.5,-24.0,192.75,1.08,1.03,43992,2015-10-08 14:09:35:161
-0.2107,-0.2298,9.7683,-0.2115,-0.2016,9.8023,0.0091,-0.0442,-0.0537,-0.098,0.0277,0.0085,9.25,-32.25,-24.75,194.65,1.08,1.17,44090,2015-10-08 14:09:35:259
-0.1915,-0.2107,9.7875,-0.1919,-0.2287,9.8021,-0.0152,0.0072,-0.0722,-0.017,-0.0511,-0.032,9.25,-32.75,-24.75,194.22,1.34,1.12,44190,2015-10-08 14:09:35:359
-0.1915,-0.249,9.7875,-0.181,-0.2525,9.8017,0.005,0.0234,-0.0526,0.0085,-0.0192,0.0256,8.5,-34.25,-25.0,193.92,1.37,1.04,44290,2015-10-08 14:09:35:459
-0.1915,-0.2107,9.7492,-0.1931,-0.2648,9.8012,0.0016,0.0541,-0.052,0.13,0.1236,-0.0554,8.75,-32.75,-25.25,194.23,1.52,1.06,44390,2015-10-08 14:09:35:559
-0.1915,-0.2298,9.73,-0.2195,-0.2288,9.8015,0.028,-0.001,-0.0715,-0.0618,-0.0256,-0.0298,9.75,-34.5,-24.5,195.3,1.39,1.28,44490,2015-10-08 14:09:35:659
-0.1915,-0.2298,9.7109,-0.2275,-0.2456,9.8009,0.0359,0.0157,-0.0901,-0.0064,0.0746,-0.0533,10.25,-34.25,-24.5,196.83,1.37,1.29,44591,2015-10-08 14:09:35:760
-0.2107,-0.249,9.7683,-0.2261,-0.2747,9.8002,0.0538,0.0448,-0.0702,0.0213,-0.032,-0.066,9.25,-34.25,-25.0,195.24,1.44,1.36,44691,2015-10-08 14:09:35:860
-0.2107,-0.2107,9.8067,-0.2207,-0.2953,9.7997,0.01,0.1037,-0.0314,-0.0682,0.1427,-0.0362,8.75,-33.75,-25.25,195.18,1.6,1.34,44791,2015-10-08 14:09:35:960
-0.1724,-0.249,9.8258,-0.2115,-0.2764,9.8005,0.0391,0.0274,0.0253,0.0597,-0.0085,-0.0064,8.75,-33.25,-24.75,194.09,1.62,1.24,44890,2015-10-08 14:09:36:059
-0.1915,-0.2107,9.73,-0.2,-0.2731,9.8008,-0.0107,0.0624,0.025,0.0426,-0.1704,0.0149,8.75,-33.75,-24.5,192.44,1.64,1.28,44991,2015-10-08 14:09:36:160
-0.2107,-0.2107,9.7683,-0.2347,-0.2864,9.7997,0.0431,0.0565,-0.0888,0.0426,-0.0405,0.0128,7.75,-33.5,-25.25,192.37,1.75,1.36,45090,2015-10-08 14:09:36:259
-0.1915,-0.249,9.7492,-0.2341,-0.2777,9.7999,0.0426,0.067,-0.0316,0.1257,-0.2067,0.0064,8.25,-34.0,-24.5,192.1,1.72,1.26,45191,2015-10-08 14:09:36:360
-0.2107,-0.249,9.7492,-0.2281,-0.2916,9.7997,0.0174,0.0426,-0.0505,-0.0874,-0.0213,-0.1108,9.0,-34.0,-24.75,193.62,1.7,1.33,45290,2015-10-08 14:09:36:459
-0.1915,-0.249,9.73,-0.1919,-0.2959,9.8003,4.0E-4,0.0469,-0.0703,0.1001,-0.0234,0.0362,8.25,-34.75,-24.75,193.62,1.7,1.33,45390,2015-10-08 14:09:36:559
-0.1915,-0.2298,9.6917,-0.2196,-0.3053,9.7994,0.0472,0.0755,-0.0311,0.0213,0.0511,-0.0639,9.25,-29.75,-23.75,195.39,1.78,1.28,45491,2015-10-08 14:09:36:660
-0.1915,-0.2298,9.7875,-0.1961,-0.306,9.7999,0.0046,0.0953,-0.089,-0.032,-0.0426,0.0447,8.5,-31.75,-23.75,194.58,1.79,1.15,45591,2015-10-08 14:09:36:760
-0.2107,-0.2298,9.7109,-0.1675,-0.3406,9.7993,-0.0432,0.1107,-0.0884,0.0107,-0.1044,-0.0405,8.0,-31.75,-24.0,193.02,1.99,0.98,45691,2015-10-08 14:09:36:860
-0.1724,-0.249,9.73,-0.1489,-0.3328,9.7999,-0.0235,0.0838,-0.0698,-0.032,-0.0746,-0.1278,8.0,-32.0,-24.0,193.1,1.94,0.87,45791,2015-10-08 14:09:36:960
-0.1915,-0.249,9.7109,-0.1483,-0.3458,9.7994,-0.0432,0.0968,-0.0885,-0.0916,0.0767,0.0192,7.0,-32.0,-24.5,193.18,1.94,0.76,45890,2015-10-08 14:09:37:059
-0.1915,-0.2107,9.7683,-0.1786,-0.3251,9.7996,-0.0129,0.1145,-0.0313,0.1236,-0.049,0.0874,7.75,-32.75,-24.0,192.96,2.18,1.03,45991,2015-10-08 14:09:37:160
-0.1915,-0.2298,9.7875,-0.1771,-0.3452,9.799,-0.0145,0.1154,-0.0115,0.0256,0.1193,0.032,8.0,-33.25,-23.75,192.53,1.95,1.16,46090,2015-10-08 14:09:37:259
-0.1915,-0.2298,9.73,-0.1461,-0.3386,9.7997,-0.0454,0.1088,-0.0697,0.049,0.0256,0.0149,7.75,-33.0,-23.5,192.98,2.02,1.04,46191,2015-10-08 14:09:37:360
-0.1915,-0.2298,9.6917,-0.1535,-0.3177,9.8003,-0.038,0.0878,-0.1086,0.0426,-0.1214,0.0277,8.25,-32.5,-23.25,193.15,1.98,0.85,46290,2015-10-08 14:09:37:459
-0.1915,-0.2298,9.73,-0.1397,-0.3247,9.8003,-0.0519,0.0757,-0.0702,0.0447,0.115,0.0341,8.75,-32.75,-23.25,194.78,1.86,0.9,46390,2015-10-08 14:09:37:559
-0.1915,-0.2298,9.8258,-0.1436,-0.3293,9.8001,-0.048,0.0994,-0.0892,0.0107,-0.0107,-0.0064,8.0,-32.75,-23.25,192.79,1.92,0.84,46491,2015-10-08 14:09:37:660
-0.1149,-0.249,9.7875,-0.0867,-0.3343,9.8006,-0.0282,0.0853,-0.0131,-0.0724,-0.0554,-0.0107,8.5,-32.5,-23.0,194.85,2.0,0.76,46590,2015-10-08 14:09:37:759
-0.1341,-0.1149,9.1363,-0.1236,-0.3118,9.8009,-0.0105,0.1969,-0.6646,0.1236,-0.1641,0.0341,9.75,-32.25,-23.5,196.43,1.96,0.83,46690,2015-10-08 14:09:37:859
-0.1341,-0.1149,9.1363,-0.1236,-0.3118,9.8009,-0.0105,0.1969,-0.6646,0.1236,-0.1641,0.0341,9.75,-32.25,-23.5,196.43,1.96,0.83,46790,2015-10-08 14:09:37:959
-0.2107,-0.2298,9.845,-0.1298,-0.3313,9.8002,4.0E-4,0.0807,-0.3389,-0.0107,0.1385,-0.081,9.0,-32.75,-24.25,194.41,1.81,0.79,46890,2015-10-08 14:09:38:059