(-0.311, -0.003, 0.966),
(-0.314, -0.003, 0.980),
(-0.317, -0.003, 0.979),
(-0.323, -0.011, 0.980),
(-0.309, -0.013, 0.988),
(-0.307, -0.008, 0.972),
(-0.303, -0.005, 0.975),
(-0.309, 0.000, 0.976),
(-0.281, 0.004, 0.981),
(-0.289, 0.009, 0.985),
(-0.280, 0.003, 0.992),
(-0.282, 0.001, 0.999),
(-0.288, 0.002, 1.004),
(-0.285, -0.004, 1.011),
(-0.272, -0.012, 1.021),
(-0.259, -0.011, 1.037),
(-0.205, 0.052, 1.072),
(-0.187, 0.083, 1.096),
(-0.144, 0.105, 1.122),
(-0.131, 0.134, 1.144),
(-0.134, 0.184, 1.161),
(-0.151, 0.236, 1.171),
(-0.164, 0.277, 1.198),
(-0.216, 0.318, 1.189),
(-0.186, 0.375, 1.209),
(-0.248, 0.389, 1.189),
(-0.271, 0.410, 1.174),
(-0.311, 0.440, 1.147),
(-0.354, 0.464, 1.114),
(-0.369, 0.487, 1.081),
(-0.376, 0.512, 1.061),
(-0.371, 0.519, 1.044),
(-0.343, 0.519, 1.031),
(-0.310, 0.543, 1.040),
(-0.309, 0.558, 1.055),
(-0.306, 0.554, 1.088),
(-0.288, 0.556, 1.114),
(-0.267, 0.540, 1.132),
(-0.261, 0.521, 1.119),
(-0.269, 0.482, 1.092),
(-0.252, 0.460, 1.046),
(-0.224, 0.448, 1.007),
(-0.231, 0.434, 0.981),
(-0.216, 0.388, 0.952),
(-0.179, 0.342, 0.922),
(-0.126, 0.322, 0.900),
(-0.077, 0.315, 0.923),
(0.022, 0.263, 0.927),
(0.065, 0.225, 0.990),
(0.110, 0.115, 0.947),
(0.156, 0.031, 0.862),
(0.240, -0.052, 0.783),
(0.403, -0.276, 0.703),
(0.548, -0.405, 0.660),
(0.758, -0.499, 0.648),
(0.899, -0.597, 0.606),
(0.906, -0.543, 0.583),
(0.927, -0.388, 0.645),
(0.930, -0.271, 0.710),
(0.910, -0.178, 0.762),
(0.857, -0.123, 0.791),
(0.797, -0.099, 0.807),
(0.765, -0.090, 0.830),
(0.753, -0.053, 0.886),
(0.740, -0.041, 0.913),
(0.707, -0.043, 0.905),
(0.651, -0.055, 0.901),
(0.556, -0.103, 0.870),
(0.498, -0.129, 0.850),
(0.496, -0.153, 0.875),
(0.474, -0.155, 0.839),
(0.396, -0.163, 0.849),
(0.250, -0.107, 0.838),
(0.136, -0.026, 0.800),
(0.075, 0.008, 0.835),
(0.013, 0.025, 0.781),
(-0.108, 0.074, 0.734),
(-0.137, 0.146, 0.745),
(-0.235, 0.208, 0.802),
(-0.349, 0.257, 0.824),
(-0.375, 0.319, 0.833),
(-0.336, 0.388, 0.833),
(-0.279, 0.548, 0.924),
(-0.312, 0.644, 1.051),
(-0.448, 0.564, 1.079),
(-0.534, 0.447, 1.095),
(-0.556, 0.324, 1.109),
(-0.634, 0.302, 1.098),
(-0.661, 0.398, 1.164),
(-0.737, 0.475, 1.159),
(-0.754, 0.593, 1.109),
(-0.720, 0.940, 1.126),
(-0.596, 1.005, 1.171),
(-0.525, 0.920, 1.172),
(-0.471, 0.819, 1.171),
(-0.500, 0.699, 1.140),
(-0.544, 0.547, 1.099),
(-0.538, 0.387, 1.067),
(-0.514, 0.260, 1.042),
(-0.483, 0.154, 1.020),
(-0.477, 0.082, 0.987),
(-0.458, 0.057, 0.935),
(-0.451, 0.058, 0.898),
(-0.456, 0.052, 0.878),
(-0.449, 0.076, 0.869),
(-0.444, 0.125, 0.886),
(-0.460, 0.167, 0.909),
(-0.463, 0.199, 0.917),
(-0.474, 0.235, 0.951),
(-0.508, 0.237, 0.944),
(-0.470, 0.259, 0.949),
(-0.463, 0.316, 0.996),
(-0.476, 0.365, 1.022),
(-0.449, 0.458, 1.060),
(-0.419, 0.531, 1.115),
(-0.468, 0.558, 1.165),
(-0.471, 0.600, 1.200),
(-0.425, 0.634, 1.233),
(-0.415, 0.685, 1.286),
(0.237, -0.486, 0.652),
(0.354, -0.479, 0.530),
(0.506, -0.510, 0.395),
(0.748, -0.460, 0.341),
(0.886, -0.287, 0.310),
(0.920, -0.131, 0.307),
(0.953, -0.038, 0.305),
(0.943, 0.038, 0.356),
(0.898, 0.106, 0.402),
(0.843, 0.131, 0.495),
(0.825, 0.144, 0.553),
(0.790, 0.110, 0.581),
(0.766, 0.075, 0.618),
(0.703, 0.050, 0.658),
(0.639, -0.003, 0.635),
(0.568, -0.067, 0.608),
(0.487, -0.198, 0.514),
(0.381, -0.214, 0.507),
(0.207, -0.288, 0.582),
(0.144, -0.267, 0.709),
(0.209, -0.123, 0.774),
(0.127, -0.076, 0.818),
(-0.469, 0.013, 0.826),
(-0.480, 0.095, 0.888),
(-0.450, 0.163, 0.967),
(-0.454, 0.207, 1.028),
(-0.448, 0.303, 1.121),
(-0.434, 0.408, 1.221),
(-0.398, 0.504, 1.345),
(-0.388, 0.507, 1.344),
(-0.400, 0.521, 1.368),
(-0.452, 0.536, 1.411),
(-0.459, 0.565, 1.427),
(-0.422, 0.599, 1.424),
(-0.467, 0.608, 1.422),
(-0.522, 0.602, 1.396),
(-0.551, 0.615, 1.345),
(-0.548, 0.653, 1.316),
(-0.519, 0.712, 1.291),
(-0.535, 0.712, 1.236),
(-0.608, 0.684, 1.182),
(-0.616, 0.635, 1.185),
(-0.543, 0.550, 1.214),
(-0.530, 0.298, 1.133),
(-0.630, -0.016, 0.967),
(-0.619, -0.104, 0.932),
(-0.503, -0.135, 0.926),
(-0.309, -0.186, 0.846),
(0.034, -0.331, 0.627),
(0.171, -0.450, 0.571),
(0.305, -0.505, 0.396),
(0.510, -0.549, 0.232),
(0.882, -0.576, 0.294),
(1.233, -0.616, 0.269),
(1.191, -0.586, 0.271),
(1.097, -0.357, 0.341),
(1.067, -0.138, 0.498),
(1.104, 0.023, 0.679),
(1.091, 0.096, 0.759),
(0.982, 0.074, 0.734),
(0.851, 0.021, 0.683),
(0.792, -0.020, 0.646),
(0.773, -0.041, 0.654),
(0.738, -0.054, 0.636),
(0.701, -0.085, 0.583),
(0.673, -0.105, 0.544),
(0.635, -0.143, 0.547),
(0.534, -0.222, 0.513),
(0.434, -0.277, 0.482),
(0.433, -0.301, 0.550),
(0.433, -0.278, 0.635),
(0.227, -0.285, 0.657),
(0.068, -0.287, 0.701),
(0.037, -0.166, 0.809),
(0.039, -0.087, 0.999),
(-0.148, -0.130, 1.091),
(-0.329, -0.181, 1.014),
(-0.365, -0.148, 1.000),
(-0.335, 0.044, 1.084),
(-0.427, 0.169, 1.202),
(-0.656, 0.158, 1.161),
(-0.787, 0.145, 1.162),
(-0.817, 0.139, 1.126),
(-0.958, 0.140, 1.098),
(-1.092, 0.398, 1.120),
(-1.033, 0.477, 1.062),
(-1.044, 0.680, 1.089),
(0.959, -0.304, 0.266),
(0.953, -0.346, 0.280),
(0.724, -0.411, 0.246),
(0.769, -0.426, 0.207),
(0.769, -0.434, 0.243),
(0.698, -0.402, 0.342),
(0.617, -0.423, 0.420),
(0.587, -0.453, 0.383),
(0.577, -0.444, 0.428),
(0.392, -0.398, 0.572),
(0.139, -0.336, 0.654),
(0.031, -0.347, 0.759),
(-0.012, -0.222, 0.899),
(-0.063, -0.125, 1.020),
(-0.193, -0.104, 0.976),
(-0.363, 0.070, 1.039),
(-0.357, 0.425, 1.195),
(-0.316, 0.614, 1.312),
(-0.484, 0.533, 1.216),
(-0.572, 0.414, 1.009),
(-0.506, 0.427, 0.959),
(-0.539, 0.571, 0.928),
(-0.662, 0.719, 0.968),
(-0.787, 0.665, 0.952),
(-0.757, 0.622, 0.888),
(-0.694, 0.634, 0.907),
(-0.686, 0.709, 0.968),
(-0.694, 0.819, 0.945),
(-0.687, 0.881, 0.911),
(-0.227, 1.272, 1.384),
(-0.552, 0.565, 1.133),
(-0.588, 0.371, 1.017),
(-0.600, 0.234, 0.943),
(-0.573, 0.166, 0.874),
(-0.520, 0.152, 0.765),
(-0.464, 0.165, 0.749),
(-0.441, 0.159, 0.742),
(-0.437, 0.182, 0.757),
(-0.446, 0.215, 0.801),
(-0.467, 0.240, 0.842),
(-0.457, 0.278, 0.876),
(-0.448, 0.303, 0.929),
(-0.445, 0.290, 0.969),
(-0.436, 0.318, 1.022),
(-0.422, 0.358, 1.042),
(-0.411, 0.409, 1.091),
(-0.370, 0.466, 1.138),
(-0.327, 0.551, 1.171),
(-0.322, 0.613, 1.176),
(-0.360, 0.702, 1.189),
(-0.379, 0.735, 1.222),
(-0.374, 0.761, 1.260),
(-0.373, 0.759, 1.275),
(-0.395, 0.738, 1.267),
(-0.408, 0.729, 1.257),
(-0.410, 0.738, 1.204),
(-0.398, 0.732, 1.103),
(-0.387, 0.731, 1.014),
(-0.359, 0.767, 0.945),
(-0.306, 0.768, 0.890),
(-0.273, 0.741, 0.875),
(-0.198, 0.737, 0.975),
(-0.083, 0.545, 0.842),
(-0.124, 0.371, 0.784),
(-0.082, 0.370, 0.883),
(0.042, 0.262, 0.812),
(0.138, 0.190, 0.796),
(0.248, 0.153, 0.756),
(0.186, -0.046, 0.563),
(0.229, -0.134, 0.477),
(0.309, -0.249, 0.395),
(0.388, -0.327, 0.340),
(0.517, -0.368, 0.210),
(0.595, -0.441, 0.120),
(0.699, -0.439, 0.031),
(0.868, -0.388, 0.025),
(0.978, -0.354, 0.105),
(1.028, -0.329, 0.143),
(1.070, -0.260, 0.156),
(1.136, -0.199, 0.202),
(1.039, -0.174, 0.276),
(0.975, -0.259, 0.262),
(0.917, -0.291, 0.271),
(0.864, -0.326, 0.273),
(0.848, -0.409, 0.248),
(0.837, -0.478, 0.237),
(0.552, -0.428, 0.380),
(0.125, -0.135, 0.727),
(0.150, 0.052, 0.992),
(0.051, 0.048, 1.000),
(-0.104, 0.043, 0.910),
(-0.089, 0.215, 0.942),
(-0.100, 0.457, 1.094),
(-0.258, 0.444, 1.085),
(-0.427, 0.366, 1.028),
(-0.409, 0.361, 0.959),
(-0.516, 0.524, 0.988),
(-0.630, 0.521, 1.001),
(-0.668, 0.483, 0.957),
(-0.723, 0.479, 0.892),
(-0.895, 0.587, 0.908),
(-0.967, 0.701, 0.855),
(-0.887, 0.910, 0.876),
(-0.756, 1.212, 1.017),
(-0.438, 1.646, 1.305),
(-0.125, 1.689, 1.688),
(-0.333, 1.161, 1.652),
(-0.646, 0.780, 1.238),
(-0.747, 0.515, 1.025),
(-0.774, 0.284, 0.991),
(-0.706, 0.175, 0.970),
(-0.688, 0.180, 0.884),
(-0.575, 0.229, 0.832),
(-0.477, 0.255, 0.804),
(-0.437, 0.239, 0.788),
(-0.464, 0.213, 0.760),
(-0.487, 0.201, 0.763),
(-0.496, 0.175, 0.775),
(-0.491, 0.194, 0.823),
(-0.481, 0.226, 0.888),
(-0.469, 0.237, 0.937),
(-0.429, 0.271, 0.992),
(-0.405, 0.306, 1.033),
(-0.407, 0.354, 1.073),
(-0.411, 0.429, 1.107),
(-0.425, 0.510, 1.102),
(-0.446, 0.588, 1.100),
(-0.431, 0.662, 1.106),
(-0.459, 0.689, 1.114),
(-0.451, 0.707, 1.121),
(-0.471, 0.724, 1.116),
(-0.496, 0.760, 1.100),
(-0.555, 0.775, 1.061),
(-0.512, 0.842, 1.029),
(-0.489, 0.892, 1.028),
(-0.486, 0.868, 1.012),
(-0.452, 0.851, 0.943),
(-0.445, 0.839, 0.946),
(-0.366, 0.804, 0.941),
(-0.275, 0.746, 0.999),
(-0.188, 0.626, 1.021),
(-0.236, 0.544, 1.015),
(-0.210, 0.413, 0.962),
(-0.072, 0.356, 0.992),
(0.059, 0.360, 1.030),
(0.134, 0.270, 0.891),
(0.118, 0.148, 0.793),
(0.176, 0.110, 0.761),
(0.137, 0.019, 0.742),
(0.115, -0.114, 0.646),
(0.191, -0.215, 0.496),
(0.289, -0.285, 0.363),
(0.353, -0.367, 0.294),
(0.562, -0.378, 0.153),
(0.806, -0.395, 0.059),
(0.886, -0.402, -0.030),
(0.966, -0.361, -0.056),
(1.115, -0.249, 0.101),
(1.151, -0.104, 0.314),
(1.136, 0.004, 0.428),
(1.103, 0.027, 0.456),
(1.072, 0.003, 0.460),
(1.048, -0.005, 0.463),
(0.969, -0.005, 0.502),
(0.920, -0.043, 0.537),
(0.865, -0.124, 0.487),
(0.717, -0.217, 0.446),
(0.637, -0.231, 0.468),
(0.514, -0.313, 0.470),
(0.426, -0.355, 0.422),
(0.389, -0.315, 0.509),
(0.294, -0.230, 0.631),
(-0.054, -0.090, 0.929),
(0.007, 0.051, 1.036),
(0.006, 0.203, 1.103),
(-0.195, 0.158, 1.052),
(-0.395, 0.082, 0.978),
(-0.385, 0.240, 0.983),
(-0.261, 0.435, 1.134),
(-0.462, 0.350, 1.118),
(-0.790, 0.181, 1.015),
(-0.828, 0.277, 1.039),
(-0.836, 0.327, 1.064),
(-1.010, 0.387, 1.055),
(-1.134, 0.514, 0.962),
(-1.150, 0.729, 0.879),
(-1.051, 0.988, 0.933),
(-0.940, 1.233, 1.063),
(-0.607, 1.488, 1.300),
(-0.351, 1.538, 1.510),
(-0.376, 1.316, 1.532),
(-0.546, 0.991, 1.283),
(-0.612, 0.761, 1.101),
(-0.656, 0.540, 0.964),
(-0.648, 0.296, 0.918),
(-0.586, 0.142, 0.923),
(-0.546, 0.091, 0.874),
(-0.501, 0.093, 0.834),
(-0.448, 0.082, 0.817),
(-0.416, 0.063, 0.812),
(-0.420, 0.067, 0.815),
(-0.426, 0.077, 0.794),
(-0.417, 0.125, 0.788),
(-0.456, 0.250, 0.829),
(-0.457, 0.294, 0.866),
(-0.463, 0.327, 0.888),
(-0.467, 0.340, 0.905),
(-0.462, 0.364, 0.955),
(-0.467, 0.366, 0.961),
(-0.476, 0.380, 0.966),
(-0.479, 0.410, 0.961),
(-0.468, 0.427, 0.947),
(-0.456, 0.454, 0.969),
(-0.428, 0.493, 1.008),
(-0.400, 0.513, 1.050),
(-0.397, 0.549, 1.059),
(-0.390, 0.618, 1.088),
(-0.389, 0.658, 1.119),
(-0.406, 0.688, 1.142),
(-0.437, 0.722, 1.149),
(-0.438, 0.763, 1.137),
(-0.462, 0.763, 1.091),
(-0.489, 0.749, 1.062),
(-0.484, 0.740, 1.045),
(-0.431, 0.736, 1.020),
(-0.383, 0.729, 1.010),
(-0.346, 0.730, 1.026),
(-0.230, 0.705, 1.027),
(-0.148, 0.694, 1.032),
(-0.081, 0.621, 1.034),
(-0.112, 0.488, 0.974),
(-0.114, 0.437, 0.922),
(-0.007, 0.462, 0.929),
(0.026, 0.464, 0.916),
(0.057, 0.400, 0.914),
(0.119, 0.280, 0.877),
(0.208, 0.107, 0.733),
(0.255, -0.008, 0.639),
(0.240, -0.163, 0.529),
(0.296, -0.318, 0.376),
(0.565, -0.279, 0.176),
(0.625, -0.201, 0.164),
(0.849, -0.131, 0.169),
(1.027, -0.141, 0.160),
(0.974, -0.097, 0.118),
(0.979, -0.039, 0.171),
(1.052, 0.032, 0.211),
(1.087, 0.077, 0.240),
(1.067, 0.106, 0.256),
(1.023, 0.109, 0.284),
(0.990, 0.087, 0.265),
(0.974, 0.063, 0.284),
(0.984, 0.055, 0.310),
(0.944, 0.011, 0.286),
(0.939, -0.053, 0.295),
(0.938, -0.115, 0.286),
(0.927, -0.172, 0.251),
(0.865, -0.227, 0.281),
(0.846, -0.269, 0.327),
(0.796, -0.306, 0.388),
(0.710, -0.247, 0.445),
(0.647, -0.215, 0.518),
(0.522, -0.216, 0.511),
(0.437, -0.281, 0.578),
(0.211, -0.273, 0.640),
(-0.012, -0.177, 0.726),
(-0.097, -0.067, 0.819),
(-0.202, 0.135, 0.982),
(-0.253, 0.413, 1.000),
(-0.437, 0.343, 0.941),
(-0.360, 0.850, 0.996),
(-0.366, 0.919, 1.081),
(-0.585, 0.723, 1.090),
(-0.628, 0.589, 1.003),
(-0.667, 0.456, 0.926),
(-0.775, 0.464, 0.969),
(-0.546, 1.414, 1.173),
(-0.166, 1.729, 1.531),
(-0.262, 1.396, 1.676),
(-0.659, 0.996, 1.349),
(-0.735, 0.722, 1.130),
(-0.738, 0.401, 1.057),
(-0.651, 0.191, 1.055),
(-0.638, 0.086, 0.948),
(-0.596, 0.053, 0.840),
(-0.581, 0.061, 0.749),
(-0.554, 0.083, 0.707),
(-0.537, 0.097, 0.667),
(-0.537, 0.122, 0.685),
(-0.542, 0.152, 0.724),
(-0.523, 0.222, 0.759),
(-0.509, 0.289, 0.820),
(-0.487, 0.332, 0.901),
(-0.471, 0.335, 0.965),
(-0.455, 0.353, 0.980),
(-0.479, 0.378, 1.009),
(-0.469, 0.405, 1.027),
(-0.450, 0.436, 1.014),
(-0.447, 0.451, 1.033),
(-0.429, 0.480, 1.064),
(-0.401, 0.530, 1.095),
(-0.361, 0.618, 1.118),
(-0.329, 0.804, 1.168),
(-0.413, 0.836, 1.172),
(-0.470, 0.825, 1.130),
(-0.472, 0.844, 1.132),
(-0.495, 0.859, 1.064),
(-0.520, 0.826, 1.023),
(-0.536, 0.816, 0.974),
(-0.492, 0.827, 0.962),
(-0.420, 0.832, 0.924),
(-0.370, 0.753, 0.937),
(-0.354, 0.736, 0.956),
(-0.269, 0.753, 1.027),
(-0.235, 0.704, 1.097),
(-0.247, 0.486, 1.040),
(-0.191, 0.337, 1.027),
(-0.146, 0.313, 1.049),
(-0.068, 0.304, 0.980),
(0.003, 0.224, 0.924),
(-0.007, 0.019, 0.760),
(0.043, -0.145, 0.688),
(0.205, -0.229, 0.573),
(0.362, -0.242, 0.404),
(1.006, -0.220, -0.030),
(1.097, -0.149, 0.040),
(1.111, -0.102, 0.109),
(1.093, -0.087, 0.148),
(1.096, -0.058, 0.216),
(1.109, -0.053, 0.260),
(1.060, -0.112, 0.202),
(0.981, -0.149, 0.244),
(0.970, -0.168, 0.277),
(0.974, -0.226, 0.312),
(0.990, -0.296, 0.333),
(0.794, -0.266, 0.386),
(0.682, -0.274, 0.367),
(0.567, -0.290, 0.370),
(0.492, -0.249, 0.485),
(0.394, -0.168, 0.659),
(0.294, -0.124, 0.663),
(0.122, -0.158, 0.685),
(-0.011, -0.045, 0.740),
(0.024, 0.155, 0.937),
(-0.044, 0.213, 1.010),
(-0.247, 0.232, 1.037),
(-0.297, 0.220, 0.963),
(-0.248, 0.419, 1.035),
(-0.232, 0.698, 1.171),
(-0.374, 0.679, 1.198),
(-0.494, 0.498, 1.074),
(-0.519, 0.371, 0.936),
(-0.485, 0.355, 0.897),
(-0.534, 0.409, 0.972),
(-0.694, 0.395, 0.999),
(-0.747, 0.352, 1.025),
(-0.801, 0.347, 1.018),
(-1.004, 0.501, 0.975),
(-1.101, 0.653, 0.886),
(-0.951, 0.831, 0.905),
(-0.745, 1.106, 1.077),
(-0.434, 1.460, 1.396),
(-0.114, 1.482, 1.760),
(-0.385, 1.023, 1.636),
(-0.662, 0.659, 1.253),
(-0.741, 0.388, 1.052),
(-0.716, 0.073, 0.918),
(-0.687, 0.054, 0.852),
(-0.602, 0.069, 0.801),
(-0.537, 0.056, 0.758),
(-0.526, 0.046, 0.734),
(-0.511, 0.052, 0.752),
(-0.519, 0.052, 0.780),
(-0.530, 0.083, 0.801),
(-0.532, 0.144, 0.828),
(-0.516, 0.185, 0.858),
(-0.533, 0.245, 0.999),
(-0.499, 0.317, 1.031),
(-0.480, 0.362, 1.058),
(-0.463, 0.390, 1.081),
(-0.442, 0.422, 1.114),
(-0.426, 0.451, 1.140),
(-0.404, 0.479, 1.152),
(-0.393, 0.538, 1.191),
(-0.388, 0.599, 1.218),
(-0.396, 0.623, 1.217),
(-0.423, 0.618, 1.180),
(-0.445, 0.632, 1.159),
(-0.456, 0.662, 1.166),
(-0.439, 0.663, 1.131),
(-0.423, 0.641, 1.097),
(-0.394, 0.626, 1.077),
(-0.347, 0.603, 1.038),
(-0.285, 0.573, 0.979),
(-0.209, 0.577, 0.919),
(-0.046, 0.608, 0.846),
(0.022, 0.575, 0.804),
(0.031, 0.535, 0.764),
(0.054, 0.503, 0.741),
(0.137, 0.332, 0.756),
(0.183, 0.214, 0.697),
(0.226, 0.109, 0.666),
(0.238, 0.023, 0.641),
(0.264, -0.085, 0.576),
(0.374, -0.165, 0.489),
(0.618, -0.357, 0.366),
(0.659, -0.461, 0.317),
(1.032, -0.460, 0.234),
(1.020, -0.409, 0.242),
(0.954, -0.331, 0.290),
(0.979, -0.232, 0.377),
(0.993, -0.164, 0.417),
(0.969, -0.136, 0.451),
(0.957, -0.131, 0.474),
(0.978, -0.146, 0.481),
(0.938, -0.198, 0.461),
(0.905, -0.238, 0.500),
(0.864, -0.296, 0.510),
(0.817, -0.291, 0.554),
(0.823, -0.247, 0.666),
(0.787, -0.230, 0.677),
(0.606, -0.266, 0.606),
(0.375, -0.267, 0.582),
(0.244, -0.189, 0.637),
(0.239, -0.073, 0.775),
(0.207, -0.029, 0.754),
(0.040, -0.016, 0.732),
(-0.027, 0.013, 0.702),
(-0.261, 0.084, 0.773),
(-0.418, 0.158, 0.840),
(-0.537, 0.180, 0.851),
(-0.705, 0.198, 0.898),
(-0.989, 0.378, 0.993),
(-0.995, 0.508, 1.035),
(-1.037, 0.637, 1.132),
(-0.969, 0.947, 1.204),
(-0.596, 1.552, 1.398),
(-0.046, 2.348, 1.882),
(0.140, 1.884, 2.260),
(-0.408, 1.071, 1.694),
(-0.444, 0.677, 1.368),
(-0.744, 0.411, 1.215),
(-0.683, 0.259, 1.073),
(-0.600, 0.148, 1.004),
(-0.557, 0.144, 0.911),
(-0.503, 0.190, 0.833),
(-0.470, 0.210, 0.777),
(-0.471, 0.198, 0.731),
(-0.447, 0.211, 0.749),
(-0.430, 0.259, 0.789),
(-0.430, 0.313, 0.825),
(-0.382, 0.376, 0.914),
(-0.336, 0.427, 0.978),
(-0.333, 0.484, 1.024),
(-0.351, 0.504, 1.077),
(-0.355, 0.517, 1.116),
(-0.316, 0.536, 1.144),
(-0.308, 0.524, 1.145),
(-0.362, 0.535, 1.109),
(-0.344, 0.531, 1.076),
(-0.256, 0.559, 1.072),
(-0.180, 0.598, 1.074),
(-0.169, 0.601, 1.055),
(-0.155, 0.607, 1.053),
(-0.130, 0.611, 1.053),
(-0.107, 0.599, 1.017),
(-0.083, 0.610, 0.959),
(-0.016, 0.650, 0.929),
(0.030, 0.688, 0.922),
(0.086, 0.675, 0.885),
(0.127, 0.623, 0.822),
(0.155, 0.582, 0.795),
(0.200, 0.550, 0.771),
(0.245, 0.536, 0.717),
(0.279, 0.502, 0.643),
(0.297, 0.451, 0.647),
(0.320, 0.378, 0.668),
(0.397, 0.305, 0.634),
(0.471, 0.231, 0.594),
(0.491, 0.182, 0.561),
(0.460, 0.128, 0.489),
(0.431, 0.050, 0.481),
(0.508, -0.036, 0.473),
(1.139, -0.328, 0.189),
(1.160, -0.380, 0.146),
(1.171, -0.401, 0.071),
(1.191, -0.393, 0.032),
(1.233, -0.295, 0.084),
(1.258, -0.279, 0.118),
(1.252, -0.315, 0.153),
(1.241, -0.329, 0.172),
(1.058, -0.400, 0.227),
(0.978, -0.474, 0.248),
(0.877, -0.455, 0.342),
(0.868, -0.401, 0.429),
(0.687, -0.387, 0.531),
(0.575, -0.427, 0.518),
(0.528, -0.296, 0.702),
(0.636, -0.159, 0.766),
(0.375, -0.211, 0.606),
(-0.017, -0.152, 0.541),
(0.033, 0.067, 0.667),
(0.202, 0.207, 0.735),
(0.021, 0.252, 0.735),
(0.069, 0.337, 0.733),
(0.077, 0.355, 0.793),
(-0.035, 0.329, 0.890),
(-0.073, 0.294, 0.862),
(-0.065, 0.319, 0.835),
(-0.102, 0.368, 0.900),
(-0.199, 0.411, 0.955),
(-0.351, 0.433, 0.983),
(-0.493, 0.503, 1.000),
(-0.557, 0.514, 1.040),
(-0.629, 0.500, 1.080),
(-0.783, 0.623, 1.088),
(-0.798, 0.870, 1.083),
(-0.505, 1.125, 1.237),
(-0.269, 1.264, 1.477),
(-0.307, 1.115, 1.626),
(-0.553, 0.711, 1.150),
(-0.622, 0.559, 1.019),
(-0.661, 0.423, 0.947),
(-0.624, 0.336, 0.900),
(-0.570, 0.328, 0.782),
(-0.556, 0.333, 0.759),
(-0.558, 0.302, 0.772),
(-0.556, 0.254, 0.794),
(-0.551, 0.234, 0.810),
(-0.578, 0.269, 0.827),
(-0.583, 0.319, 0.845),
(-0.555, 0.336, 0.882),
(-0.498, 0.354, 0.930),
(-0.448, 0.347, 0.954),
(-0.420, 0.335, 1.009),
(-0.388, 0.340, 1.089),
(-0.339, 0.326, 1.126),
(-0.323, 0.322, 1.131),
(-0.313, 0.373, 1.158),
(-0.309, 0.426, 1.193),
(-0.322, 0.455, 1.202),
(-0.318, 0.429, 1.168),
(-0.343, 0.379, 1.111),
(-0.346, 0.418, 1.141),
(-0.267, 0.484, 1.170),
(-0.161, 0.506, 1.105),
(-0.143, 0.505, 1.100),
(-0.145, 0.520, 1.153),
(-0.080, 0.534, 1.162),
(0.011, 0.554, 1.109),
(0.051, 0.609, 1.095),
(0.074, 0.654, 1.081),
(0.072, 0.653, 1.045),
(0.065, 0.635, 0.968),
(0.040, 0.627, 0.890),
(0.093, 0.642, 0.773),
(0.140, 0.652, 0.724),
(0.162, 0.633, 0.673),
(0.168, 0.607, 0.643),
(0.229, 0.449, 0.573),
(0.273, 0.363, 0.568),
(0.355, 0.292, 0.582),
(0.435, 0.178, 0.574),
(0.482, 0.049, 0.546),
(0.540, -0.042, 0.458),
(0.596, -0.120, 0.349),
(0.497, -0.136, 0.392),
(0.500, -0.138, 0.456),
(0.673, -0.295, 0.357),
(0.742, -0.376, 0.217),
(0.737, -0.333, 0.138),
(0.778, -0.379, 0.092),
(0.801, -0.495, -0.026),
(0.852, -0.562, -0.124),
(0.916, -0.551, -0.182),
(0.953, -0.480, -0.215),
(0.945, -0.473, -0.300),
(0.980, -0.385, -0.330),
(1.057, -0.298, -0.238),
(1.098, -0.328, -0.222),
(1.107, -0.397, -0.250),
(1.155, -0.371, -0.259),
(1.185, -0.374, -0.277),
(1.170, -0.432, -0.279),
(1.174, -0.451, -0.213),
(1.150, -0.452, -0.077),
(1.069, -0.384, -0.014),
(1.038, -0.426, 0.053),
(0.990, -0.496, 0.117),
(0.940, -0.482, 0.179),
(0.805, -0.453, 0.240),
(0.692, -0.373, 0.314),
(0.671, -0.346, 0.418),
(0.690, -0.351, 0.498),
(0.532, -0.258, 0.495),
(0.447, -0.163, 0.569),
(0.420, -0.058, 0.675),
(0.327, -0.066, 0.635),
(0.033, 0.041, 0.621),
(0.025, 0.077, 0.752),
(0.062, 0.135, 0.712),
(-0.052, 0.165, 0.730),
(-0.196, 0.146, 0.785),
(-0.308, 0.106, 0.826),
(-0.370, 0.217, 0.866),
(-0.469, 0.362, 0.921),
(-0.562, 0.467, 1.009),
(-0.675, 0.479, 1.107),
(-0.798, 0.605, 1.186),
(-0.748, 0.898, 1.322),
(-0.265, 1.314, 1.581),
(0.301, 1.663, 1.963),
(0.210, 1.325, 2.282),
(-0.419, 0.892, 1.928),
(-0.440, 0.644, 1.465),
(-0.445, 0.456, 1.155),
(-0.493, 0.313, 0.969),
(-0.524, 0.232, 0.876),
(-0.514, 0.229, 0.789),
(-0.488, 0.269, 0.748),
(-0.472, 0.315, 0.776),
(-0.445, 0.339, 0.805),
(-0.425, 0.307, 0.846),
(-0.423, 0.265, 0.906),
(-0.381, 0.279, 0.941),
(-0.401, 0.307, 0.962),
(-0.466, 0.333, 0.979),
(-0.467, 0.316, 1.005),
(-0.445, 0.250, 0.993),
(-0.451, 0.220, 0.990),
(-0.434, 0.215, 0.990),
(-0.430, 0.220, 0.996),
(-0.441, 0.227, 1.001),
(-0.393, 0.245, 1.011),
(-0.340, 0.276, 1.046),
(-0.308, 0.317, 1.063),
(-0.284, 0.371, 1.088),
(-0.271, 0.411, 1.114),
(-0.236, 0.444, 1.136),
(-0.212, 0.428, 1.135),
(-0.197, 0.419, 1.174),
(-0.147, 0.515, 1.106),
(-0.127, 0.469, 1.061),
(-0.075, 0.461, 1.055),
(-0.045, 0.390, 0.936),
(-0.019, 0.444, 0.857),
(-0.003, 0.494, 0.797),
(0.017, 0.492, 0.759),
(0.089, 0.477, 0.694),
(0.134, 0.460, 0.689),
(0.194, 0.416, 0.700),
(0.209, 0.343, 0.722),
(0.249, 0.268, 0.758),
(0.331, 0.207, 0.805),
(0.335, 0.103, 0.802),
(0.383, -0.052, 0.834),
(0.406, -0.079, 0.814),
(0.426, -0.150, 0.778),
(0.517, -0.148, 0.768),
(0.607, -0.111, 0.740),
(0.678, -0.059, 0.706),
(0.693, -0.059, 0.695),
(0.664, -0.072, 0.747),
(0.715, -0.083, 0.833),
(0.782, -0.113, 0.874),
(0.775, -0.142, 0.887),
(0.725, -0.134, 0.895),
(0.678, -0.109, 0.894),
(0.643, -0.104, 0.865),
(0.585, -0.092, 0.839),
(0.555, -0.042, 0.840),
(0.541, 0.020, 0.782),
(0.476, 0.054, 0.791),
(0.439, 0.046, 0.799),
(0.457, 0.040, 0.913),
(0.455, -0.090, 0.812),
(0.388, -0.057, 0.773),
(0.302, 0.069, 0.827),
(0.229, 0.178, 0.994),
(0.236, 0.035, 0.833),
(0.106, -0.059, 0.760),
(0.080, 0.068, 0.985),
(0.190, 0.072, 1.022),
(0.187, 0.014, 0.982),
(0.073, 0.002, 0.967),
(-0.018, -0.011, 0.946),
(-0.142, -0.051, 0.947),
(-0.298, -0.047, 0.989),
(-0.354, -0.016, 1.028),
(-0.412, 0.023, 1.042),
(-0.562, 0.116, 1.014),
(-0.654, 0.211, 1.009),
(-0.639, 0.376, 1.094),
(-0.577, 0.546, 1.152),
(-0.478, 0.784, 1.240),
(-0.337, 0.982, 1.418),
(-0.265, 0.979, 1.555),
(-0.353, 0.771, 1.503),
(-0.555, 0.538, 1.282),
(-0.517, 0.367, 1.150),
(-0.528, 0.199, 1.030),
(-0.561, 0.059, 0.996),
(-0.575, 0.008, 0.949),
(-0.567, 0.019, 0.870),
(-0.556, 0.065, 0.842),
(-0.549, 0.095, 0.830),
(-0.502, 0.111, 0.834),
(-0.433, 0.115, 0.868),
(-0.423, 0.139, 0.945),
(-0.390, 0.155, 0.994),
(-0.381, 0.178, 1.079),
(-0.342, 0.172, 1.133),
(-0.338, 0.156, 1.192),
(-0.312, 0.162, 1.250),
(-0.280, 0.219, 1.295),
(-0.266, 0.231, 1.262),
(-0.251, 0.276, 1.272),
(-0.213, 0.371, 1.273),
(-0.183, 0.434, 1.269),
(-0.206, 0.451, 1.227),
(-0.236, 0.495, 1.231),
(-0.201, 0.552, 1.245),
(-0.186, 0.576, 1.237),
(-0.177, 0.578, 1.192),
(-0.177, 0.595, 1.164),
(-0.128, 0.559, 1.052),
(-0.093, 0.528, 0.954),
(-0.065, 0.525, 0.879),
(-0.031, 0.485, 0.823),
(-0.014, 0.392, 0.753),
(0.029, 0.371, 0.693),
(0.099, 0.360, 0.645),
(0.125, 0.322, 0.592),
(0.146, 0.323, 0.598),
(0.190, 0.313, 0.596),
(0.222, 0.309, 0.586),
(0.248, 0.270, 0.587),
(0.272, 0.190, 0.610),
(0.334, 0.074, 0.676),
(0.429, -0.033, 0.715),
(0.715, -0.385, 0.719),
(0.771, -0.310, 0.779),
(0.844, -0.271, 0.865),
(0.897, -0.243, 0.831),
(0.896, -0.183, 0.791),
(0.844, -0.124, 0.811),
(0.819, -0.092, 0.833),
(0.768, -0.074, 0.824),
(0.688, -0.065, 0.785),
(0.604, -0.074, 0.769),
(0.602, -0.057, 0.791),
(0.592, -0.042, 0.799),
(0.494, -0.035, 0.750),
(0.347, -0.001, 0.679),
(0.257, 0.024, 0.730),
(0.348, 0.062, 0.785),
(0.344, 0.055, 0.745),
(0.150, 0.264, 0.853),
(0.075, 0.242, 0.828),
(0.015, 0.235, 0.838),
(0.004, 0.205, 0.853),
(-0.049, 0.153, 0.876),
(-0.083, 0.148, 0.936),
(-0.179, 0.122, 0.938),
(-0.353, 0.121, 0.945),
(-0.478, 0.168, 0.973),
(-0.598, 0.158, 0.991),
(-0.681, 0.158, 1.065),
(-0.708, 0.222, 1.105),
(-0.701, 0.409, 1.171),
(-0.463, 0.738, 1.420),
(-0.219, 0.984, 1.792),
(-0.283, 0.803, 1.933),
(-0.618, 0.447, 1.578),
(-0.661, 0.323, 1.299),
(-0.641, 0.256, 1.162),
(-0.666, 0.145, 1.027),
(-0.669, 0.117, 0.896),
(-0.661, 0.155, 0.830),
(-0.655, 0.170, 0.805),
(-0.630, 0.156, 0.839),
(-0.633, 0.128, 0.873),
(-0.596, 0.075, 0.907),
(-0.532, 0.043, 0.934),
(-0.479, 0.101, 0.994),
(-0.421, 0.169, 1.088),
(-0.341, 0.201, 1.202),
(-0.262, 0.211, 1.263),
(-0.235, 0.226, 1.314),
(-0.232, 0.277, 1.403),
(-0.232, 0.343, 1.424),
(-0.293, 0.491, 1.371),
(-0.364, 0.550, 1.356),
(-0.381, 0.610, 1.319),
(-0.342, 0.660, 1.288),
(-0.286, 0.721, 1.238),
(-0.234, 0.764, 1.208),
(-0.177, 0.779, 1.122),
(-0.181, 0.790, 1.044),
(-0.199, 0.773, 0.966),
(-0.103, 0.707, 0.745),
(-0.073, 0.657, 0.649),
(-0.020, 0.641, 0.557),
(0.020, 0.632, 0.469),
(0.022, 0.618, 0.407),
(0.030, 0.591, 0.377),
(0.074, 0.534, 0.397),
(0.120, 0.424, 0.419),
(0.160, 0.262, 0.469),
(0.235, 0.069, 0.508),
(0.346, -0.072, 0.517),
(0.426, -0.217, 0.466),
(0.455, -0.409, 0.397),
(0.513, -0.538, 0.370),
(0.583, -0.599, 0.318),
(0.635, -0.627, 0.214),
(0.723, -0.616, 0.140),
(0.800, -0.557, 0.175),
(0.831, -0.509, 0.222),
(0.867, -0.539, 0.227),
(0.900, -0.526, 0.195),
(0.984, -0.473, 0.179),
(1.080, -0.489, 0.203),
(1.178, -0.536, 0.237),
(1.259, -0.575, 0.232),
(1.271, -0.580, 0.232),
(1.218, -0.595, 0.187),
(1.230, -0.602, 0.191),
(1.189, -0.591, 0.219),
(0.870, -0.534, 0.291),
(0.784, -0.523, 0.344),
(0.834, -0.497, 0.406),
(0.804, -0.494, 0.412),
(0.623, -0.444, 0.445),
(0.548, -0.324, 0.507),
(0.608, -0.236, 0.591),
(0.535, -0.244, 0.558),
(0.429, -0.165, 0.609),
(0.418, -0.053, 0.646),
(0.305, 0.039, 0.656),
(0.302, 0.146, 0.701),
(0.332, 0.245, 0.709),
(0.316, 0.316, 0.729),
(0.281, 0.430, 0.767),
(0.224, 0.415, 0.707),
(0.215, 0.534, 0.766),
(0.255, 0.603, 0.808),
(0.133, 0.583, 0.764),
(0.080, 0.577, 0.752),
(0.025, 0.544, 0.750),
(-0.031, 0.548, 0.776),
(-0.020, 0.577, 0.829),
(-0.222, 0.501, 0.886),
(-0.360, 0.458, 0.951),
(-0.341, 0.716, 1.132),
(-0.164, 0.992, 1.293),
(0.186, 1.250, 1.793),
(-0.333, 0.765, 1.554),
(-0.450, 0.457, 1.242),
(-0.542, 0.344, 1.014),
(-0.528, 0.247, 0.888),
(-0.537, 0.167, 0.847),
(-0.528, 0.171, 0.812),
(-0.500, 0.188, 0.792),
(-0.518, 0.182, 0.805),
(-0.529, 0.172, 0.812),
(-0.479, 0.168, 0.848),
(-0.395, 0.180, 0.934),
(-0.294, 0.195, 0.993),
(-0.214, 0.255, 1.055),
(-0.123, 0.371, 1.131),
(-0.073, 0.464, 1.194),
(-0.069, 0.517, 1.236),
(-0.076, 0.521, 1.287),
(-0.065, 0.497, 1.307),
(-0.033, 0.486, 1.346),
(-0.014, 0.482, 1.345),
(-0.044, 0.489, 1.319),
(-0.079, 0.514, 1.346),
(-0.101, 0.507, 1.333),
(-0.067, 0.496, 1.290),
(-0.001, 0.499, 1.242),
(0.024, 0.459, 1.236),
(0.069, 0.438, 1.190),
(0.102, 0.462, 1.071),
(0.051, 0.602, 1.067),
(0.012, 0.688, 0.971),
(-0.015, 0.711, 0.858),
(-0.043, 0.705, 0.746),
(-0.031, 0.666, 0.653),
(0.001, 0.592, 0.626),
(0.195, 0.363, 0.513),
(0.199, 0.240, 0.564),
(0.289, 0.125, 0.568),
(0.391, 0.025, 0.519),
(0.458, -0.089, 0.461),
(0.548, -0.135, 0.408),
(0.539, -0.182, 0.392),
(0.469, -0.272, 0.393),
(0.569, -0.357, 0.383),
(0.768, -0.299, 0.278),
(0.824, -0.230, 0.243),
(0.925, -0.351, 0.239),
(1.048, -0.414, 0.132),
(1.027, -0.281, 0.015),
(1.114, -0.274, -0.009),
(1.280, -0.374, -0.043),
(1.338, -0.257, -0.088),
(1.297, -0.171, -0.098),
(1.236, -0.194, -0.109),
(1.311, -0.155, -0.064),
(1.350, -0.146, 0.002),
(1.327, -0.156, -0.009),
(1.350, -0.177, -0.042),
(1.316, -0.213, -0.082),
(1.031, -0.414, 0.166),
(0.865, -0.436, 0.269),
(0.641, -0.452, 0.391),
(0.489, -0.456, 0.486),
(0.387, -0.393, 0.584),
(0.339, -0.354, 0.617),
(0.286, -0.388, 0.558),
(0.204, -0.277, 0.639),
(0.287, -0.066, 0.839),
(0.082, -0.020, 0.815),
(0.044, 0.082, 0.829),
(0.081, 0.221, 0.957),
(0.062, 0.215, 1.011),
(-0.094, 0.197, 0.860),
(-0.182, 0.225, 0.889),
(-0.292, 0.312, 0.927),
(-0.303, 0.474, 0.986),
(-0.358, 0.465, 0.913),
(-0.678, 0.568, 0.959),
(-0.750, 0.745, 0.970),
(-0.521, 0.996, 1.054),
(-0.213, 1.291, 1.310),
(0.032, 1.344, 1.625),
(-0.042, 0.982, 1.778),
(-0.435, 0.631, 1.483),
(-0.496, 0.456, 1.282),
(-0.536, 0.347, 1.100),
(-0.525, 0.221, 0.963),
(-0.489, 0.167, 0.942),
(-0.517, 0.153, 0.938),
(-0.497, 0.189, 0.977),
(-0.421, 0.171, 0.979),
(-0.351, 0.108, 1.013),
(-0.296, -0.037, 1.059),
(-0.139, -0.097, 1.044),
(-0.100, -0.012, 1.064),
(-0.100, 0.011, 1.154),
(-0.110, -0.006, 1.257),
(-0.062, -0.030, 1.357),
(0.050, -0.044, 1.435),
(0.151, -0.044, 1.518),
(0.122, -0.026, 1.567),
(-0.031, 0.047, 1.573),
(0.015, 0.048, 1.543),
(0.091, 0.040, 1.518),
(0.187, 0.103, 1.399),
(0.140, 0.198, 1.315),
(0.080, 0.302, 1.257),
(0.107, 0.355, 1.188),
(0.167, 0.356, 1.103),
(0.131, 0.343, 1.040),
(0.087, 0.349, 0.982),
(0.088, 0.363, 0.958),
(0.088, 0.350, 0.922),
(0.075, 0.308, 0.889),
(0.171, 0.274, 0.862),
(0.210, 0.242, 0.781),
(0.178, 0.213, 0.721),
(0.133, 0.187, 0.714),
(0.134, 0.131, 0.672),
(0.157, 0.058, 0.639),
(0.209, -0.035, 0.596),
(0.217, -0.114, 0.570),
(0.243, -0.179, 0.542),
(0.258, -0.262, 0.523),
(0.329, -0.387, 0.549),
(0.444, -0.555, 0.502),
(0.524, -0.652, 0.447),
(0.627, -0.677, 0.464),
(0.738, -0.707, 0.472),
(0.805, -0.722, 0.537),
(0.879, -0.735, 0.588),
(0.919, -0.696, 0.644),
(0.999, -0.649, 0.684),
(1.010, -0.597, 0.717),
(1.005, -0.521, 0.808),
(0.953, -0.515, 0.834),
(0.900, -0.502, 0.833),
(0.796, -0.469, 0.888),
(0.728, -0.410, 0.864),
(0.591, -0.329, 0.805),
(0.429, -0.222, 0.823),
(0.345, -0.170, 0.805),
(0.202, -0.116, 0.776),
(0.138, -0.037, 0.805),
(0.170, 0.060, 0.921),
(0.225, 0.106, 0.977),
(0.141, 0.117, 0.942),
(0.031, 0.131, 0.909),
(-0.064, 0.154, 0.854),
(-0.042, 0.208, 0.899),
(-0.107, 0.222, 0.893),
(-0.294, 0.290, 0.876),
(-0.427, 0.350, 0.922),
(-0.557, 0.376, 0.960),
(-0.629, 0.385, 0.960),
(-0.600, 0.363, 0.979),
(-0.537, 0.354, 1.060),
(-0.420, 0.434, 1.172),
(-0.245, 0.675, 1.395),
(0.094, 0.844, 1.688),
(0.047, 0.755, 1.865),
(-0.218, 0.587, 1.793),
(-0.372, 0.479, 1.276),
(-0.318, 0.391, 1.132),
(-0.281, 0.260, 1.095),
(-0.351, 0.182, 1.070),
(-0.358, 0.188, 1.082),
(-0.309, 0.227, 1.095),
(-0.237, 0.245, 1.072),
(-0.163, 0.254, 1.059),
(-0.112, 0.231, 1.074),
(-0.083, 0.148, 1.044),
(-0.050, 0.129, 1.000),
(-0.011, 0.129, 0.981),
(0.039, 0.069, 0.949),
(-0.006, 0.007, 0.912),
(-0.031, -0.007, 0.939),
(0.010, 0.001, 0.982),
(0.059, 0.042, 1.038),
(0.115, 0.076, 1.072),
(0.090, 0.070, 1.097),
(0.081, 0.123, 1.177),
(0.093, 0.181, 1.253),
(0.066, 0.250, 1.278),
(0.056, 0.313, 1.268),
(0.050, 0.365, 1.242),
(0.019, 0.402, 1.271),
(0.087, 0.467, 1.288),
(0.103, 0.537, 1.251),
(0.104, 0.628, 1.238),
(0.174, 0.677, 1.205),
(0.194, 0.661, 1.176),
(-0.094, -0.171, 0.623),
(-0.075, -0.321, 0.571),
(-0.068, -0.420, 0.580),
(-0.034, -0.521, 0.581),
(0.033, -0.667, 0.562),
(0.338, -0.849, 0.529),
(0.751, -1.068, 0.733),
(0.787, -1.324, 0.529),
(0.750, -1.345, 0.430),
(0.944, -1.288, 0.475),
(0.976, -1.231, 0.504),
(0.885, -1.175, 0.501),
(0.564, -0.759, 0.613),
(0.357, -0.349, 0.838),
(0.308, -0.293, 0.849),
(0.188, -0.203, 0.837),
(0.065, -0.138, 0.793),
(0.018, 0.014, 0.858),
(-0.029, 0.094, 0.939),
(-0.075, 0.120, 0.918),
(-0.061, 0.154, 0.845),
(-0.055, 0.199, 0.809),
(-0.081, 0.268, 0.796),
(-0.154, 0.321, 0.807),
(-0.259, 0.358, 0.802),
(-0.391, 0.389, 0.806),
(-0.544, 0.444, 0.951),
(-0.616, 0.385, 0.950),
(-0.644, 0.409, 1.075),
(-0.505, 0.480, 1.282),
(-0.237, 0.488, 1.446),
(-0.131, 0.583, 1.673),
(-0.155, 0.558, 1.815),
(-0.157, 0.415, 1.760),
(-0.395, 0.276, 1.495),
(-0.539, 0.249, 1.322),
(-0.459, 0.225, 1.231),
(-0.404, 0.217, 1.113),
(-0.365, 0.201, 1.027),
(-0.369, 0.145, 0.989),
(-0.410, 0.072, 0.974),
(-0.428, 0.043, 0.961),
(-0.412, 0.037, 0.982),
(-0.400, -0.003, 0.987),
(-0.358, -0.035, 1.023),
(-0.307, -0.032, 1.065),
(-0.228, -0.021, 1.110),
(-0.178, 0.010, 1.189),
(-0.137, 0.105, 1.234),
(-0.123, 0.191, 1.285),
(-0.125, 0.219, 1.343),
(-0.142, 0.250, 1.379),
(-0.191, 0.330, 1.365),
(-0.199, 0.362, 1.346),
(-0.156, 0.392, 1.354),
(-0.129, 0.392, 1.327),
(-0.127, 0.381, 1.295),
(-0.104, 0.342, 1.290),
(0.002, 0.313, 1.285),
(0.177, 0.312, 1.270),
(0.280, 0.340, 1.204),
(0.124, 0.425, 0.986),
(0.100, 0.459, 0.877),
(0.074, 0.481, 0.770),
(0.041, 0.412, 0.697),
(0.008, 0.367, 0.687),
(0.000, 0.312, 0.677),
(-0.028, 0.263, 0.693),
(-0.013, 0.229, 0.708),
(-0.012, 0.153, 0.719),
(-0.029, 0.040, 0.727),
(0.031, -0.044, 0.766),
(0.152, -0.161, 0.829),
(0.354, -0.277, 0.857),
(0.619, -0.467, 0.764),
(0.823, -0.662, 0.636),
(1.038, -0.842, 0.474),
(1.157, -0.894, 0.266),
(1.116, -0.814, 0.128),
(1.127, -0.756, 0.095),
(1.236, -0.726, 0.069),
(1.195, -0.618, 0.072),
(1.083, -0.503, 0.145),
(1.085, -0.419, 0.243),
(1.100, -0.374, 0.330),
(1.137, -0.333, 0.382),
(1.066, -0.336, 0.342),
(0.968, -0.441, 0.442),
(0.925, -0.452, 0.487),
(0.886, -0.436, 0.507),
(0.896, -0.427, 0.552),
(0.877, -0.411, 0.591),
(0.440, -0.183, 0.761),
(0.133, -0.106, 0.723),
(-0.024, 0.114, 0.770),
(-0.188, 0.113, 0.710),
(-0.290, 0.173, 0.726),
(-0.360, 0.159, 0.730),
(-0.486, 0.178, 0.752),
(-0.626, 0.230, 0.767),
(-0.722, 0.322, 0.863),
(-0.766, 0.469, 1.002),
(-0.811, 0.523, 1.041),
(-0.742, 0.645, 1.177),
(-0.610, 0.876, 1.315),
(-0.343, 1.242, 1.559),
(0.098, 1.472, 1.947),
(0.118, 1.057, 2.164),
(-0.287, 0.563, 1.885),
(-0.409, 0.385, 1.541),
(-0.461, 0.222, 1.308),
(-0.471, 0.114, 1.189),
(-0.422, 0.065, 1.069),
(-0.379, 0.018, 0.994),
(-0.467, -0.030, 0.960),
(-0.408, -0.122, 0.939),
(-0.303, -0.177, 0.906),
(-0.268, -0.257, 0.932),
(-0.250, -0.268, 1.038),
(-0.167, -0.192, 1.114),
(-0.084, -0.086, 1.247),
(-0.037, 0.011, 1.328),
(-0.047, 0.070, 1.323),
(-0.097, 0.116, 1.386),
(-0.091, 0.165, 1.429),
(-0.088, 0.224, 1.398),
(-0.103, 0.299, 1.328),
(-0.113, 0.387, 1.298),
(-0.086, 0.461, 1.265),
(-0.059, 0.521, 1.250),
(-0.037, 0.564, 1.199),
(-0.017, 0.602, 1.163),
(-0.008, 0.618, 1.128),
(0.012, 0.610, 1.098),
(0.044, 0.574, 0.978),
(0.047, 0.558, 0.931),
(0.053, 0.563, 0.870),
(0.084, 0.575, 0.819),
(0.095, 0.558, 0.786),
(0.135, 0.531, 0.763),
(0.179, 0.445, 0.767),
(0.181, 0.338, 0.769),
(0.183, 0.253, 0.777),
(0.201, 0.197, 0.766),
(0.234, 0.150, 0.753),
(0.231, 0.085, 0.758),
(0.335, -0.018, 0.713),
(0.452, -0.157, 0.661),
(0.461, -0.288, 0.570),
(0.490, -0.334, 0.533),
(0.661, -0.457, 0.487),
(0.896, -0.438, 0.396),
(1.120, -0.428, 0.304),
(1.227, -0.508, 0.172),
(1.208, -0.535, 0.112),
(1.274, -0.438, 0.055),
(1.327, -0.321, 0.047),
(1.150, -0.176, 0.247),
(1.114, -0.229, 0.228),
(1.109, -0.258, 0.206),
(1.090, -0.292, 0.223),
(0.929, -0.385, 0.389),
(0.786, -0.377, 0.488),
(0.749, -0.352, 0.553),
(0.688, -0.264, 0.719),
(0.694, -0.169, 0.850),
(0.619, -0.169, 0.801),
(0.477, -0.170, 0.795),
(0.338, -0.039, 0.842),
(0.375, 0.113, 0.958),
(0.419, 0.155, 0.948),
(0.242, 0.045, 0.760),
(0.095, 0.170, 0.802),
(0.125, 0.329, 0.935),
(0.080, 0.345, 0.861),
(-0.082, 0.308, 0.747),
(-0.178, 0.339, 0.785),
(-0.236, 0.259, 0.842),
(-0.392, 0.123, 0.779),
(-0.485, 0.177, 0.802),
(-0.561, 0.286, 0.894),
(-0.619, 0.398, 1.006),
(-0.670, 0.519, 1.099),
(-0.684, 0.671, 1.138),
(-0.555, 0.931, 1.233),
(-0.317, 1.297, 1.450),
(0.052, 1.637, 1.783),
(-0.105, 0.990, 1.937),
(-0.279, 0.718, 1.560),
(-0.387, 0.521, 1.227),
(-0.397, 0.323, 1.022),
(-0.474, 0.135, 0.896),
(-0.481, 0.147, 0.843),
(-0.449, 0.182, 0.814),
(-0.439, 0.185, 0.783),
(-0.429, 0.156, 0.780),
(-0.425, 0.146, 0.790),
(-0.389, 0.292, 0.877),
(-0.341, 0.370, 0.935),
(-0.298, 0.394, 0.990),
(-0.304, 0.452, 1.045),
(-0.307, 0.565, 1.128),
(-0.285, 0.626, 1.181),
(-0.237, 0.652, 1.237),
(-0.141, 0.675, 1.320),
(-0.080, 0.647, 1.345),
(-0.031, 0.656, 1.337),
(0.009, 0.669, 1.332),
(0.079, 0.646, 1.369),
(0.152, 0.615, 1.342),
(0.149, 0.565, 1.300),
(0.149, 0.548, 1.303),
(0.175, 0.517, 1.272),
(0.195, 0.517, 1.185),
(0.199, 0.565, 1.110),
(0.199, 0.597, 0.773),
(0.232, 0.570, 0.772),
(0.190, 0.332, 0.654),
(0.156, 0.197, 0.587),
(0.150, 0.064, 0.518),
(0.154, -0.017, 0.487),
(0.301, -0.158, 0.358),
(0.372, -0.234, 0.307),
(0.463, -0.284, 0.317),
(0.410, -0.394, 0.336),
(0.427, -0.467, 0.288),
(0.457, -0.448, 0.259),
(0.464, -0.497, 0.243),
(0.582, -0.613, 0.253),
(0.773, -0.806, 0.184),
(0.813, -0.987, 0.042),
(0.788, -1.082, -0.088),
(0.862, -1.116, -0.150),
(0.934, -1.116, -0.152),
(0.980, -1.096, -0.138),
(1.059, -1.061, -0.117),
(1.103, -0.928, -0.026),
(1.112, -0.764, 0.087),
(1.081, -0.758, 0.139),
(1.047, -0.843, 0.177),
(0.997, -0.927, 0.223),
(0.140, -0.354, 0.595),
(-0.069, -0.303, 0.633),
(-0.136, -0.205, 0.867),
(-0.150, -0.148, 0.860),
(-0.249, -0.108, 0.945),
(-0.397, -0.093, 0.972),
(-0.527, -0.040, 1.027),
(-0.521, 0.026, 1.117),
(-0.566, 0.035, 1.180),
(-0.646, 0.121, 1.284),
(-0.676, 0.254, 1.368),
(-0.563, 0.568, 1.562),
(-0.459, 0.809, 1.732),
(-0.179, 1.145, 1.927),
(-0.070, 1.177, 1.966),
(-0.201, 0.941, 1.758),
(-0.382, 0.748, 1.468),
(-0.390, 0.593, 1.250),
(-0.438, 0.479, 1.102),
(-0.485, 0.373, 1.053),
(-0.479, 0.249, 1.041),
(-0.457, 0.136, 0.994),
(-0.414, 0.074, 0.932),
(-0.425, 0.059, 0.908),
(-0.412, 0.040, 0.896),
(-0.370, 0.038, 0.894),
(-0.329, 0.025, 0.907),
(-0.297, 0.034, 0.980),
(-0.251, 0.087, 1.092),
(-0.164, 0.154, 1.175),
(-0.132, 0.179, 1.181),
(-0.103, 0.267, 1.235),
(-0.109, 0.338, 1.269),
(-0.121, 0.399, 1.340),
(-0.115, 0.434, 1.392),
(-0.057, 0.452, 1.365),
(-0.026, 0.497, 1.354),
(0.077, 0.577, 1.325),
(0.048, 0.564, 1.226),
(-0.014, 0.601, 1.132),
(-0.043, 0.641, 1.057),
(-0.026, 0.701, 0.934),
(0.016, 0.694, 0.909),
(0.070, 0.675, 0.921),
(0.136, 0.631, 0.879),
(0.197, 0.606, 0.844),
(0.214, 0.558, 0.831),
(0.173, 0.418, 0.750),
(0.131, 0.305, 0.682),
(0.105, 0.255, 0.707),
(0.105, 0.132, 0.654),
(0.085, -0.008, 0.686),
(0.076, -0.280, 0.606),
(0.054, -0.475, 0.621),
(0.191, -0.545, 0.633),
(0.335, -0.643, 0.580),
(0.441, -0.715, 0.551),
(0.568, -0.716, 0.513),
(0.919, -0.599, 0.428),
(1.149, -0.490, 0.506),
(1.179, -0.483, 0.517),
(1.162, -0.479, 0.511),
(1.206, -0.463, 0.566),
(1.186, -0.534, 0.611),
(1.125, -0.529, 0.645),
(0.947, -0.486, 0.690),
(0.858, -0.457, 0.725),
(0.536, -0.393, 0.670),
(0.423, -0.324, 0.710),
(0.409, -0.290, 0.813),
(0.509, -0.239, 0.792),
(0.282, -0.080, 0.740),
(0.124, -0.000, 0.708),
(0.128, 0.061, 0.757),
(0.155, 0.115, 0.740),
(0.064, 0.132, 0.718),
(-0.033, 0.174, 0.704),
(-0.070, 0.222, 0.746),
(-0.113, 0.246, 0.771),
(-0.119, 0.310, 0.800),
(-0.139, 0.365, 0.855),
(-0.200, 0.386, 0.915),
(-0.243, 0.377, 0.945),
(-0.283, 0.334, 0.931),
(-0.314, 0.328, 0.966),
(-0.336, 0.331, 1.036),
(-0.398, 0.396, 1.140),
(-0.488, 0.445, 1.185),
(-0.441, 0.466, 1.220),
(-0.350, 0.500, 1.374),
(-0.206, 0.569, 1.570),
(0.003, 0.579, 1.725),
(0.031, 0.492, 1.820),
(-0.090, 0.438, 1.789),
(-0.192, 0.419, 1.636),
(-0.209, 0.389, 1.446),
(-0.266, 0.329, 1.269),
(-0.298, 0.251, 1.129),
(-0.321, 0.189, 1.037),
(-0.343, 0.129, 0.956),
(-0.359, 0.085, 0.898),
(-0.377, 0.057, 0.863),
(-0.383, -0.004, 0.820),
(-0.346, -0.029, 0.812),
(-0.305, -0.043, 0.835),
(-0.283, -0.074, 0.866),
(-0.191, -0.045, 0.955),
(-0.123, -0.020, 1.017),
(-0.019, 0.340, 1.516),
(-0.049, 0.379, 1.514),
(-0.109, 0.385, 1.484),
(-0.128, 0.387, 1.421),
(-0.142, 0.405, 1.349),
(-0.158, 0.435, 1.273),
(-0.181, 0.464, 1.201),
(-0.199, 0.482, 1.158),
(-0.199, 0.501, 1.124),
(-0.189, 0.515, 1.090),
(-0.180, 0.523, 1.070),
(-0.185, 0.508, 1.064),
(-0.153, 0.485, 1.059),
(-0.097, 0.451, 1.014),
(-0.065, 0.428, 1.001),
(-0.033, 0.392, 1.031),
(0.006, 0.312, 1.002),
(0.017, 0.226, 0.971),
(0.013, 0.128, 0.931),
(0.042, 0.028, 0.934),
(0.084, -0.092, 0.868),
(0.153, -0.326, 0.800),
(0.662, -0.614, 0.555),
(0.906, -0.556, 0.461),
(1.048, -0.522, 0.473),
(1.121, -0.488, 0.497),
(1.170, -0.452, 0.503),
(1.180, -0.408, 0.512),
(1.220, -0.353, 0.540),
(1.268, -0.312, 0.570),
(1.276, -0.265, 0.579),
(1.249, -0.229, 0.617),
(1.202, -0.240, 0.662),
(1.019, -0.330, 0.657),
(0.759, -0.354, 0.645),
(0.659, -0.306, 0.710),
(0.583, -0.307, 0.735),
(0.558, -0.231, 0.725),
(0.447, -0.199, 0.696),
(0.281, -0.098, 0.706),
(0.200, 0.005, 0.729),
(0.133, 0.044, 0.709),
(0.032, 0.075, 0.708),
(0.005, 0.158, 0.717),
(-0.007, 0.204, 0.747),
(-0.050, 0.207, 0.784),
(-0.117, 0.229, 0.823),
(-0.153, 0.251, 0.843),
(-0.120, 0.293, 0.918),
(-0.102, 0.325, 0.982),
(-0.140, 0.329, 1.008),
(-0.168, 0.271, 1.012),
(-0.243, 0.241, 1.016),
(-0.343, 0.269, 1.045),
(-0.444, 0.311, 1.063),
(-0.518, 0.319, 1.143),
(-0.631, 0.427, 1.260),
(-0.603, 0.565, 1.306),
(-0.235, 0.809, 1.535),
(-0.087, 0.835, 1.683),
(-0.116, 0.724, 1.712),
(-0.333, 0.545, 1.560),
(-0.372, 0.449, 1.359),
(-0.399, 0.334, 1.181),
(-0.453, 0.217, 1.065),
(-0.443, 0.123, 0.994),
(-0.469, 0.067, 0.942),
(-0.490, 0.032, 0.906),
(-0.456, 0.016, 0.880),
(-0.380, 0.018, 0.835),
(-0.331, 0.019, 0.833),
(-0.297, 0.019, 0.890),
(-0.251, 0.042, 0.962),
(-0.226, 0.129, 1.059),
(-0.196, 0.205, 1.169),
(-0.215, 0.282, 1.297),
(-0.236, 0.358, 1.410),
(-0.258, 0.396, 1.427),
(-0.257, 0.424, 1.436),
(-0.229, 0.466, 1.451),
(-0.222, 0.518, 1.440),
(-0.240, 0.523, 1.401),
(-0.269, 0.523, 1.363),
(-0.264, 0.545, 1.348),
(-0.248, 0.564, 1.320),
(-0.333, 0.522, 1.222),
(-0.230, 0.328, 0.922),
(-0.209, 0.308, 0.862),
(-0.188, 0.237, 0.842),
(-0.144, 0.143, 0.813),
(-0.056, 0.092, 0.799),
(0.007, 0.058, 0.806),
(0.045, 0.019, 0.799),
(0.090, -0.021, 0.763),
(0.148, -0.076, 0.717),
(0.724, -0.439, 0.605),
(0.913, -0.494, 0.565),
(1.014, -0.564, 0.555),
(1.096, -0.583, 0.559),
(1.172, -0.549, 0.549),
(1.235, -0.497, 0.548),
(1.249, -0.442, 0.557),
(1.168, -0.407, 0.564),
(1.104, -0.380, 0.578),
(0.749, -0.376, 0.714),
(0.581, -0.263, 0.830),
(0.455, -0.221, 0.834),
(0.403, -0.142, 0.830),
(0.374, -0.085, 0.885),
(0.160, -0.001, 0.853),
(0.086, 0.062, 0.831),
(0.001, 0.116, 0.812),
(-0.005, 0.195, 0.833),
(-0.036, 0.241, 0.832),
(-0.096, 0.269, 0.862),
(-0.182, 0.271, 0.830),
(-0.233, 0.341, 0.838),
(-0.200, 0.359, 0.837),
(-0.272, 0.315, 0.817),
(-0.391, 0.321, 0.857),
(-0.465, 0.339, 0.905),
(-0.497, 0.310, 0.911),
(-0.553, 0.269, 0.921),
(-0.582, 0.294, 1.033),
(-0.688, 0.342, 1.125),
(-0.603, 0.513, 1.278),
(-0.485, 0.730, 1.481),
(-0.174, 1.002, 1.716),
(0.025, 1.066, 1.908),
(-0.040, 0.919, 1.920),
(-0.305, 0.681, 1.669),
(-0.369, 0.514, 1.415),
(-0.391, 0.358, 1.229),
(-0.393, 0.219, 1.107),
(-0.435, 0.145, 1.029),
(-0.469, 0.112, 0.945),
(-0.476, 0.103, 0.889),
(-0.487, 0.075, 0.875),
(-0.485, -0.001, 0.856),
(-0.465, -0.070, 0.843),
(-0.410, -0.136, 0.828),
(-0.357, -0.159, 0.828),
(-0.320, -0.172, 0.858),
(-0.283, -0.145, 0.904),
(-0.170, -0.038, 1.114),
(-0.171, 0.043, 1.241),
(-0.148, 0.157, 1.380),
(-0.128, 0.276, 1.490),
(-0.133, 0.359, 1.523),
(-0.167, 0.421, 1.526),
(-0.196, 0.452, 1.518),
(-0.181, 0.497, 1.466),
(-0.182, 0.545, 1.406),
(-0.238, 0.583, 1.341),
(-0.306, 0.614, 1.290),
(-0.360, 0.617, 1.268),
(-0.390, 0.606, 1.246),
(-0.387, 0.566, 1.221),
(-0.319, 0.514, 1.170),
(-0.277, 0.499, 1.114),
(-0.257, 0.497, 1.074),
(-0.232, 0.469, 1.042),
(-0.183, 0.415, 1.009),
(-0.103, 0.347, 0.985),
(-0.052, 0.284, 1.001),
(-0.020, 0.194, 0.985),
(0.021, 0.058, 0.913),
(0.036, -0.030, 0.852),
(0.052, -0.082, 0.830),
(0.089, -0.166, 0.793),
(0.111, -0.255, 0.682),
(0.303, -0.467, 0.552),
(0.436, -0.528, 0.501),
(0.608, -0.566, 0.483),
(0.733, -0.658, 0.437),
(0.766, -0.701, 0.391),
(0.906, -0.654, 0.381),
(1.059, -0.587, 0.405),
(1.126, -0.437, 0.491),
(1.105, -0.345, 0.500),
(1.127, -0.264, 0.533),
(1.201, -0.203, 0.608),
(1.226, -0.230, 0.645),
(1.132, -0.312, 0.624),
(1.079, -0.385, 0.617),
(1.036, -0.475, 0.585),
(0.931, -0.508, 0.547),
(0.862, -0.507, 0.588),
(0.795, -0.500, 0.596),
(0.683, -0.460, 0.632),
(0.663, -0.431, 0.670),
(0.568, -0.406, 0.676),
(0.554, -0.297, 0.767),
(0.562, -0.205, 0.832),
(0.431, -0.158, 0.817),
(0.295, -0.084, 0.817),
(0.212, -0.016, 0.897),
(0.153, 0.036, 0.866),
(0.038, 0.066, 0.839),
(-0.061, 0.088, 0.833),
(-0.150, 0.116, 0.806),
(-0.213, 0.168, 0.763),
(-0.293, 0.184, 0.735),
(-0.380, 0.173, 0.738),
(-0.446, 0.182, 0.760),
(-0.503, 0.175, 0.785),
(-0.573, 0.162, 0.842),
(-0.628, 0.190, 0.890),
(-0.669, 0.214, 0.962),
(-0.683, 0.225, 1.091),
(-0.703, 0.229, 1.176),
(-0.817, 0.266, 1.318),
(-0.791, 0.377, 1.510),
(-0.641, 0.492, 1.673),
(-0.398, 0.665, 1.919),
(-0.332, 0.493, 1.817),
(-0.411, 0.355, 1.574),
(-0.387, 0.275, 1.333),
(-0.395, 0.241, 1.170),
(-0.402, 0.194, 1.102),
(-0.398, 0.102, 1.048),
(-0.417, 0.018, 1.003),
(-0.444, -0.058, 0.946),
(-0.434, -0.042, 0.922),
(-0.410, 0.010, 0.949),
(-0.342, 0.064, 0.991),
(-0.301, 0.115, 1.039),
(-0.268, 0.184, 1.098),
(-0.246, 0.291, 1.187),
(-0.302, 0.597, 1.311),
(-0.288, 0.674, 1.282),
(-0.331, 0.712, 1.231),
(-0.399, 0.699, 1.175),
(-0.435, 0.701, 1.147),
(-0.416, 0.707, 1.126),
(-0.388, 0.682, 1.069),
(-0.366, 0.659, 1.047),
(-0.308, 0.622, 1.027),
(-0.273, 0.592, 1.005),
(-0.243, 0.543, 0.980),
(-0.235, 0.467, 0.965),
(-0.219, 0.386, 0.966),
(-0.198, 0.305, 0.960),
(-0.162, 0.209, 0.928),
(-0.114, 0.126, 0.870),
(-0.065, 0.091, 0.853),
(0.010, -0.143, 0.843),
(0.077, -0.298, 0.925),
(0.093, -0.534, 0.880),
(0.169, -0.690, 0.814),
(0.332, -0.602, 0.730),
(0.464, -0.477, 0.784),
(0.580, -0.376, 0.749),
(0.684, -0.269, 0.702),
(0.817, -0.169, 0.771),
(0.851, -0.232, 0.793),
(0.849, -0.252, 0.837),
(0.816, -0.179, 0.902),
(0.740, -0.129, 0.926),
(0.680, -0.113, 0.952),
(0.645, -0.135, 0.974),
(0.610, -0.160, 0.941),
(0.568, -0.142, 0.918),
(0.509, -0.103, 0.896),
(0.440, -0.052, 0.933),
(0.447, -0.076, 0.917),
(0.421, -0.132, 0.881),
(0.439, -0.135, 0.852),
(0.381, -0.088, 0.843),
(0.114, 0.017, 0.869),
(0.037, -0.055, 0.835),
(0.003, -0.035, 0.847),
(-0.035, -0.003, 0.918),
(-0.126, 0.000, 0.951),
(-0.216, -0.015, 0.942),
(-0.313, -0.020, 0.965),
(-0.424, -0.025, 0.973),
(-0.549, 0.002, 0.983),
(-0.649, 0.097, 1.115),
(-0.671, 0.129, 1.147),
(-0.712, 0.177, 1.149),
(-0.729, 0.304, 1.159),
(-0.670, 0.528, 1.237),
(-0.471, 0.776, 1.356),
(-0.239, 0.933, 1.488),
(-0.214, 0.849, 1.531),
(-0.345, 0.711, 1.411),
(-0.445, 0.638, 1.230),
(-0.447, 0.481, 1.071),
(-0.534, 0.335, 0.987),
(-0.585, 0.227, 0.949),
(-0.584, 0.170, 0.955),
(-0.595, 0.134, 0.953),
(-0.583, 0.112, 0.967),
(-0.532, 0.086, 0.948),
(-0.487, 0.061, 0.927),
(-0.417, 0.032, 0.879),
(-0.364, 0.043, 0.859),
(-0.355, 0.062, 0.899),
(-0.371, 0.069, 0.938),
(-0.374, 0.072, 0.942),
(-0.374, 0.056, 0.949),
(-0.379, 0.063, 0.972),
(-0.375, 0.073, 0.999),
(-0.409, 0.052, 1.000),
(-0.420, 0.040, 0.990),
(-0.405, 0.043, 0.982),
(-0.403, 0.036, 0.978),
(-0.412, 0.028, 0.983),
(-0.424, 0.015, 0.980),
(-0.420, 0.010, 0.978),
(-0.407, -0.002, 0.974),
(-0.399, -0.026, 0.956),
(-0.406, -0.039, 0.942),
(-0.411, -0.037, 0.940),
(-0.434, -0.004, 0.953),
(-0.453, 0.003, 0.973),
(-0.449, -0.013, 0.970),
(-0.423, -0.045, 0.937),
(-0.397, -0.070, 0.895),
(-0.373, -0.085, 0.881),
(-0.375, -0.095, 0.875),
(-0.380, -0.060, 0.871),
(-0.366, -0.012, 0.884),
(-0.353, 0.015, 0.906),
(-0.353, 0.001, 0.914),
(-0.350, -0.012, 0.939),
(-0.351, -0.038, 0.952),
(-0.385, -0.036, 1.019),
(-0.383, -0.037, 1.044),
(-0.359, -0.046, 1.021),
(-0.395, -0.019, 0.966),
(-0.444, 0.049, 0.978),
(-0.435, 0.037, 0.953),
(-0.434, 0.029, 0.937),
(-0.436, 0.036, 0.943),
(-0.438, 0.037, 0.939),
(-0.424, 0.032, 0.933),
(-0.404, 0.020, 0.919),
(-0.397, 0.037, 0.905),
(-0.367, 0.062, 0.885),
(-0.291, 0.088, 0.827),
(-0.279, 0.082, 0.814),
(-0.276, 0.061, 0.798),
(-0.265, 0.026, 0.797),
(-0.266, -0.056, 0.846),
(-0.270, -0.149, 0.677),
(-0.292, -0.359, 0.467),
(-0.361, -0.463, 0.668),
