(-0.356, 0.531, 0.833),
(-0.353, 0.531, 0.834),
(-0.352, 0.528, 0.836),
(-0.356, 0.523, 0.835),
(-0.356, 0.522, 0.833),
(-0.357, 0.521, 0.832),
(-0.358, 0.523, 0.831),
(-0.365, 0.528, 0.827),
(-0.366, 0.525, 0.831),
(-0.368, 0.523, 0.829),
(-0.363, 0.521, 0.833),
(-0.357, 0.524, 0.835),
(-0.354, 0.523, 0.836),
(-0.358, 0.524, 0.839),
(-0.361, 0.524, 0.847),
(-0.362, 0.523, 0.846),
(-0.366, 0.521, 0.837),
(-0.368, 0.520, 0.835),
(-0.367, 0.522, 0.836),
(-0.368, 0.523, 0.834),
(-0.367, 0.521, 0.830),
(-0.369, 0.522, 0.829),
(-0.368, 0.525, 0.830),
(-0.369, 0.529, 0.828),
(-0.370, 0.526, 0.827),
(-0.367, 0.527, 0.823),
(-0.365, 0.527, 0.825),
(-0.367, 0.525, 0.826),
(-0.368, 0.521, 0.827),
(-0.367, 0.519, 0.824),
(-0.367, 0.515, 0.821),
(-0.366, 0.516, 0.822),
(-0.371, 0.512, 0.820),
(-0.370, 0.512, 0.823),
(-0.373, 0.512, 0.822),
(-0.372, 0.511, 0.825),
(-0.372, 0.509, 0.824),
(-0.372, 0.507, 0.822),
(-0.368, 0.507, 0.825),
(-0.369, 0.509, 0.826),
(-0.377, 0.515, 0.829),
(-0.381, 0.515, 0.829),
(-0.382, 0.515, 0.826),
(-0.381, 0.516, 0.829),
(-0.384, 0.518, 0.831),
(-0.385, 0.522, 0.830),
(-0.387, 0.524, 0.832),
(-0.389, 0.523, 0.830),
(-0.391, 0.526, 0.827),
(-0.398, 0.532, 0.823),
(-0.399, 0.531, 0.823),
(-0.402, 0.536, 0.822),
(-0.409, 0.542, 0.820),
(-0.407, 0.542, 0.822),
(-0.406, 0.537, 0.821),
(-0.406, 0.538, 0.826),
(-0.406, 0.537, 0.819),
(-0.403, 0.542, 0.818),
(-0.417, 0.543, 0.819),
(-0.421, 0.545, 0.815),
(-0.421, 0.570, 0.825),
(-0.416, 0.597, 0.839),
(-0.408, 0.635, 0.844),
(-0.393, 0.669, 0.843),
(-0.342, 0.787, 0.840),
(-0.325, 0.839, 0.823),
(-0.303, 0.909, 0.804),
(-0.290, 0.978, 0.822),
(-0.243, 1.178, 0.799),
(-0.204, 1.277, 0.770),
(-0.172, 1.389, 0.752),
(-0.150, 1.465, 0.733),
(-0.190, 1.490, 0.679),
(-0.248, 1.439, 0.648),
(-0.294, 1.365, 0.653),
(-0.285, 1.286, 0.720),
(-0.281, 0.950, 0.751),
(-0.351, 0.844, 0.719),
(-0.489, 0.820, 0.774),
(-0.586, 0.757, 0.821),
(-0.595, 0.710, 0.850),
(-0.575, 0.697, 0.950),
(-0.479, 0.447, 0.921),
(-0.422, 0.390, 0.996),
(-0.349, 0.328, 0.993),
(-0.307, 0.283, 1.010),
(-0.493, 0.113, 0.941),
(-0.530, 0.073, 0.941),
(-0.482, 0.150, 0.946),
(-0.382, 0.258, 0.964),
(-0.192, 0.210, 0.980),
(-0.107, 0.150, 0.899),
(-0.082, 0.109, 0.891),
(-0.170, 0.089, 0.907),
(-0.351, 0.062, 0.904),
(-0.273, 0.108, 0.943),
(-0.189, 0.133, 0.980),
(-0.130, 0.090, 0.971),
(-0.122, 0.030, 0.957),
(-0.158, 0.011, 0.962),
(-0.162, 0.009, 0.950),
(-0.104, 0.011, 0.958),
(0.028, -0.069, 0.912),
(0.028, -0.088, 0.887),
(0.025, -0.076, 0.890),
(0.033, -0.085, 0.899),
(0.058, -0.092, 0.857),
(0.134, -0.092, 0.849),
(0.187, -0.067, 0.858),
(0.233, -0.005, 0.862),
(0.227, -0.009, 0.837),
(0.260, -0.011, 0.798),
(0.351, -0.020, 0.756),
(0.319, -0.038, 0.765),
(0.266, -0.042, 0.783),
(0.226, -0.059, 0.778),
(0.356, -0.056, 0.888),
(0.346, -0.055, 0.919),
(0.275, -0.040, 0.912),
(0.249, -0.038, 0.871),
(0.294, -0.046, 0.839),
(0.320, -0.033, 0.832),
(0.333, -0.025, 0.836),
(0.351, -0.006, 0.813),
(0.320, -0.059, 0.780),
(0.213, -0.185, 0.713),
(-0.100, -0.082, 0.890),
(-0.180, -0.052, 0.839),
(-0.246, -0.074, 0.787),
(-0.337, 0.022, 0.898),
(-0.376, 0.094, 0.948),
(-0.424, 0.174, 0.985),
(-0.487, 0.244, 0.990),
(-0.456, 0.265, 0.936),
(-0.393, 0.236, 0.901),
(-0.362, 0.228, 0.866),
(-0.388, 0.231, 0.828),
(-0.546, 0.449, 0.897),
(-0.604, 0.522, 0.882),
(-0.638, 0.536, 0.842),
(-0.615, 0.510, 0.824),
(-0.540, 0.400, 0.725),
(-0.559, 0.374, 0.733),
(-0.567, 0.453, 0.828),
(-0.542, 0.647, 0.870),
(-0.591, 0.779, 0.824),
(-0.600, 0.787, 0.859),
(-0.612, 0.800, 0.912),
(-0.621, 0.776, 0.893),
(-0.559, 0.651, 0.895),
(-0.492, 0.591, 0.847),
(-0.456, 0.611, 0.903),
(-0.476, 0.701, 0.921),
(-0.511, 0.834, 0.957),
(-0.487, 0.735, 0.944),
(-0.463, 0.780, 0.946),
(-0.495, 0.843, 0.957),
(-0.504, 0.752, 0.943),
(-0.550, 0.720, 0.927),
(-0.520, 0.812, 0.940),
(-0.498, 0.859, 0.940),
(-0.534, 0.880, 0.926),
(-0.564, 0.892, 0.860),
(-0.557, 0.911, 0.804),
(-0.354, 0.777, 0.695),
(-0.312, 0.736, 0.671),
(-0.262, 0.726, 0.683),
(-0.240, 0.742, 0.719),
(-0.263, 0.682, 0.713),
(-0.271, 0.718, 0.738),
(-0.323, 0.687, 0.723),
(-0.344, 0.675, 0.734),
(-0.335, 0.685, 0.766),
(-0.328, 0.694, 0.789),
(-0.323, 0.670, 0.767),
(-0.302, 0.677, 0.766),
(-0.318, 0.657, 0.732),
(-0.294, 0.667, 0.719),
(-0.403, 0.664, 0.757),
(-0.407, 0.683, 0.766),
(-0.396, 0.679, 0.739),
(-0.393, 0.713, 0.730),
(-0.429, 0.776, 0.721),
(-0.441, 0.811, 0.696),
(-0.449, 0.855, 0.700),
(-0.438, 0.914, 0.721),
(-0.449, 0.914, 0.758),
(-0.461, 0.965, 0.749),
(-0.435, 1.006, 0.756),
(-0.395, 1.017, 0.731),
(-0.429, 0.996, 0.735),
(-0.461, 0.973, 0.720),
(-0.472, 0.970, 0.717),
(-0.436, 0.945, 0.749),
(-0.464, 0.926, 0.772),
(-0.491, 0.958, 0.814),
(-0.532, 0.941, 0.899),
(-0.573, 0.899, 0.877),
(-0.598, 0.852, 0.955),
(-0.606, 0.783, 0.944),
(-0.568, 0.731, 1.141),
(-0.491, 0.625, 0.923),
(-0.470, 0.477, 0.927),
(-0.510, 0.384, 1.003),
(-0.627, 0.368, 1.011),
(0.060, -0.412, 0.899),
(0.154, -0.385, 0.832),
(0.295, -0.330, 0.679),
(0.561, -0.229, 0.446),
(0.491, -0.214, 0.410),
(0.317, -0.114, 0.580),
(0.266, -0.089, 0.645),
(0.080, -0.056, 0.905),
(0.291, -0.014, 0.857),
(0.483, 0.030, 0.840),
(0.497, 0.074, 0.824),
(0.402, 0.096, 0.801),
(0.277, 0.087, 0.805),
(0.159, 0.059, 0.817),
(0.334, 0.037, 0.773),
(0.363, 0.057, 0.777),
(0.311, 0.027, 0.826),
(0.287, -0.018, 0.924),
(0.214, -0.011, 0.978),
(0.176, -0.014, 0.952),
(0.220, -0.027, 0.899),
(0.284, -0.056, 0.781),
(0.225, -0.092, 0.737),
(0.148, -0.122, 0.743),
(0.102, -0.143, 0.762),
(0.008, -0.112, 0.850),
(0.011, -0.073, 0.859),
(0.017, -0.043, 0.926),
(0.009, -0.013, 0.976),
(-0.115, -0.028, 0.927),
(-0.210, -0.027, 0.957),
(-0.240, -0.021, 0.975),
(-0.244, 0.014, 0.982),
(-0.176, 0.145, 0.989),
(-0.178, 0.219, 0.975),
(-0.236, 0.286, 0.990),
(-0.295, 0.343, 1.014),
(-0.386, 0.414, 1.020),
(-0.410, 0.404, 0.924),
(-0.411, 0.351, 0.822),
(-0.392, 0.349, 0.801),
(-0.311, 0.428, 0.839),
(-0.317, 0.519, 0.836),
(-0.327, 0.597, 0.873),
(-0.331, 0.610, 0.898),
(-0.351, 0.569, 0.935),
(-0.389, 0.530, 0.922),
(-0.264, 0.496, 0.884),
(-0.264, 0.590, 0.891),
(-0.278, 0.719, 0.933),
(-0.431, 0.478, 0.764),
(-0.436, 0.439, 0.746),
(-0.375, 0.445, 0.771),
(-0.285, 0.488, 0.834),
(-0.254, 0.565, 0.902),
(-0.518, 0.662, 0.837),
(-0.404, 0.636, 0.821),
(-0.365, 0.576, 0.785),
(-0.429, 0.743, 0.808),
(-0.408, 0.770, 0.830),
(-0.377, 0.696, 0.807),
(-0.336, 0.791, 0.914),
(-0.327, 0.781, 0.897),
(-0.403, 0.855, 0.897),
(-0.454, 0.946, 0.924),
(-0.592, 0.881, 0.880),
(-0.492, 0.975, 0.882),
(-0.459, 0.985, 0.888),
(-0.417, 0.939, 0.861),
(-0.346, 0.924, 0.885),
(-0.283, 0.820, 0.934),
(-0.304, 0.752, 0.936),
(-0.455, 0.631, 0.858),
(-0.478, 0.572, 0.818),
(-0.485, 0.541, 0.789),
(-0.489, 0.520, 0.778),
(-0.512, 0.524, 0.808),
(-0.511, 0.479, 0.768),
(-0.478, 0.492, 0.755),
(-0.432, 0.584, 0.751),
(-0.428, 0.621, 0.747),
(-0.416, 0.683, 0.754),
(-0.385, 0.724, 0.732),
(-0.344, 0.828, 0.742),
(-0.366, 0.795, 0.744),
(-0.370, 0.802, 0.742),
(-0.374, 0.814, 0.744),
(-0.385, 0.792, 0.759),
(-0.387, 0.800, 0.802),
(-0.388, 0.835, 0.798),
(-0.378, 0.887, 0.828),
(-0.391, 0.999, 0.792),
(-0.350, 1.009, 0.761),
(-0.315, 1.019, 0.709),
(-0.315, 0.994, 0.699),
(-0.351, 0.970, 0.800),
(-0.365, 0.910, 0.774),
(-0.376, 0.865, 0.750),
(-0.412, 0.872, 0.752),
(-0.445, 0.888, 0.783),
(-0.458, 0.892, 0.806),
(-0.474, 0.913, 0.816),
(-0.467, 0.917, 0.853),
(-0.419, 0.929, 1.146),
(-0.369, 0.945, 1.253),
(-0.331, 0.803, 0.988),
(-0.396, 0.536, 0.821),
(-0.600, 0.444, 0.871),
(-0.529, 0.466, 0.934),
(-0.324, 0.438, 0.889),
(-0.155, 0.335, 0.743),
(-0.148, 0.276, 0.815),
(-0.208, 0.265, 0.886),
(-0.276, 0.208, 0.930),
(-0.394, 0.117, 0.986),
(-0.437, 0.075, 1.023),
(-0.316, 0.104, 1.073),
(-0.238, 0.054, 1.092),
(0.080, -0.240, 0.839),
(0.136, -0.218, 0.868),
(0.234, -0.203, 0.826),
(0.356, -0.168, 0.820),
(0.398, -0.083, 0.751),
(0.375, -0.059, 0.636),
(0.410, -0.051, 0.550),
(0.434, -0.031, 0.529),
(0.426, -0.019, 0.495),
(0.430, 0.003, 0.595),
(0.362, 0.029, 0.703),
(0.247, 0.031, 0.771),
(0.105, 0.070, 0.867),
(0.097, 0.098, 0.878),
(0.183, 0.140, 0.893),
(0.286, 0.161, 0.947),
(0.328, 0.206, 0.962),
(0.347, 0.222, 0.923),
(0.381, 0.237, 0.867),
(0.323, 0.232, 0.866),
(0.229, 0.193, 0.845),
(0.330, 0.191, 0.858),
(0.323, 0.190, 0.853),
(0.305, 0.179, 0.832),
(0.361, 0.168, 0.785),
(0.403, 0.172, 0.782),
(0.405, 0.149, 0.769),
(0.405, 0.148, 0.726),
(0.315, 0.068, 0.672),
(0.372, 0.028, 0.645),
(0.373, -0.017, 0.669),
(0.223, -0.068, 0.709),
(0.135, -0.097, 0.698),
(0.097, -0.131, 0.682),
(0.089, -0.148, 0.804),
(0.014, -0.004, 0.947),
(-0.053, 0.100, 0.951),
(-0.209, 0.055, 0.876),
(-0.231, 0.013, 0.840),
(-0.247, 0.001, 0.883),
(-0.249, 0.078, 0.960),
(-0.287, 0.173, 1.001),
(-0.329, 0.280, 1.055),
(-0.326, 0.374, 1.066),
(-0.299, 0.408, 1.016),
(-0.328, 0.299, 0.925),
(-0.358, 0.291, 0.892),
(-0.394, 0.307, 0.856),
(-0.428, 0.320, 0.868),
(-0.431, 0.329, 0.941),
(-0.413, 0.383, 0.949),
(-0.370, 0.449, 0.959),
(-0.341, 0.473, 0.933),
(-0.398, 0.559, 0.884),
(-0.415, 0.538, 0.917),
(-0.424, 0.552, 0.926),
(-0.397, 0.537, 0.934),
(-0.343, 0.572, 0.982),
(-0.370, 0.680, 1.066),
(-0.430, 0.755, 1.066),
(-0.517, 0.825, 1.045),
(-0.522, 0.789, 0.980),
(-0.478, 0.857, 1.011),
(-0.460, 0.817, 0.897),
(-0.469, 0.863, 0.966),
(-0.465, 0.917, 0.958),
(-0.455, 1.031, 0.977),
(-0.372, 0.971, 0.900),
(-0.346, 0.954, 0.841),
(-0.368, 0.934, 0.841),
(-0.427, 0.945, 0.862),
(-0.449, 0.862, 0.771),
(-0.348, 0.912, 0.769),
(-0.342, 0.684, 0.811),
(-0.338, 0.662, 0.843),
(-0.344, 0.628, 0.853),
(-0.337, 0.581, 0.829),
(-0.342, 0.557, 0.820),
(-0.357, 0.556, 0.810),
(-0.371, 0.570, 0.809),
(-0.389, 0.542, 0.807),
(-0.384, 0.546, 0.813),
(-0.372, 0.532, 0.797),
(-0.373, 0.541, 0.791),
(-0.372, 0.571, 0.787),
(-0.371, 0.618, 0.787),
(-0.295, 0.808, 0.826),
(-0.288, 0.816, 0.825),
(-0.317, 0.839, 0.848),
(-0.336, 0.868, 0.856),
(-0.365, 0.916, 0.900),
(-0.386, 0.921, 0.909),
(-0.381, 0.907, 0.879),
(-0.409, 0.883, 0.866),
(-0.416, 0.871, 0.861),
(-0.406, 0.858, 0.885),
(-0.398, 0.843, 0.935),
(-0.459, 0.887, 1.054),
(-0.483, 0.907, 1.060),
(-0.428, 0.842, 0.977),
(-0.422, 0.779, 1.016),
(-0.475, 0.654, 1.034),
(-0.511, 0.552, 0.960),
(-0.554, 0.452, 0.944),
(-0.596, 0.413, 0.975),
(-0.576, 0.432, 1.086),
(-0.544, 0.453, 1.101),
(-0.447, 0.454, 1.078),
(-0.304, 0.409, 0.977),
(-0.260, 0.143, 1.000),
(-0.365, 0.122, 1.025),
(-0.396, 0.168, 1.041),
(-0.242, 0.167, 1.032),
(-0.080, 0.162, 1.017),
(-0.026, -0.004, 1.073),
(-0.105, -0.014, 1.031),
(-0.203, -0.052, 0.992),
(-0.277, -0.086, 0.974),
(-0.205, -0.119, 0.945),
(-0.087, -0.086, 0.947),
(0.050, -0.053, 0.968),
(0.106, -0.108, 0.959),
(0.000, -0.182, 0.879),
(0.525, -0.067, 0.511),
(0.564, -0.041, 0.526),
(0.498, -0.010, 0.566),
(0.552, -0.060, 0.493),
(0.571, -0.096, 0.484),
(0.605, -0.085, 0.542),
(0.603, -0.056, 0.574),
(0.589, -0.012, 0.570),
(0.564, -0.012, 0.593),
(0.556, 0.006, 0.607),
(0.577, 0.026, 0.644),
(0.590, 0.033, 0.675),
(0.656, 0.072, 0.719),
(0.662, 0.086, 0.693),
(0.588, 0.078, 0.682),
(0.511, 0.054, 0.698),
(0.558, 0.077, 0.707),
(0.599, 0.094, 0.724),
(0.644, 0.095, 0.737),
(0.658, 0.084, 0.717),
(0.650, 0.069, 0.705),
(0.667, 0.059, 0.690),
(0.691, 0.050, 0.679),
(0.625, 0.011, 0.677),
(0.589, -0.012, 0.660),
(0.580, -0.034, 0.626),
(0.605, -0.051, 0.594),
(0.628, -0.116, 0.569),
(0.552, -0.143, 0.607),
(0.550, -0.123, 0.662),
(0.525, -0.152, 0.646),
(0.458, -0.195, 0.599),
(0.138, -0.226, 0.667),
(0.067, -0.144, 0.789),
(0.055, -0.061, 0.872),
(0.014, 0.007, 0.901),
(-0.057, 0.019, 0.830),
(-0.084, -0.017, 0.810),
(-0.107, -0.031, 0.795),
(-0.124, -0.058, 0.762),
(-0.247, 0.024, 0.942),
(-0.283, 0.203, 1.014),
(-0.295, 0.403, 1.076),
(-0.272, 0.505, 1.148),
(-0.218, 0.481, 1.164),
(-0.412, 0.652, 1.060),
(-0.370, 0.797, 1.134),
(-0.323, 0.828, 1.127),
(-0.259, 0.656, 1.001),
(-0.263, 0.631, 0.979),
(-0.250, 0.630, 0.968),
(-0.212, 0.589, 0.924),
(-0.213, 0.709, 1.008),
(-0.231, 0.773, 1.000),
(-0.227, 0.744, 0.993),
(-0.215, 0.705, 1.027),
(-0.221, 0.451, 0.851),
(-0.234, 0.398, 0.839),
(-0.221, 0.409, 0.868),
(-0.237, 0.426, 0.861),
(-0.270, 0.454, 0.832),
(-0.288, 0.476, 0.875),
(-0.308, 0.441, 0.854),
(-0.344, 0.403, 0.842),
(-0.294, 0.484, 0.899),
(-0.313, 0.519, 0.913),
(-0.363, 0.559, 0.906),
(-0.387, 0.566, 0.892),
(-0.454, 0.582, 0.897),
(-0.459, 0.751, 0.904),
(-0.450, 0.753, 0.893),
(-0.438, 0.759, 0.815),
(-0.370, 0.793, 0.898),
(-0.388, 0.832, 0.898),
(-0.386, 0.839, 0.886),
(-0.400, 0.868, 0.875),
(-0.376, 0.819, 0.876),
(-0.327, 0.806, 0.886),
(-0.343, 0.675, 0.932),
(-0.344, 0.634, 0.930),
(-0.363, 0.571, 0.917),
(-0.388, 0.448, 0.866),
(-0.399, 0.442, 0.863),
(-0.417, 0.395, 0.809),
(-0.393, 0.398, 0.804),
(-0.388, 0.420, 0.817),
(-0.382, 0.482, 0.849),
(-0.383, 0.513, 0.864),
(-0.371, 0.556, 0.878),
(-0.367, 0.603, 0.889),
(-0.356, 0.666, 0.886),
(-0.350, 0.702, 0.904),
(-0.344, 0.733, 0.908),
(-0.333, 0.762, 0.901),
(-0.334, 0.831, 0.936),
(-0.352, 0.843, 0.920),
(-0.361, 0.863, 0.920),
(-0.364, 0.884, 0.918),
(-0.342, 0.886, 0.956),
(-0.319, 0.847, 0.930),
(-0.319, 0.816, 0.925),
(-0.345, 0.827, 0.967),
(-0.400, 0.793, 1.009),
(-0.442, 0.781, 1.009),
(-0.456, 0.757, 1.006),
(-0.436, 0.753, 1.010),
(-0.401, 0.748, 1.014),
(-0.397, 0.706, 1.030),
(-0.401, 0.663, 1.028),
(-0.419, 0.632, 1.053),
(-0.488, 0.590, 1.101),
(-0.485, 0.602, 1.208),
(-0.414, 0.530, 1.115),
(-0.369, 0.406, 0.971),
(-0.437, 0.273, 1.010),
(-0.522, 0.168, 1.070),
(-0.556, 0.179, 1.074),
(-0.311, 0.250, 1.166),
(-0.117, 0.234, 1.085),
(0.040, 0.213, 1.017),
(0.159, 0.094, 0.985),
(-0.105, -0.142, 0.904),
(-0.350, -0.121, 0.813),
(-0.486, -0.079, 0.819),
(-0.479, -0.034, 0.903),
(0.012, -0.018, 0.912),
(0.322, -0.031, 0.902),
(0.430, -0.042, 0.877),
(0.300, -0.104, 0.844),
(-0.121, -0.228, 0.612),
(-0.092, -0.195, 0.561),
(0.010, -0.150, 0.660),
(0.154, -0.119, 0.727),
(0.501, -0.071, 0.597),
(0.198, -0.004, 0.781),
(0.210, -0.020, 0.753),
(0.299, -0.024, 0.701),
(0.581, 0.055, 0.609),
(0.607, 0.083, 0.655),
(0.553, 0.069, 0.667),
(0.506, 0.054, 0.679),
(0.486, 0.077, 0.803),
(0.519, 0.099, 0.828),
(0.542, 0.126, 0.852),
(0.435, 0.120, 0.875),
(0.661, 0.129, 0.812),
(0.605, 0.073, 0.837),
(0.528, 0.027, 0.812),
(0.372, -0.038, 0.772),
(0.382, -0.053, 0.751),
(0.425, -0.049, 0.725),
(0.479, -0.030, 0.675),
(0.548, -0.011, 0.651),
(0.505, -0.056, 0.707),
(0.444, -0.124, 0.741),
(0.315, -0.173, 0.777),
(0.214, -0.224, 0.676),
(-0.109, 0.009, 1.109),
(-0.382, 0.070, 1.214),
(-0.525, 0.050, 1.157),
(-0.222, -0.039, 0.804),
(-0.030, -0.010, 0.809),
(0.093, 0.042, 0.905),
(0.090, 0.120, 1.004),
(-0.201, 0.263, 1.129),
(-0.415, 0.278, 1.154),
(-0.537, 0.283, 1.159),
(-0.559, 0.289, 1.066),
(-0.306, 0.207, 0.916),
(-0.150, 0.208, 0.939),
(-0.107, 0.302, 0.934),
(-0.149, 0.383, 0.958),
(-0.428, 0.465, 0.993),
(-0.534, 0.550, 1.049),
(-0.461, 0.430, 0.917),
(-0.368, 0.384, 0.910),
(-0.302, 0.370, 0.850),
(-0.401, 0.489, 0.875),
(-0.491, 0.442, 0.857),
(-0.572, 0.507, 0.880),
(-0.583, 0.600, 0.894),
(-0.507, 0.612, 0.893),
(-0.527, 0.645, 0.850),
(-0.515, 0.770, 0.876),
(-0.444, 0.902, 0.893),
(-0.509, 1.014, 0.883),
(-0.481, 1.150, 0.901),
(-0.305, 1.202, 0.917),
(-0.191, 1.153, 0.891),
(-0.199, 1.155, 0.946),
(-0.465, 0.867, 0.832),
(-0.451, 0.816, 0.828),
(-0.490, 0.537, 0.772),
(-0.491, 0.497, 0.772),
(-0.498, 0.471, 0.768),
(-0.512, 0.437, 0.750),
(-0.400, 0.501, 0.784),
(-0.392, 0.525, 0.803),
(-0.384, 0.545, 0.819),
(-0.412, 0.611, 0.842),
(-0.426, 0.606, 0.823),
(-0.412, 0.618, 0.831),
(-0.414, 0.607, 0.832),
(-0.418, 0.614, 0.818),
(-0.404, 0.625, 0.815),
(-0.418, 0.637, 0.812),
(-0.422, 0.668, 0.802),
(-0.391, 0.715, 0.812),
(-0.373, 0.743, 0.797),
(-0.368, 0.773, 0.795),
(-0.360, 0.788, 0.789),
(-0.382, 0.845, 0.821),
(-0.373, 0.850, 0.798),
(-0.366, 0.851, 0.810),
(-0.325, 0.843, 0.843),
(-0.316, 0.844, 0.851),
(-0.335, 0.849, 0.872),
(-0.452, 0.830, 0.922),
(-0.458, 0.805, 0.922),
(-0.434, 0.819, 0.989),
(-0.415, 0.813, 0.997),
(-0.415, 0.802, 1.058),
(-0.385, 0.763, 1.042),
(-0.345, 0.665, 0.961),
(-0.374, 0.615, 0.965),
(-0.593, 0.498, 1.012),
(-0.598, 0.528, 1.053),
(-0.548, 0.571, 1.121),
(-0.404, 0.531, 1.073),
(-0.188, 0.422, 1.047),
(-0.698, 0.219, 0.979),
(-0.686, 0.268, 1.021),
(-0.576, 0.336, 1.073),
(0.135, 0.057, 1.050),
(0.165, -0.009, 1.087),
(0.021, -0.109, 1.057),
(-0.192, -0.244, 0.948),
(-0.427, -0.365, 0.771),
(-0.336, -0.427, 0.681),
(-0.123, -0.398, 0.640),
(0.163, -0.378, 0.597),
(0.693, -0.163, 0.470),
(0.630, -0.170, 0.504),
(0.516, -0.153, 0.514),
(0.406, -0.133, 0.512),
(0.323, -0.082, 0.572),
(0.225, -0.086, 0.670),
(0.157, -0.071, 0.779),
(0.165, -0.048, 0.829),
(0.329, 0.042, 0.909),
(0.387, 0.055, 0.863),
(0.349, 0.015, 0.842),
(0.338, -0.003, 0.825),
(0.375, -0.016, 0.880),
(0.454, -0.091, 0.861),
(0.454, -0.113, 0.834),
(0.465, -0.108, 0.781),
(0.327, -0.142, 0.833),
(0.268, -0.159, 0.840),
(0.213, -0.168, 0.810),
(0.205, -0.185, 0.785),
(0.316, -0.208, 0.727),
(0.353, -0.217, 0.678),
(0.351, -0.229, 0.670),
(0.280, -0.212, 0.792),
(0.134, -0.154, 0.970),
(0.018, -0.088, 0.815),
(0.029, 0.009, 0.934),
(-0.056, 0.125, 1.071),
(-0.337, 0.170, 0.933),
(-0.272, 0.114, 0.898),
(-0.178, 0.032, 0.875),
(-0.134, -0.009, 0.881),
(-0.250, 0.244, 1.052),
(-0.368, 0.404, 1.086),
(-0.482, 0.477, 1.021),
(-0.503, 0.510, 1.042),
(-0.436, 0.430, 0.927),
(-0.431, 0.338, 0.899),
(-0.424, 0.302, 0.855),
(-0.377, 0.365, 0.880),
(-0.319, 0.327, 0.910),
(-0.538, 0.662, 1.012),
(-0.584, 0.630, 0.980),
(-0.555, 0.574, 0.971),
(-0.467, 0.519, 0.920),
(-0.427, 0.611, 0.963),
(-0.438, 0.785, 1.025),
(-0.526, 0.882, 1.002),
(-0.567, 1.048, 0.993),
(-0.406, 1.066, 0.983),
(-0.249, 1.038, 0.982),
(-0.244, 0.997, 0.966),
(-0.223, 0.964, 1.016),
(-0.231, 0.909, 1.014),
(-0.266, 0.843, 1.006),
(-0.309, 0.843, 1.000),
(-0.385, 0.726, 0.922),
(-0.371, 0.697, 0.916),
(-0.377, 0.657, 0.890),
(-0.402, 0.589, 0.838),
(-0.434, 0.536, 0.814),
(-0.446, 0.508, 0.797),
(-0.416, 0.446, 0.785),
(-0.423, 0.426, 0.791),
(-0.416, 0.412, 0.772),
(-0.415, 0.439, 0.790),
(-0.402, 0.396, 0.784),
(-0.421, 0.411, 0.793),
(-0.416, 0.425, 0.812),
(-0.404, 0.420, 0.827),
(-0.423, 0.416, 0.843),
(-0.429, 0.420, 0.851),
(-0.410, 0.445, 0.867),
(-0.383, 0.467, 0.883),
(-0.374, 0.491, 0.895),
(-0.363, 0.523, 0.906),
(-0.364, 0.551, 0.916),
(-0.375, 0.571, 0.930),
(-0.365, 0.641, 0.925),
(-0.351, 0.676, 0.925),
(-0.345, 0.713, 0.916),
(-0.352, 0.755, 0.917),
(-0.372, 0.795, 0.909),
(-0.373, 0.775, 0.903),
(-0.385, 0.787, 0.921),
(-0.387, 0.792, 0.948),
(-0.355, 0.749, 0.914),
(-0.375, 0.754, 0.943),
(-0.418, 0.773, 0.972),
(-0.436, 0.774, 0.957),
(-0.420, 0.765, 0.989),
(-0.410, 0.735, 0.977),
(-0.426, 0.706, 0.973),
(-0.447, 0.711, 1.001),
(-0.455, 0.779, 1.054),
(-0.458, 0.844, 1.136),
(-0.443, 0.831, 1.078),
(-0.430, 0.692, 0.977),
(-0.434, 0.425, 0.985),
(-0.469, 0.421, 1.029),
(-0.489, 0.425, 1.053),
(-0.512, 0.425, 1.066),
(-0.479, 0.487, 1.053),
(-0.432, 0.494, 1.086),
(-0.377, 0.463, 1.070),
(-0.365, 0.408, 1.043),
(-0.419, 0.309, 1.060),
(-0.481, 0.292, 1.075),
(-0.568, 0.282, 1.095),
(-0.642, 0.298, 1.106),
(-0.653, 0.260, 1.125),
(-0.581, 0.251, 1.143),
(-0.410, 0.187, 1.102),
(-0.204, 0.042, 0.957),
(0.156, -0.183, 0.841),
(0.229, -0.268, 0.778),
(0.162, -0.368, 0.696),
(-0.012, -0.432, 0.578),
(-0.093, -0.369, 0.437),
(0.056, -0.279, 0.466),
(0.276, -0.226, 0.475),
(0.497, -0.200, 0.447),
(0.646, -0.151, 0.467),
(0.599, -0.131, 0.477),
(0.594, -0.087, 0.467),
(0.609, -0.058, 0.513),
(0.483, -0.017, 0.628),
(0.404, -0.037, 0.641),
(0.385, -0.002, 0.639),
(0.364, 0.018, 0.660),
(0.360, 0.025, 0.718),
(0.336, 0.023, 0.805),
(0.310, 0.011, 0.894),
(0.301, 0.002, 0.956),
(0.352, 0.005, 0.988),
(0.432, 0.028, 0.931),
(0.485, 0.041, 0.905),
(0.494, 0.042, 0.890),
(0.320, -0.012, 0.909),
(0.271, -0.040, 0.918),
(0.272, -0.056, 0.921),
(0.292, -0.053, 0.910),
(0.351, -0.025, 0.890),
(0.458, -0.123, 0.738),
(0.498, -0.123, 0.747),
(0.493, -0.127, 0.772),
(0.194, -0.173, 0.761),
(0.126, -0.195, 0.683),
(0.111, -0.220, 0.651),
(0.120, -0.180, 0.699),
(0.056, -0.072, 0.916),
(-0.072, 0.011, 1.034),
(-0.207, 0.071, 1.078),
(-0.302, 0.084, 1.026),
(-0.220, -0.037, 0.846),
(-0.155, 0.198, 1.151),
(-0.293, 0.291, 1.168),
(-0.422, 0.358, 1.105),
(-0.358, 0.249, 0.900),
(-0.291, 0.229, 0.851),
(-0.275, 0.262, 0.914),
(-0.269, 0.354, 0.989),
(-0.309, 0.398, 1.014),
(-0.362, 0.483, 1.053),
(-0.413, 0.488, 1.019),
(-0.496, 0.465, 1.013),
(-0.511, 0.440, 0.967),
(-0.451, 0.449, 0.925),
(-0.385, 0.439, 0.866),
(-0.419, 0.519, 0.933),
(-0.590, 0.636, 0.916),
(-0.489, 0.647, 0.812),
(-0.529, 0.734, 0.829),
(-0.577, 0.885, 0.826),
(-0.518, 1.042, 0.847),
(-0.370, 1.104, 0.906),
(-0.247, 1.114, 0.925),
(-0.193, 1.076, 0.942),
(-0.103, 1.105, 1.105),
(-0.393, 0.727, 0.974),
(-0.409, 0.643, 0.948),
(-0.439, 0.584, 0.916),
(-0.456, 0.410, 0.841),
(-0.476, 0.406, 0.832),
(-0.473, 0.398, 0.830),
(-0.482, 0.390, 0.795),
(-0.468, 0.379, 0.789),
(-0.470, 0.379, 0.773),
(-0.449, 0.408, 0.765),
(-0.447, 0.411, 0.770),
(-0.453, 0.418, 0.761),
(-0.451, 0.436, 0.760),
(-0.419, 0.462, 0.781),
(-0.414, 0.487, 0.795),
(-0.401, 0.521, 0.821),
(-0.387, 0.557, 0.847),
(-0.366, 0.642, 0.896),
(-0.385, 0.693, 0.924),
(-0.374, 0.745, 0.936),
(-0.368, 0.785, 0.945),
(-0.344, 0.857, 0.981),
(-0.348, 0.885, 1.010),
(-0.364, 0.922, 1.032),
(-0.383, 0.895, 1.035),
(-0.423, 0.869, 1.027),
(-0.481, 0.877, 1.060),
(-0.504, 0.896, 1.031),
(-0.406, 0.777, 0.994),
(-0.367, 0.749, 1.004),
(-0.364, 0.753, 1.033),
(-0.400, 0.774, 1.067),
(-0.472, 0.772, 1.049),
(-0.491, 0.753, 0.981),
(-0.453, 0.682, 1.031),
(-0.403, 0.615, 1.051),
(-0.359, 0.495, 0.973),
(-0.402, 0.477, 1.028),
(-0.447, 0.488, 1.052),
(-0.455, 0.500, 1.046),
(-0.397, 0.529, 1.070),
(-0.352, 0.545, 1.139),
(-0.293, 0.542, 1.186),
(-0.207, 0.494, 1.146),
(-0.153, 0.414, 1.093),
(-0.163, 0.365, 1.079),
(-0.187, 0.333, 1.087),
(-0.195, 0.262, 1.099),
(-0.312, 0.046, 0.913),
(-0.249, -0.055, 0.818),
(-0.104, -0.141, 0.698),
(0.039, -0.258, 0.557),
(0.207, -0.382, 0.371),
(0.596, 0.092, 0.462),
(0.615, 0.112, 0.536),
(0.642, 0.114, 0.656),
(0.693, 0.128, 0.709),
(0.721, 0.136, 0.690),
(0.765, 0.133, 0.669),
(0.804, 0.132, 0.657),
(0.758, 0.143, 0.669),
(0.690, 0.125, 0.680),
(0.666, 0.093, 0.639),
(0.698, 0.091, 0.645),
(0.705, 0.082, 0.654),
(0.744, 0.126, 0.632),
(0.625, 0.068, 0.657),
(0.711, 0.092, 0.619),
(0.772, 0.097, 0.605),
(0.698, 0.056, 0.545),
(0.392, -0.256, 0.519),
(0.284, -0.262, 0.715),
(0.178, -0.177, 0.881),
(-0.005, -0.032, 1.056),
(0.005, 0.014, 1.063),
(0.086, 0.012, 0.939),
(0.141, -0.014, 0.848),
(0.123, 0.008, 1.000),
(-0.130, 0.431, 1.156),
(-0.107, 0.385, 1.044),
(-0.110, 0.348, 0.992),
(-0.213, 0.311, 1.008),
(-0.267, 0.463, 1.071),
(-0.299, 0.603, 1.171),
(-0.318, 0.609, 1.169),
(-0.443, 0.768, 1.162),
(-0.412, 0.786, 1.069),
(-0.297, 0.680, 0.993),
(-0.221, 0.586, 0.948),
(-0.241, 0.510, 0.904),
(-0.270, 0.505, 0.862),
(-0.309, 0.584, 0.903),
(-0.342, 0.683, 0.994),
(-0.494, 0.757, 1.011),
(-0.316, 0.773, 0.831),
(-0.350, 0.854, 0.839),
(-0.379, 0.958, 0.875),
(-0.288, 1.063, 0.872),
(-0.263, 1.100, 0.884),
(-0.286, 1.179, 0.876),
(-0.301, 1.136, 0.822),
(-0.265, 1.045, 0.788),
(-0.265, 0.982, 0.781),
(-0.285, 0.926, 0.778),
(-0.316, 0.894, 0.806),
(-0.367, 0.766, 0.789),
(-0.382, 0.717, 0.784),
(-0.407, 0.633, 0.775),
(-0.419, 0.584, 0.771),
(-0.429, 0.526, 0.786),
(-0.416, 0.492, 0.783),
(-0.407, 0.490, 0.789),
(-0.379, 0.487, 0.779),
(-0.370, 0.538, 0.783),
(-0.364, 0.565, 0.792),
(-0.362, 0.590, 0.792),
(-0.352, 0.637, 0.805),
(-0.349, 0.701, 0.801),
(-0.343, 0.909, 0.801),
(-0.341, 0.948, 0.815),
(-0.338, 0.947, 0.803),
(-0.330, 0.948, 0.781),
(-0.327, 0.944, 0.811),
(-0.347, 0.935, 0.840),
(-0.364, 0.906, 0.825),
(-0.413, 0.876, 0.866),
(-0.424, 0.873, 0.874),
(-0.418, 0.867, 0.900),
(-0.429, 0.871, 0.956),
(-0.421, 0.834, 0.954),
(-0.466, 0.831, 1.004),
(-0.509, 0.828, 1.049),
(-0.511, 0.775, 1.041),
(-0.505, 0.562, 1.010),
(-0.525, 0.490, 1.015),
(-0.500, 0.462, 1.005),
(-0.451, 0.444, 1.024),
(-0.416, 0.421, 1.044),
(-0.431, 0.356, 1.084),
(-0.303, 0.293, 1.045),
(-0.154, 0.252, 1.036),
(-0.159, 0.141, 1.030),
(-0.326, 0.036, 0.990),
(-0.477, -0.013, 0.958),
(-0.506, 0.014, 0.971),
(-0.363, -0.003, 1.084),
(-0.155, -0.032, 1.039),
(0.087, -0.074, 0.955),
(0.238, -0.150, 0.889),
(0.134, -0.289, 0.806),
(-0.033, -0.327, 0.699),
(-0.110, -0.292, 0.627),
(-0.014, -0.239, 0.610),
(0.361, -0.203, 0.616),
(0.471, -0.067, 0.601),
(0.421, -0.037, 0.571),
(0.353, 0.009, 0.548),
(0.425, 0.014, 0.639),
(0.291, 0.032, 0.747),
(0.217, 0.060, 0.792),
(0.247, 0.071, 0.832),
(0.385, 0.149, 0.792),
(0.446, -0.035, 0.702),
(0.467, -0.062, 0.681),
(0.421, -0.086, 0.703),
(0.106, -0.101, 0.837),
(0.077, -0.073, 0.847),
(0.093, -0.077, 0.801),
(0.113, -0.083, 0.769),
(0.206, -0.077, 0.871),
(0.128, -0.009, 1.044),
(-0.035, 0.035, 1.167),
(-0.182, 0.046, 1.158),
(-0.275, 0.112, 0.988),
(-0.173, 0.142, 0.944),
(-0.011, 0.183, 0.933),
(0.083, 0.192, 0.923),
(0.009, 0.183, 0.969),
(-0.385, 0.452, 0.976),
(-0.242, 0.508, 1.005),
(-0.099, 0.534, 1.024),
(-0.164, 0.452, 1.003),
(-0.302, 0.459, 0.930),
(-0.412, 0.461, 0.885),
(-0.467, 0.444, 0.848),
(-0.382, 0.449, 0.830),
(-0.327, 0.480, 0.867),
(-0.284, 0.506, 0.823),
(-0.285, 0.431, 0.779),
(-0.373, 0.537, 0.783),
(-0.536, 0.658, 0.783),
(-0.591, 0.700, 0.824),
(-0.578, 0.705, 0.749),
(-0.511, 0.653, 0.725),
(-0.419, 0.600, 0.704),
(-0.356, 0.634, 0.736),
(-0.443, 0.848, 0.799),
(-0.462, 0.876, 0.823),
(-0.446, 0.877, 0.832),
(-0.323, 0.874, 0.864),
(-0.345, 0.914, 0.887),
(-0.348, 0.922, 0.906),
(-0.339, 1.016, 0.933),
(-0.363, 0.998, 0.921),
(-0.357, 0.995, 0.915),
(-0.379, 0.924, 0.890),
(-0.408, 0.821, 0.860),
(-0.525, 0.738, 0.751),
(-0.560, 0.727, 0.701),
(-0.583, 0.738, 0.659),
(-0.491, 0.657, 0.604),
(-0.450, 0.668, 0.623),
(-0.449, 0.655, 0.650),
(-0.451, 0.602, 0.645),
(-0.450, 0.600, 0.668),
(-0.462, 0.625, 0.691),
(-0.467, 0.632, 0.702),
(-0.440, 0.705, 0.717),
(-0.426, 0.732, 0.718),
(-0.402, 0.778, 0.731),
(-0.388, 0.799, 0.742),
(-0.378, 0.806, 0.747),
(-0.369, 0.823, 0.758),
(-0.365, 0.814, 0.754),
(-0.301, 0.874, 0.778),
(-0.309, 0.936, 0.790),
(-0.329, 1.003, 0.790),
(-0.302, 1.121, 0.865),
(-0.328, 1.085, 0.862),
(-0.370, 1.034, 0.856),
(-0.414, 0.982, 0.853),
(-0.472, 0.881, 0.823),
(-0.464, 0.812, 0.803),
(-0.452, 0.786, 0.818),
(-0.431, 0.793, 0.942),
(-0.436, 0.759, 0.936),
(-0.444, 0.714, 0.894),
(-0.485, 0.594, 0.902),
(-0.438, 0.557, 0.920),
(-0.401, 0.559, 0.960),
(-0.381, 0.584, 0.989),
(-0.284, 0.528, 0.971),
(-0.373, 0.406, 1.010),
(-0.384, 0.400, 1.039),
(-0.316, 0.368, 1.034),
(-0.108, 0.252, 0.961),
(-0.059, 0.211, 0.955),
(-0.042, 0.147, 0.967),
(-0.064, 0.082, 0.927),
(-0.314, 0.044, 0.874),
(-0.411, 0.102, 0.897),
(-0.418, 0.131, 0.949),
(-0.267, 0.161, 0.988),
(-0.035, 0.130, 1.011),
(0.105, 0.082, 1.034),
(0.181, 0.035, 0.980),
(0.066, -0.151, 0.684),
(0.192, -0.117, 0.664),
(0.312, -0.090, 0.696),
(0.395, -0.102, 0.699),
(0.522, -0.062, 0.619),
(0.541, -0.018, 0.567),
(0.591, -0.002, 0.462),
(0.615, 0.024, 0.423),
(0.515, 0.004, 0.502),
(0.439, -0.040, 0.497),
(0.448, -0.022, 0.494),
(0.736, 0.141, 0.592),
(0.699, 0.171, 0.655),
(0.583, 0.155, 0.749),
(0.498, 0.108, 0.796),
(0.485, 0.099, 0.797),
(0.521, 0.075, 0.690),
(0.491, 0.021, 0.695),
(0.506, 0.009, 0.651),
(0.530, -0.040, 0.622),
(0.497, -0.074, 0.636),
(0.440, -0.131, 0.671),
(0.373, -0.174, 0.727),
(0.288, -0.212, 0.706),
(0.269, -0.190, 0.706),
(0.237, -0.164, 0.738),
(0.107, -0.158, 0.790),
(-0.052, -0.129, 0.926),
(-0.209, -0.048, 1.050),
(-0.112, 0.182, 1.083),
(-0.002, 0.218, 1.057),
(0.077, 0.168, 0.995),
(0.110, 0.110, 0.952),
(0.068, 0.105, 0.951),
(-0.011, 0.207, 1.042),
(-0.104, 0.370, 1.181),
(-0.170, 0.477, 1.237),
(-0.208, 0.461, 1.109),
(-0.186, 0.418, 1.036),
(-0.166, 0.395, 0.953),
(-0.141, 0.334, 0.923),
(-0.342, 0.628, 0.965),
(-0.358, 0.601, 0.906),
(-0.314, 0.542, 0.859),
(-0.279, 0.524, 0.806),
(-0.276, 0.571, 0.830),
(-0.274, 0.603, 0.870),
(-0.291, 0.624, 0.858),
(-0.313, 0.663, 0.872),
(-0.336, 0.736, 0.899),
(-0.328, 0.726, 0.840),
(-0.365, 0.930, 0.859),
(-0.290, 0.941, 0.877),
(-0.247, 0.962, 0.880),
(-0.137, 1.024, 0.918),
(-0.037, 1.015, 0.959),
(-0.110, 1.000, 1.022),
(-0.163, 0.986, 1.053),
(-0.189, 0.912, 1.043),
(-0.308, 0.836, 0.982),
(-0.358, 0.809, 0.967),
(-0.373, 0.747, 0.966),
(-0.421, 0.581, 0.886),
(-0.416, 0.526, 0.862),
(-0.437, 0.484, 0.843),
(-0.469, 0.463, 0.821),
(-0.477, 0.454, 0.779),
(-0.482, 0.442, 0.762),
(-0.468, 0.447, 0.755),
(-0.447, 0.452, 0.755),
(-0.414, 0.474, 0.766),
(-0.405, 0.474, 0.765),
(-0.412, 0.479, 0.768),
(-0.405, 0.494, 0.765),
(-0.400, 0.524, 0.796),
(-0.408, 0.532, 0.801),
(-0.387, 0.562, 0.820),
(-0.374, 0.574, 0.841),
(-0.357, 0.593, 0.860),
(-0.345, 0.601, 0.874),
(-0.344, 0.616, 0.882),
(-0.339, 0.647, 0.885),
(-0.317, 0.657, 0.890),
(-0.316, 0.688, 0.898),
(-0.317, 0.725, 0.922),
(-0.342, 0.718, 0.927),
(-0.348, 0.748, 0.892),
(-0.317, 0.758, 0.885),
(-0.310, 0.753, 0.881),
(-0.310, 0.748, 0.889),
(-0.299, 0.769, 0.914),
(-0.275, 0.782, 0.925),
(-0.311, 0.815, 0.982),
(-0.344, 0.823, 0.962),
(-0.342, 0.798, 0.919),
(-0.328, 0.808, 0.930),
(-0.303, 0.777, 0.938),
(-0.292, 0.747, 0.975),
(-0.329, 0.690, 1.001),
(-0.386, 0.691, 1.012),
(-0.412, 0.695, 0.959),
(-0.386, 0.646, 0.932),
(-0.333, 0.613, 0.997),
(-0.278, 0.587, 0.975),
(-0.240, 0.584, 0.990),
(-0.247, 0.581, 1.039),
(-0.292, 0.550, 1.048),
(-0.338, 0.507, 1.006),
(-0.367, 0.490, 0.996),
(-0.371, 0.489, 0.949),
(-0.311, 0.465, 1.027),
(-0.203, 0.391, 0.941),
(-0.140, 0.304, 0.905),
(-0.128, 0.250, 0.944),
(-0.070, 0.188, 0.987),
(-0.066, 0.161, 0.979),
(-0.105, 0.176, 0.958),
(-0.173, 0.194, 0.962),
(-0.221, 0.190, 0.953),
(-0.212, 0.141, 0.885),
(-0.180, 0.108, 0.853),
(-0.131, 0.083, 0.860),
(0.160, 0.048, 0.854),
(0.221, 0.019, 0.853),
(0.205, -0.016, 0.857),
(0.079, -0.071, 0.852),
(-0.199, -0.084, 0.810),
(-0.214, -0.067, 0.793),
(-0.159, -0.060, 0.761),
(-0.060, -0.062, 0.735),
(0.240, -0.027, 0.763),
(0.307, 0.011, 0.823),
(0.308, 0.014, 0.854),
(0.303, -0.014, 0.836),
(0.399, -0.042, 0.756),
(0.539, -0.023, 0.684),
(0.652, 0.056, 0.512),
(0.606, 0.024, 0.487),
(0.589, -0.004, 0.473),
(0.634, 0.009, 0.522),
(0.604, -0.012, 0.640),
(0.502, -0.007, 0.785),
(0.514, -0.022, 0.755),
(0.536, -0.036, 0.745),
(0.599, -0.057, 0.675),
(0.247, -0.151, 0.787),
(0.297, -0.133, 0.775),
(0.375, -0.115, 0.773),
(0.307, -0.099, 0.863),
(0.187, -0.067, 0.961),
(0.075, 0.004, 1.067),
(0.086, -0.036, 0.946),
(0.187, -0.020, 0.936),
(0.280, 0.037, 0.934),
(0.345, 0.127, 0.960),
(0.184, 0.170, 0.981),
(-0.044, 0.159, 1.079),
(-0.213, 0.176, 1.127),
(-0.072, 0.201, 0.957),
(0.067, 0.251, 0.910),
(0.152, 0.269, 0.994),
(0.152, 0.282, 0.995),
(0.064, 0.281, 0.937),
(-0.074, 0.267, 0.948),
(-0.199, 0.326, 0.983),
(-0.263, 0.397, 1.001),
(-0.261, 0.429, 0.989),
(-0.216, 0.472, 0.951),
(-0.152, 0.456, 0.854),
(-0.109, 0.411, 0.829),
(-0.087, 0.529, 0.893),
(-0.078, 0.574, 0.883),
(-0.112, 0.562, 0.918),
(-0.165, 0.593, 0.916),
(-0.290, 0.585, 0.813),
(-0.315, 0.538, 0.756),
(-0.320, 0.481, 0.762),
(-0.281, 0.557, 0.815),
(-0.210, 0.660, 0.828),
(-0.218, 0.660, 0.816),
(-0.262, 0.662, 0.753),
(-0.316, 0.694, 0.759),
(-0.333, 0.759, 0.762),
(-0.335, 0.774, 0.797),
(-0.304, 0.819, 0.824),
(-0.331, 0.779, 0.766),
(-0.367, 0.876, 0.744),
(-0.378, 0.935, 0.773),
(-0.371, 0.952, 0.762),
(-0.362, 0.965, 0.779),
(-0.307, 0.984, 0.781),
(-0.262, 0.968, 0.786),
(-0.232, 0.963, 0.817),
(-0.186, 0.997, 0.851),
(-0.176, 1.051, 0.877),
(-0.166, 1.072, 0.881),
(-0.168, 1.053, 0.888),
(-0.203, 1.024, 0.885),
(-0.254, 0.974, 0.860),
(-0.318, 0.926, 0.836),
(-0.336, 0.884, 0.818),
(-0.344, 0.832, 0.795),
(-0.394, 0.723, 0.724),
(-0.389, 0.711, 0.718),
(-0.385, 0.696, 0.699),
(-0.386, 0.684, 0.674),
(-0.394, 0.666, 0.665),
(-0.371, 0.669, 0.654),
(-0.357, 0.675, 0.663),
(-0.358, 0.682, 0.673),
(-0.357, 0.732, 0.694),
(-0.346, 0.766, 0.684),
(-0.341, 0.803, 0.681),
(-0.338, 0.826, 0.684),
(-0.322, 0.888, 0.700),
(-0.281, 0.945, 0.767),
(-0.270, 0.932, 0.760),
(-0.270, 0.922, 0.767),
(-0.271, 0.951, 0.791),
(-0.280, 0.969, 0.880),
(-0.261, 0.945, 0.915),
(-0.266, 0.896, 0.875),
(-0.360, 0.818, 0.905),
(-0.374, 0.800, 0.914),
(-0.397, 0.776, 0.927),
(-0.407, 0.741, 0.917),
(-0.380, 0.705, 0.914),
(-0.367, 0.686, 0.932),
(-0.368, 0.658, 0.931),
(-0.388, 0.629, 0.952),
(-0.386, 0.567, 0.945),
(-0.364, 0.530, 0.939),
(-0.324, 0.450, 0.961),
(-0.277, 0.391, 0.922),
(-0.216, 0.280, 0.917),
(-0.207, 0.242, 0.920),
(-0.248, 0.218, 0.946),
(-0.417, 0.328, 0.994),
(-0.448, 0.372, 1.092),
(-0.348, 0.355, 1.102),
(0.239, 0.097, 0.921),
(0.273, 0.024, 0.936),
(0.218, -0.029, 0.971),
(0.024, -0.025, 1.014),
(-0.405, 0.070, 1.057),
(-0.395, 0.038, 1.014),
(-0.274, 0.017, 0.965),
(-0.082, -0.009, 0.942),
(0.314, -0.074, 0.906),
(0.325, -0.098, 0.907),
(0.223, -0.135, 0.935),
(0.051, -0.118, 0.958),
(0.014, -0.099, 0.961),
(0.135, -0.123, 0.829),
(0.317, -0.120, 0.694),
(0.512, -0.084, 0.601),
(0.685, 0.003, 0.528),
(0.616, -0.024, 0.579),
(0.578, -0.062, 0.507),
(0.552, -0.041, 0.369),
(0.542, 0.078, 0.395),
(0.427, 0.063, 0.450),
(0.334, 0.037, 0.529),
(0.321, 0.033, 0.634),
(0.485, 0.071, 0.792),
(0.580, 0.105, 0.838),
(0.617, 0.117, 0.896),
(0.543, 0.102, 0.937),
(0.442, 0.069, 0.924),
(0.454, -0.088, 0.677),
(0.493, -0.113, 0.618),
(0.540, -0.131, 0.552),
(0.310, -0.182, 0.670),
(0.167, -0.179, 0.666),
(0.053, -0.193, 0.693),
(0.049, -0.262, 0.552),
(0.069, -0.240, 0.652),
(-0.050, -0.123, 0.915),
(-0.168, 0.015, 1.115),
(-0.179, 0.129, 1.180),
(-0.027, 0.180, 1.163),
(0.145, 0.198, 1.060),
(0.246, 0.100, 0.924),
(0.089, 0.158, 1.068),
(-0.148, 0.340, 1.235),
(-0.349, 0.484, 1.294),
(-0.459, 0.564, 1.282),
(-0.325, 0.571, 1.195),
(-0.180, 0.548, 1.117),
(-0.061, 0.497, 1.025),
(0.009, 0.441, 0.983),
(0.019, 0.375, 0.980),
(-0.041, 0.381, 1.043),
(-0.164, 0.469, 1.071),
(-0.280, 0.616, 1.111),
(-0.312, 0.738, 1.018),
(-0.265, 0.737, 0.988),
(-0.219, 0.678, 0.996),
(-0.147, 0.636, 0.919),
(-0.128, 0.521, 0.827),
(-0.137, 0.478, 0.843),
(-0.175, 0.518, 0.855),
(-0.396, 0.714, 0.869),
(-0.377, 0.726, 0.891),
(-0.375, 0.674, 0.853),
(-0.359, 0.637, 0.802),
(-0.231, 0.594, 0.771),
(-0.233, 0.522, 0.770),
(-0.253, 0.514, 0.800),
(-0.257, 0.545, 0.810),
(-0.234, 0.567, 0.846),
(-0.281, 0.605, 0.896),
(-0.284, 0.594, 0.867),
(-0.251, 0.611, 0.858),
(-0.306, 0.718, 0.888),
(-0.340, 0.716, 0.854),
(-0.380, 0.761, 0.851),
(-0.398, 0.806, 0.858),
(-0.387, 0.843, 0.840),
(-0.378, 0.812, 0.819),
(-0.333, 0.827, 0.812),
(-0.333, 0.843, 0.813),
(-0.376, 0.846, 0.804),
(-0.394, 0.869, 0.802),
(-0.374, 0.889, 0.813),
(-0.356, 0.869, 0.819),
(-0.328, 0.827, 0.810),
(-0.327, 0.809, 0.820),
(-0.350, 0.773, 0.831),
(-0.378, 0.749, 0.823),
(-0.383, 0.699, 0.844),
(-0.408, 0.673, 0.842),
(-0.415, 0.662, 0.831),
(-0.404, 0.662, 0.825),
(-0.402, 0.634, 0.810),
(-0.386, 0.635, 0.809),
(-0.370, 0.633, 0.806),
(-0.361, 0.643, 0.811),
(-0.353, 0.656, 0.812),
(-0.356, 0.680, 0.826),
(-0.356, 0.697, 0.829),
(-0.350, 0.713, 0.832),
(-0.319, 0.754, 0.820),
(-0.318, 0.821, 0.908),
(-0.375, 0.779, 0.929),
(-0.342, 0.764, 0.918),
(-0.307, 0.740, 0.981),
(-0.321, 0.730, 1.016),
(-0.385, 0.600, 0.969),
(-0.385, 0.594, 0.970),
(-0.369, 0.572, 1.018),
(-0.324, 0.563, 0.987),
(-0.308, 0.559, 1.000),
(-0.325, 0.521, 1.079),
(-0.237, 0.249, 0.970),
(-0.261, 0.235, 0.990),
(-0.281, 0.237, 1.008),
(-0.250, 0.243, 1.063),
(-0.183, 0.213, 1.033),
(-0.074, 0.166, 1.000),
(0.033, 0.136, 1.001),
(0.124, 0.140, 1.065),
(0.093, 0.099, 1.067),
(0.004, 0.054, 1.023),
(-0.108, 0.058, 0.978),
(-0.229, 0.026, 0.971),
(-0.245, 0.013, 0.991),
(-0.149, -0.030, 0.956),
(-0.022, -0.058, 0.932),
(0.214, -0.011, 0.908),
(0.250, -0.074, 0.893),
(0.210, -0.131, 0.863),
(0.104, -0.147, 0.838),
(-0.064, -0.087, 0.977),
(-0.074, -0.052, 1.029),
(0.021, -0.068, 0.955),
(0.181, -0.079, 0.777),
(0.562, -0.043, 0.487),
(0.705, -0.004, 0.441),
(0.727, 0.045, 0.479),
(0.692, 0.068, 0.493),
(0.624, 0.062, 0.372),
(0.635, 0.044, 0.317),
(0.621, 0.052, 0.417),
(0.605, 0.040, 0.580),
(0.602, 0.030, 0.589),
(0.629, 0.060, 0.570),
(0.593, 0.097, 0.651),
(0.554, 0.092, 0.668),
(0.590, 0.073, 0.740),
(0.584, 0.054, 0.738),
(0.579, 0.034, 0.696),
(0.467, -0.072, 0.639),
(0.432, -0.107, 0.598),
(0.422, -0.124, 0.562),
(0.437, -0.133, 0.547),
(0.483, -0.161, 0.515),
(0.396, -0.180, 0.591),
(0.233, -0.208, 0.731),
(0.030, -0.197, 0.908),
(-0.125, -0.177, 1.004),
(0.187, -0.061, 0.891),
(-0.027, 0.011, 1.060),
(-0.261, 0.124, 1.154),
(-0.281, 0.110, 0.983),
(-0.104, 0.093, 0.952),
(0.030, 0.126, 1.001),
(0.075, 0.200, 1.150),
(-0.026, 0.369, 1.204),
(-0.144, 0.383, 1.149),
(-0.209, 0.319, 1.112),
(-0.223, 0.279, 1.022),
(-0.173, 0.253, 0.941),
(-0.174, 0.284, 1.003),
(-0.205, 0.391, 1.083),
(-0.258, 0.477, 1.122),
(-0.314, 0.558, 1.151),
(-0.371, 0.573, 1.091),
(-0.383, 0.561, 1.063),
(-0.336, 0.570, 1.046),
(-0.231, 0.499, 0.885),
(-0.208, 0.467, 0.820),
(-0.199, 0.470, 0.849),
(-0.231, 0.564, 0.918),
(-0.335, 0.703, 0.935),
(-0.380, 0.733, 0.938),
(-0.401, 0.722, 0.904),
(-0.378, 0.711, 0.872),
(-0.260, 0.730, 0.868),
(-0.252, 0.640, 0.834),
(-0.253, 0.612, 0.815),
(-0.250, 0.623, 0.798),
(-0.264, 0.658, 0.799),
(-0.281, 0.675, 0.826),
(-0.326, 0.697, 0.873),
(-0.368, 0.688, 0.880),
(-0.384, 0.691, 0.835),
(-0.381, 0.711, 0.841),
(-0.362, 0.677, 0.829),
(-0.356, 0.646, 0.836),
(-0.375, 0.685, 0.864),
(-0.373, 0.682, 0.880),
(-0.384, 0.695, 0.877),
(-0.389, 0.710, 0.883),
(-0.397, 0.742, 0.888),
(-0.355, 0.739, 0.877),
(-0.339, 0.748, 0.875),
(-0.338, 0.747, 0.887),
(-0.327, 0.741, 0.883),
(-0.350, 0.725, 0.885),
(-0.351, 0.698, 0.866),
(-0.352, 0.704, 0.878),
(-0.389, 0.673, 0.882),
(-0.397, 0.520, 0.829),
(-0.400, 0.505, 0.821),
(-0.392, 0.504, 0.830),
(-0.405, 0.486, 0.815),
(-0.409, 0.466, 0.811),
(-0.414, 0.471, 0.801),
(-0.408, 0.498, 0.807),
(-0.379, 0.524, 0.805),
(-0.374, 0.545, 0.812),
(-0.367, 0.583, 0.821),
(-0.368, 0.604, 0.818),
(-0.353, 0.635, 0.830),
(-0.347, 0.657, 0.837),
(-0.361, 0.669, 0.846),
(-0.357, 0.666, 0.845),
(-0.348, 0.706, 0.847),
(-0.375, 0.733, 0.852),
(-0.400, 0.758, 0.848),
(-0.382, 0.785, 0.837),
(-0.349, 0.801, 0.835),
(-0.333, 0.813, 0.861),
(-0.329, 0.804, 0.883),
(-0.316, 0.764, 0.874),
(-0.319, 0.734, 0.888),
(-0.346, 0.727, 0.904),
(-0.376, 0.719, 0.904),
(-0.390, 0.702, 0.892),
(-0.371, 0.656, 0.910),
(-0.370, 0.658, 0.910),
(-0.373, 0.668, 0.923),
(-0.385, 0.676, 0.944),
(-0.376, 0.626, 0.927),
(-0.389, 0.614, 0.951),
(-0.382, 0.571, 0.917),
(-0.373, 0.534, 0.933),
(-0.337, 0.490, 0.958),
(-0.304, 0.503, 1.004),
(-0.294, 0.492, 0.912),
(-0.337, 0.435, 0.905),
(-0.428, 0.320, 0.990),
(-0.388, 0.319, 1.015),
(-0.284, 0.304, 1.013),
(-0.177, 0.268, 1.013),
(-0.114, 0.258, 1.013),
(-0.164, 0.238, 1.028),
(-0.257, 0.223, 1.009),
(-0.349, 0.238, 0.969),
(-0.381, 0.238, 1.000),
(-0.292, 0.251, 0.986),
(-0.147, 0.232, 0.961),
(-0.018, 0.224, 0.977),
(0.063, 0.219, 1.024),
(0.087, 0.181, 1.047),
(0.013, 0.118, 1.032),
(-0.117, 0.065, 0.994),
(-0.208, 0.040, 0.981),
(-0.115, 0.029, 0.953),
(-0.006, 0.020, 0.941),
(0.067, 0.002, 0.969),
(0.086, 0.009, 0.962),
(0.077, -0.024, 0.904),
(0.067, -0.069, 0.852),
(0.054, -0.109, 0.810),
(0.077, -0.114, 0.796),
(0.381, -0.075, 0.753),
(0.413, -0.041, 0.731),
(0.445, -0.055, 0.694),
(0.382, -0.073, 0.676),
(0.351, -0.071, 0.712),
(0.360, -0.044, 0.696),
(0.380, -0.022, 0.720),
(0.299, -0.020, 0.872),
(0.267, -0.026, 0.935),
(0.284, -0.009, 0.938),
(0.301, 0.017, 0.927),
(0.308, 0.055, 0.913),
(0.328, 0.074, 0.886),
(0.331, 0.071, 0.873),
(0.356, 0.063, 0.827),
(0.404, 0.039, 0.769),
(0.423, 0.039, 0.753),
(0.444, 0.025, 0.762),
(0.426, -0.003, 0.784),
(0.347, -0.083, 0.801),
(0.346, -0.116, 0.780),
(0.417, -0.127, 0.737),
(0.481, -0.122, 0.714),
(0.468, -0.110, 0.755),
(0.373, -0.098, 0.840),
(0.280, -0.116, 0.862),
(0.236, -0.158, 0.813),
(0.181, -0.186, 0.714),
(0.204, -0.217, 0.670),
(0.227, -0.218, 0.667),
(0.167, -0.138, 0.827),
(-0.142, 0.055, 1.141),
(-0.263, 0.030, 1.049),
(-0.306, -0.001, 0.956),
(-0.200, -0.010, 0.875),
(0.055, -0.041, 0.845),
(0.050, 0.026, 0.950),
(-0.008, 0.095, 1.098),
(-0.130, 0.210, 1.181),
(-0.274, 0.273, 1.103),
(-0.259, 0.216, 1.015),
(-0.172, 0.172, 0.956),
(-0.094, 0.171, 0.952),
(-0.105, 0.281, 1.002),
(-0.168, 0.379, 1.006),
(-0.218, 0.436, 1.028),
(-0.264, 0.461, 1.071),
(-0.272, 0.458, 1.032),
(-0.235, 0.416, 1.024),
(-0.192, 0.393, 0.920),
(-0.163, 0.342, 0.909),
(-0.168, 0.469, 0.975),
(-0.210, 0.489, 0.958),
(-0.281, 0.503, 0.938),
(-0.349, 0.550, 0.969),
(-0.388, 0.648, 0.990),
(-0.365, 0.606, 0.956),
(-0.313, 0.582, 0.903),
(-0.299, 0.557, 0.932),
(-0.316, 0.525, 0.820),
(-0.337, 0.546, 0.824),
(-0.344, 0.596, 0.877),
(-0.358, 0.629, 0.918),
(-0.407, 0.660, 0.897),
(-0.362, 0.697, 0.902),
(-0.362, 0.653, 0.855),
(-0.367, 0.685, 0.883),
(-0.352, 0.736, 0.944),
(-0.247, 0.750, 0.985),
(-0.277, 0.752, 0.997),
(-0.260, 0.709, 1.003),
(-0.260, 0.711, 1.002),
(-0.273, 0.708, 0.989),
(-0.368, 0.645, 0.917),
(-0.384, 0.613, 0.882),
(-0.389, 0.610, 0.857),
(-0.394, 0.585, 0.843),
(-0.420, 0.550, 0.800),
(-0.419, 0.569, 0.816),
(-0.424, 0.597, 0.812),
(-0.422, 0.615, 0.820),
(-0.394, 0.651, 0.835),
(-0.410, 0.683, 0.857),
(-0.410, 0.698, 0.865),
(-0.387, 0.706, 0.882),
(-0.369, 0.719, 0.914),
(-0.367, 0.710, 0.901),
(-0.357, 0.680, 0.887),
(-0.341, 0.666, 0.888),
(-0.365, 0.660, 0.948),
(-0.387, 0.650, 0.959),
(-0.389, 0.634, 0.945),
(-0.372, 0.615, 0.946),
(-0.362, 0.589, 0.961),
(-0.367, 0.584, 1.004),
(-0.379, 0.589, 1.004),
(-0.387, 0.575, 0.966),
(-0.372, 0.557, 0.983),
(-0.331, 0.517, 0.986),
(-0.291, 0.480, 0.975),
(-0.290, 0.477, 0.998),
(-0.340, 0.466, 1.005),
(-0.344, 0.449, 0.986),
(-0.341, 0.446, 0.955),
(-0.344, 0.456, 0.936),
(-0.360, 0.430, 0.956),
(-0.334, 0.436, 0.999),
(-0.268, 0.411, 0.981),
(-0.201, 0.360, 0.971),
(-0.145, 0.334, 0.969),
(-0.242, 0.364, 0.980),
(-0.051, 0.224, 0.987),
(0.015, 0.193, 0.994),
(0.041, 0.191, 1.014),
(0.049, 0.174, 1.025),
(-0.026, 0.147, 0.953),
(-0.114, 0.145, 0.952),
(-0.216, 0.149, 0.943),
(-0.282, 0.181, 0.927),
(-0.148, 0.153, 0.882),
(-0.049, 0.138, 0.877),
(0.043, 0.115, 0.861),
(0.140, 0.079, 0.873),
(0.207, 0.047, 0.898),
(0.212, 0.052, 0.875),
(0.251, 0.039, 0.913),
(0.239, 0.016, 0.927),
(0.030, -0.001, 0.971),
(0.031, 0.014, 0.968),
(0.080, 0.027, 0.958),
(0.149, 0.024, 0.927),
(0.312, 0.004, 0.826),
(0.347, 0.022, 0.802),
(0.328, 0.011, 0.740),
(0.337, -0.009, 0.700),
(0.300, -0.055, 0.812),
(0.296, -0.066, 0.815),
(0.320, -0.058, 0.805),
(0.340, -0.047, 0.811),
(0.281, -0.028, 0.902),
(0.242, -0.039, 0.938),
(0.215, -0.048, 0.977),
(0.205, -0.050, 1.010),
(0.237, -0.026, 0.994),
(0.331, -0.072, 0.855),
(0.331, -0.133, 0.875),
(0.320, -0.125, 0.889),
(0.296, -0.118, 0.888),
(0.179, -0.160, 0.789),
(0.123, -0.176, 0.794),
(0.027, -0.147, 0.857),
(-0.043, -0.078, 0.949),
(-0.095, -0.032, 1.000),
(-0.054, -0.022, 0.924),
(0.013, -0.026, 0.854),
(0.062, -0.040, 0.822),
(0.040, 0.028, 0.978),
(-0.058, 0.138, 1.148),
(-0.126, 0.235, 1.201),
(-0.167, 0.256, 1.115),
(-0.158, 0.146, 0.990),
(-0.115, 0.132, 0.943),
(-0.079, 0.116, 0.902),
(-0.068, 0.095, 0.896),
(-0.105, 0.156, 0.943),
(-0.137, 0.245, 0.978),
(-0.159, 0.322, 1.043),
(-0.186, 0.329, 1.057),
(-0.251, 0.275, 0.989),
(-0.272, 0.273, 0.980),
(-0.263, 0.266, 0.981),
(-0.221, 0.265, 0.940),
(-0.240, 0.331, 0.949),
(-0.270, 0.403, 0.953),
(-0.307, 0.436, 0.947),
(-0.343, 0.455, 0.974),
(-0.304, 0.502, 0.991),
(-0.249, 0.471, 0.944),
(-0.245, 0.427, 0.907),
(-0.281, 0.467, 0.908),
(-0.251, 0.673, 0.975),
(-0.246, 0.584, 0.907),
(-0.290, 0.566, 0.895),
(-0.333, 0.628, 0.925),
(-0.349, 0.575, 0.891),
(-0.338, 0.545, 0.875),
(-0.338, 0.591, 0.918),
(-0.327, 0.645, 0.921),
(-0.356, 0.694, 0.967),
(-0.348, 0.643, 0.932),
(-0.333, 0.602, 0.917),
(-0.300, 0.606, 0.915),
(-0.305, 0.594, 0.913),
(-0.326, 0.556, 0.884),
(-0.346, 0.582, 0.905),
(-0.346, 0.570, 0.903),
(-0.349, 0.533, 0.905),
(-0.359, 0.518, 0.868),
(-0.379, 0.497, 0.831),
(-0.414, 0.588, 0.900),
(-0.414, 0.580, 0.898),
(-0.411, 0.584, 0.875),
(-0.364, 0.579, 0.865),
(-0.370, 0.580, 0.895),
(-0.377, 0.581, 0.902),
(-0.357, 0.600, 0.907),
(-0.326, 0.628, 0.941),
(-0.305, 0.616, 0.952),
(-0.279, 0.620, 0.981),
(-0.273, 0.613, 1.001),
(-0.273, 0.612, 1.039),
(-0.262, 0.593, 1.041),
(-0.264, 0.567, 1.038),
(-0.297, 0.541, 1.028),
(-0.345, 0.496, 1.018),
(-0.366, 0.473, 0.996),
(-0.378, 0.477, 0.981),
(-0.392, 0.464, 0.961),
(-0.431, 0.478, 0.920),
(-0.427, 0.496, 0.914),
(-0.435, 0.501, 0.913),
(-0.434, 0.524, 0.913),
(-0.407, 0.549, 0.887),
(-0.400, 0.582, 0.900),
(-0.404, 0.606, 0.913),
(-0.391, 0.631, 0.907),
(-0.378, 0.680, 0.907),
(-0.404, 0.718, 0.927),
(-0.406, 0.757, 0.917),
(-0.386, 0.789, 0.933),
(-0.331, 0.787, 0.913),
(-0.329, 0.775, 0.935),
(-0.335, 0.732, 0.939),
(-0.351, 0.718, 0.958),
(-0.372, 0.708, 0.962),
(-0.382, 0.685, 0.929),
(-0.373, 0.676, 0.926),
(-0.372, 0.662, 0.915),
(-0.292, 0.616, 0.907),
(-0.297, 0.626, 0.936),
(-0.333, 0.641, 0.947),
(-0.377, 0.650, 0.937),
(-0.393, 0.695, 0.926),
(-0.354, 0.687, 0.895),
(-0.299, 0.667, 0.921),
(-0.263, 0.684, 1.005),
(-0.161, 0.535, 0.886),
(-0.181, 0.451, 0.897),
(-0.249, 0.419, 0.958),
(-0.316, 0.418, 0.988),
(-0.361, 0.431, 0.922),
(-0.348, 0.455, 0.931),
(-0.304, 0.460, 0.962),
(-0.252, 0.426, 1.004),
(-0.077, 0.289, 0.958),
(-0.002, 0.232, 0.946),
(0.018, 0.183, 0.971),
(-0.010, 0.144, 0.970),
(-0.100, 0.131, 0.971),
(-0.191, 0.152, 0.992),
(-0.242, 0.156, 0.987),
(-0.220, 0.136, 0.933),
(-0.102, 0.032, 0.910),
(-0.025, 0.004, 0.917),
(0.072, -0.023, 0.923),
(0.127, -0.035, 0.918),
(0.068, -0.071, 0.916),
(0.068, -0.104, 0.876),
(0.043, -0.114, 0.855),
(0.069, -0.069, 0.878),
(0.135, -0.083, 0.888),
(0.141, -0.125, 0.843),
(0.175, -0.150, 0.791),
(0.218, -0.141, 0.764),
(0.306, -0.061, 0.809),
(0.337, -0.039, 0.822),
(0.341, -0.041, 0.792),
(0.323, -0.041, 0.755),
(0.303, -0.018, 0.844),
(0.323, -0.007, 0.865),
(0.327, 0.022, 0.881),
(0.330, 0.053, 0.898),
(0.372, 0.075, 0.833),
(0.427, 0.032, 0.717),
(0.373, -0.006, 0.769),
(0.348, -0.028, 0.797),
(0.400, 0.011, 0.832),
(0.375, 0.014, 0.845),
(0.351, 0.006, 0.869),
(0.354, 0.010, 0.870),
(0.353, -0.001, 0.887),
(0.360, -0.015, 0.910),
(0.367, -0.021, 0.909),
(0.377, -0.011, 0.907),
(0.444, -0.026, 0.874),
(0.453, -0.034, 0.860),
(0.444, -0.038, 0.832),
(0.442, -0.052, 0.811),
(0.426, -0.110, 0.770),
(0.421, -0.116, 0.773),
(0.419, -0.136, 0.803),
(0.445, -0.176, 0.809),
(0.382, -0.151, 0.785),
(0.333, -0.147, 0.775),
(0.276, -0.159, 0.813),
(0.187, -0.152, 0.840),
(0.056, -0.147, 0.829),
(0.071, -0.118, 0.821),
(0.111, -0.084, 0.831),
(0.102, -0.036, 0.964),
(0.039, -0.011, 0.965),
(-0.038, -0.007, 0.976),
(-0.094, -0.005, 0.936),
(-0.110, -0.017, 0.907),
(-0.094, 0.046, 0.955),
(-0.040, 0.160, 1.026),
(-0.016, 0.245, 1.099),
(-0.033, 0.227, 1.052),
(-0.040, 0.174, 0.979),
(-0.069, 0.145, 0.919),
(-0.107, 0.136, 0.931),
(-0.170, 0.291, 1.086),
(-0.171, 0.385, 1.133),
(-0.181, 0.437, 1.112),
(-0.180, 0.461, 1.103),
(-0.163, 0.487, 1.060),
(-0.158, 0.502, 1.088),
(-0.113, 0.485, 1.046),
(-0.068, 0.476, 1.008),
(-0.080, 0.562, 1.058),
(-0.130, 0.542, 1.057),
(-0.152, 0.571, 1.066),
(-0.114, 0.639, 1.087),
(-0.052, 0.684, 1.093),
(-0.060, 0.656, 1.050),
(-0.113, 0.609, 1.021),
(-0.135, 0.579, 0.994),
(-0.087, 0.534, 0.935),
(-0.063, 0.517, 0.914),
(-0.050, 0.477, 0.855),
(-0.086, 0.480, 0.861),
(-0.104, 0.501, 0.874),
(-0.116, 0.482, 0.867),
(-0.147, 0.485, 0.857),
(-0.170, 0.499, 0.875),
(-0.204, 0.465, 0.799),
(-0.209, 0.531, 0.829),
(-0.195, 0.537, 0.828),
(-0.219, 0.563, 0.868),
(-0.258, 0.556, 0.858),
(-0.261, 0.550, 0.860),
(-0.265, 0.537, 0.867),
(-0.279, 0.536, 0.867),
(-0.305, 0.553, 0.877),
(-0.326, 0.593, 0.933),
(-0.294, 0.619, 0.970),
(-0.257, 0.636, 0.992),
(-0.231, 0.663, 1.016),
(-0.163, 0.651, 1.069),
(-0.138, 0.651, 1.095),
(-0.144, 0.632, 1.111),
(-0.155, 0.612, 1.127),
(-0.179, 0.601, 1.122),
(-0.356, 0.547, 0.997),
(-0.381, 0.535, 0.957),
(-0.395, 0.526, 0.910),
(-0.424, 0.517, 0.836),
(-0.431, 0.642, 0.795),
(-0.422, 0.671, 0.794),
(-0.403, 0.711, 0.807),
(-0.341, 0.813, 0.857),
(-0.334, 0.819, 0.888),
(-0.341, 0.798, 0.905),
(-0.345, 0.764, 0.895),
(-0.353, 0.757, 0.897),
(-0.379, 0.764, 0.917),
(-0.408, 0.767, 0.954),
(-0.414, 0.752, 0.978),
(-0.396, 0.659, 0.918),
(-0.408, 0.636, 0.969),
(-0.432, 0.597, 0.975),
(-0.445, 0.583, 0.969),
(-0.413, 0.599, 0.994),
(-0.383, 0.598, 1.008),
(-0.350, 0.591, 1.038),
(-0.328, 0.571, 1.026),
(-0.305, 0.455, 1.011),
(-0.355, 0.431, 1.068),
(-0.412, 0.434, 1.125),
(-0.413, 0.426, 1.074),
(-0.366, 0.393, 1.000),
(-0.322, 0.347, 1.047),
(-0.266, 0.207, 0.977),
(-0.344, 0.184, 0.965),
(-0.433, 0.171, 1.012),
(-0.149, 0.146, 1.033),
(0.031, 0.167, 1.014),
(0.118, 0.150, 0.967),
(0.075, 0.064, 0.975),
(-0.245, -0.045, 0.957),
(-0.341, -0.014, 0.966),
(-0.314, 0.028, 0.997),
(-0.199, 0.034, 0.970),
(0.189, 0.007, 0.928),
(0.325, -0.045, 0.910),
(0.333, -0.092, 0.885),
(0.210, -0.110, 0.874),
(-0.099, -0.118, 0.830),
(-0.135, -0.098, 0.853),
(-0.068, -0.054, 0.818),
(0.062, -0.033, 0.731),
(0.215, -0.017, 0.665),
(0.347, 0.015, 0.599),
(0.444, 0.041, 0.582),
(0.493, 0.049, 0.592),
(0.512, 0.065, 0.652),
(0.517, 0.081, 0.737),
(0.559, 0.072, 0.692),
(0.585, 0.056, 0.667),
(0.516, 0.033, 0.658),
(0.490, 0.018, 0.628),
(0.507, 0.010, 0.636),
(0.669, 0.053, 0.596),
(0.688, 0.061, 0.557),
(0.675, 0.067, 0.543),
(0.618, -0.008, 0.629),
(0.587, -0.043, 0.643),
(0.575, -0.071, 0.700),
(0.572, -0.084, 0.774),
(0.481, -0.065, 0.830),
(0.442, -0.019, 0.828),
(0.422, 0.006, 0.742),
(0.376, -0.004, 0.660),
(0.213, -0.100, 0.678),
(0.135, -0.089, 0.750),
(0.044, -0.042, 0.876),
(-0.048, -0.012, 0.942),
(-0.112, 0.021, 0.918),
(-0.017, 0.065, 0.932),
(-0.066, 0.101, 1.010),
(-0.141, 0.159, 1.049),
(-0.079, 0.217, 0.984),
(0.009, 0.242, 1.014),
(0.045, 0.246, 1.035),
(-0.207, 0.272, 0.997),
(-0.312, 0.313, 0.947),
(-0.349, 0.335, 0.907),
(-0.036, 0.407, 1.048),
(0.011, 0.406, 1.049),
(-0.067, 0.409, 1.068),
(-0.185, 0.449, 1.054),
(-0.320, 0.452, 0.974),
(-0.314, 0.505, 0.969),
(-0.245, 0.539, 0.980),
(-0.038, 0.552, 0.986),
(-0.099, 0.559, 1.031),
(-0.185, 0.611, 1.005),
(-0.269, 0.671, 0.950),
(-0.269, 0.654, 0.942),
(-0.251, 0.673, 0.979),
(-0.205, 0.706, 0.996),
(-0.130, 0.600, 0.888),
(-0.130, 0.565, 0.878),
(-0.172, 0.598, 0.907),
(-0.250, 0.655, 0.938),
(-0.318, 0.704, 0.894),
(-0.288, 0.667, 0.861),
(-0.243, 0.632, 0.868),
(-0.220, 0.624, 0.868),
(-0.217, 0.574, 0.823),
(-0.225, 0.531, 0.821),
(-0.240, 0.552, 0.870),
(-0.275, 0.530, 0.883),
(-0.309, 0.537, 0.902),
(-0.290, 0.546, 0.898),
(-0.281, 0.555, 0.902),
(-0.277, 0.585, 0.923),
(-0.301, 0.564, 0.906),
(-0.330, 0.576, 0.924),
(-0.337, 0.571, 0.930),
(-0.332, 0.542, 0.901),
(-0.315, 0.573, 0.920),
(-0.300, 0.571, 0.934),
(-0.301, 0.560, 0.933),
(-0.307, 0.578, 0.932),
(-0.303, 0.613, 0.937),
(-0.309, 0.605, 0.940),
(-0.311, 0.589, 0.936),
(-0.306, 0.591, 0.953),
(-0.362, 0.503, 0.947),
(-0.357, 0.506, 0.953),
(-0.365, 0.520, 0.962),
(-0.379, 0.537, 0.952),
(-0.387, 0.573, 0.932),
(-0.376, 0.588, 0.929),
(-0.368, 0.612, 0.927),
(-0.382, 0.640, 0.938),
(-0.377, 0.649, 0.932),
(-0.380, 0.674, 0.936),
(-0.378, 0.681, 0.926),
(-0.341, 0.720, 0.906),
(-0.347, 0.718, 0.915),
(-0.363, 0.731, 0.908),
(-0.376, 0.736, 0.908),
(-0.370, 0.729, 0.895),
(-0.358, 0.708, 0.890),
(-0.368, 0.692, 0.900),
(-0.375, 0.682, 0.904),
(-0.434, 0.715, 0.915),
(-0.409, 0.700, 0.881),
(-0.394, 0.670, 0.880),
(-0.389, 0.637, 0.865),
(-0.370, 0.593, 0.880),
(-0.357, 0.590, 0.866),
(-0.318, 0.505, 0.836),
(-0.306, 0.467, 0.867),
(-0.309, 0.525, 0.979),
(-0.240, 0.577, 1.045),
(-0.165, 0.596, 1.089),
(-0.155, 0.414, 0.994),
(-0.241, 0.335, 0.950),
(-0.334, 0.293, 0.954),
(-0.368, 0.309, 1.002),
(-0.214, 0.228, 0.935),
(-0.134, 0.174, 0.963),
(-0.064, 0.127, 0.997),
(-0.007, 0.093, 0.993),
(-0.008, 0.067, 0.937),
(-0.075, 0.076, 0.931),
(-0.131, 0.090, 0.927),
(-0.194, 0.096, 0.932),
(-0.051, 0.043, 0.886),
(0.073, 0.040, 0.911),
(0.163, 0.051, 0.939),
(0.211, 0.052, 0.999),
(0.132, 0.048, 1.008),
(0.074, 0.042, 0.997),
(0.050, 0.044, 0.904),
(0.146, 0.050, 0.855),
(0.247, 0.058, 0.818),
(0.307, -0.026, 0.667),
(0.332, -0.016, 0.656),
(0.395, -0.007, 0.700),
(0.464, -0.014, 0.703),
(0.603, 0.017, 0.627),
(0.635, 0.027, 0.616),
(0.621, 0.025, 0.615),
(0.574, 0.019, 0.612),
(0.507, 0.019, 0.562),
(0.521, 0.040, 0.555),
(0.526, 0.044, 0.552),
(0.506, 0.033, 0.583),
(0.515, 0.025, 0.604),
(0.516, 0.001, 0.685),
(0.530, -0.014, 0.744),
(0.549, -0.011, 0.761),
(0.567, -0.028, 0.788),
(0.597, -0.052, 0.768),
(0.584, -0.075, 0.746),
(0.476, -0.088, 0.772),
(0.224, -0.106, 0.885),
(0.206, -0.080, 0.916),
(0.233, -0.031, 0.869),
(0.244, -0.006, 0.832),
(0.176, -0.077, 0.827),
(0.119, -0.095, 0.783),
(0.044, -0.092, 0.813),
(-0.027, -0.040, 0.930),
(-0.080, 0.051, 1.054),
(0.067, 0.031, 0.931),
(-0.042, 0.106, 1.045),
(-0.152, 0.187, 1.122),
(-0.155, 0.282, 1.046),
(-0.083, 0.246, 0.997),
(-0.024, 0.224, 0.969),
(-0.013, 0.206, 0.926),
(-0.148, 0.241, 1.042),
(-0.220, 0.385, 1.122),
(-0.291, 0.467, 1.091),
(-0.305, 0.493, 1.057),
(-0.222, 0.454, 0.988),
(-0.182, 0.411, 0.954),
(-0.153, 0.363, 0.908),
(-0.155, 0.351, 0.896),
(-0.184, 0.450, 1.014),
(-0.203, 0.552, 1.006),
(-0.250, 0.648, 0.991),
(-0.255, 0.625, 0.998),
(-0.245, 0.599, 0.979),
(-0.230, 0.571, 0.958),
(-0.194, 0.573, 0.910),
(-0.159, 0.528, 0.893),
(-0.179, 0.515, 0.909),
(-0.280, 0.585, 0.920),
(-0.253, 0.583, 0.926),
(-0.216, 0.554, 0.888),
(-0.243, 0.562, 0.882),
(-0.285, 0.611, 0.902),
(-0.328, 0.618, 0.907),
(-0.346, 0.618, 0.897),
(-0.295, 0.554, 0.885),
(-0.259, 0.536, 0.854),
(-0.266, 0.493, 0.837),
(-0.269, 0.496, 0.844),
(-0.271, 0.526, 0.872),
(-0.295, 0.521, 0.884),
(-0.312, 0.529, 0.899),
(-0.317, 0.550, 0.918),
(-0.338, 0.541, 0.903),
(-0.403, 0.613, 0.911),
(-0.420, 0.621, 0.898),
(-0.416, 0.627, 0.887),
(-0.361, 0.628, 0.894),
(-0.358, 0.639, 0.899),
(-0.363, 0.630, 0.918),
(-0.377, 0.604, 0.895),
(-0.376, 0.614, 0.890),
(-0.366, 0.592, 0.890),
(-0.354, 0.597, 0.891),
(-0.353, 0.604, 0.894),
(-0.364, 0.604, 0.900),
(-0.380, 0.579, 0.894),
(-0.384, 0.570, 0.886),
(-0.390, 0.553, 0.878),
(-0.402, 0.535, 0.867),
(-0.396, 0.535, 0.860),
(-0.404, 0.527, 0.848),
(-0.408, 0.531, 0.846),
(-0.414, 0.529, 0.842),
(-0.414, 0.547, 0.838),
(-0.426, 0.536, 0.839),
(-0.437, 0.535, 0.832),
(-0.430, 0.553, 0.828),
(-0.423, 0.603, 0.847),
(-0.419, 0.632, 0.847),
(-0.424, 0.655, 0.844),
(-0.422, 0.683, 0.849),
(-0.413, 0.688, 0.855),
(-0.358, 0.702, 0.871),
(-0.390, 0.717, 0.895),
(-0.401, 0.716, 0.877),
(-0.402, 0.720, 0.881),
(-0.407, 0.715, 0.892),
(-0.406, 0.702, 0.869),
(-0.373, 0.692, 0.890),
(-0.400, 0.692, 0.918),
(-0.407, 0.704, 0.908),
(-0.413, 0.715, 0.882),
(-0.401, 0.718, 0.890),
(-0.398, 0.692, 0.946),
(-0.405, 0.684, 0.944),
(-0.405, 0.668, 0.931),
(-0.422, 0.666, 0.944),
(-0.426, 0.649, 0.893),
(-0.415, 0.646, 0.894),
(-0.404, 0.643, 0.945),
(-0.389, 0.633, 0.992),
(-0.317, 0.552, 0.886),
(-0.292, 0.476, 0.877),
(-0.317, 0.436, 0.916),
(-0.351, 0.434, 0.938),
(-0.373, 0.422, 0.925),
(-0.359, 0.425, 0.950),
(-0.310, 0.444, 0.963),
(-0.245, 0.446, 0.962),
(-0.086, 0.422, 0.993),
(-0.364, 0.245, 0.971),
(-0.376, 0.257, 0.966),
(-0.331, 0.266, 0.987),
(0.061, 0.204, 0.917),
(-0.208, 0.137, 0.982),
(0.145, 0.122, 0.927),
(0.269, 0.088, 0.877),
(0.309, 0.065, 0.850),
(0.290, 0.037, 0.844),
(0.197, -0.033, 0.752),
(0.182, -0.020, 0.723),
(0.228, 0.009, 0.702),
(0.305, 0.032, 0.701),
(0.371, 0.047, 0.736),
(0.426, 0.064, 0.695),
(0.363, 0.065, 0.726),
(0.353, 0.088, 0.742),
(0.385, 0.096, 0.806),
(0.375, 0.101, 0.841),
(0.407, 0.114, 0.819),
(0.393, 0.105, 0.813),
(0.328, 0.057, 0.776),
(0.342, 0.039, 0.791),
(0.375, 0.039, 0.772),
(0.432, 0.034, 0.744),
(0.498, 0.014, 0.690),
(0.446, -0.018, 0.699),
(0.390, -0.062, 0.698),
(0.361, -0.102, 0.706),
(0.299, -0.112, 0.769),
(0.239, -0.113, 0.816),
(0.205, -0.115, 0.816),
(0.179, -0.125, 0.812),
(0.142, -0.128, 0.781),
(0.129, -0.083, 0.774),
(0.110, -0.013, 0.833),
(0.073, 0.038, 0.920),
(-0.055, 0.109, 0.978),
(-0.093, 0.096, 0.943),
(-0.107, 0.069, 0.915),
(-0.095, 0.072, 0.894),
(0.025, 0.158, 0.988),
(0.026, 0.234, 1.064),
(-0.036, 0.297, 1.123),
(-0.112, 0.346, 1.122),
(-0.254, 0.311, 0.957),
(-0.289, 0.266, 0.908),
(-0.233, 0.273, 0.911),
(-0.160, 0.333, 0.959),
(-0.028, 0.432, 1.077),
(-0.066, 0.457, 1.098),
(-0.163, 0.448, 1.114),
(-0.254, 0.481, 1.098),
(-0.384, 0.531, 1.047),
(-0.354, 0.476, 0.978),
(-0.270, 0.469, 0.941),
(-0.175, 0.516, 0.994),
(-0.079, 0.576, 1.000),
(-0.120, 0.586, 1.035),
(-0.226, 0.572, 0.959),
(-0.215, 0.590, 0.954),
(-0.199, 0.562, 0.935),
(-0.213, 0.569, 0.882),
(-0.257, 0.562, 0.889),
(-0.307, 0.589, 0.912),
(-0.349, 0.602, 0.909),
(-0.330, 0.570, 0.874),
(-0.312, 0.571, 0.879),
(-0.317, 0.532, 0.865),
(-0.335, 0.505, 0.837),
(-0.369, 0.535, 0.828),
(-0.387, 0.556, 0.842),
(-0.414, 0.602, 0.875),
(-0.465, 0.659, 0.890),
(-0.488, 0.765, 0.883),
(-0.430, 0.823, 0.898),
(-0.424, 0.787, 0.853),
(-0.404, 0.783, 0.843),
(-0.328, 0.844, 0.890),
(-0.292, 0.852, 0.933),
(-0.275, 0.835, 0.953),
(-0.260, 0.836, 0.986),
(-0.202, 0.843, 1.033),
(-0.225, 0.812, 1.028),
(-0.255, 0.782, 1.013),
(-0.301, 0.764, 1.004),
(-0.339, 0.731, 0.979),
(-0.376, 0.702, 0.957),
(-0.403, 0.657, 0.919),
(-0.425, 0.610, 0.887),
(-0.455, 0.555, 0.832),
(-0.461, 0.529, 0.813),
(-0.468, 0.498, 0.792),
(-0.473, 0.477, 0.763),
(-0.470, 0.498, 0.772),
(-0.489, 0.455, 0.752),
(-0.494, 0.457, 0.733),
(-0.494, 0.478, 0.735),
(-0.481, 0.494, 0.737),
(-0.467, 0.529, 0.740),
(-0.445, 0.559, 0.750),
(-0.434, 0.598, 0.763),
(-0.414, 0.669, 0.794),
(-0.359, 0.766, 0.812),
(-0.362, 0.788, 0.817),
(-0.371, 0.808, 0.829),
(-0.354, 0.840, 0.864),
(-0.349, 0.826, 0.873),
(-0.372, 0.802, 0.878),
(-0.390, 0.773, 0.875),
(-0.421, 0.746, 0.894),
(-0.452, 0.742, 0.898),
(-0.465, 0.729, 0.877),
(-0.452, 0.710, 0.868),
(-0.436, 0.661, 0.903),
(-0.427, 0.625, 0.926),
(-0.429, 0.590, 0.931),
(-0.454, 0.585, 0.946),
(-0.482, 0.588, 0.928),
(-0.379, 0.516, 0.967),
(-0.330, 0.506, 0.984),
(-0.299, 0.500, 1.004),
(-0.375, 0.431, 1.003),
(-0.402, 0.410, 0.953),
(-0.400, 0.401, 0.913),
(-0.191, 0.361, 1.004),
(-0.071, 0.318, 0.970),
(-0.012, 0.264, 0.972),
(-0.122, 0.154, 0.996),
(-0.324, 0.303, 1.063),
(-0.229, 0.327, 1.071),
(-0.085, 0.307, 1.041),
(0.082, 0.285, 1.012),
(0.177, 0.160, 1.058),
(0.057, 0.116, 1.051),
(-0.046, 0.070, 1.007),
(-0.098, 0.037, 0.942),
(-0.045, 0.012, 0.908),
(0.043, 0.018, 0.907),
(0.142, 0.004, 0.895),
(0.207, -0.037, 0.850),
(0.267, -0.072, 0.750),
(0.271, -0.091, 0.707),
(0.233, -0.101, 0.720),
(0.183, -0.056, 0.787),
(0.189, 0.037, 0.848),
(0.298, 0.048, 0.864),
(0.254, 0.064, 0.893),
(0.216, 0.069, 0.874),
(0.397, 0.043, 0.670),
(0.522, 0.047, 0.635),
(0.592, 0.083, 0.650),
(0.597, 0.082, 0.690),
(0.517, 0.056, 0.748),
(0.491, 0.039, 0.763),
(0.501, 0.046, 0.746),
(0.485, 0.068, 0.756),
(0.451, 0.086, 0.766),
(0.625, 0.105, 0.693),
(0.611, 0.077, 0.704),
(0.580, 0.051, 0.712),
(0.467, -0.011, 0.689),
(0.406, -0.048, 0.720),
(0.383, -0.072, 0.798),
(0.389, -0.102, 0.839),
(0.315, -0.106, 0.855),
(0.238, -0.122, 0.787),
(-0.112, -0.079, 0.868),
(-0.078, -0.058, 0.904),
(-0.040, 0.019, 0.992),
(-0.020, 0.105, 1.054),
(-0.043, 0.117, 1.029),
(-0.076, 0.118, 1.008),
(-0.080, 0.110, 1.007),
(-0.047, 0.166, 1.033),
(-0.052, 0.220, 1.110),
(-0.060, 0.272, 1.126),
(-0.142, 0.283, 1.113),
(-0.293, 0.326, 1.061),
(-0.298, 0.309, 0.951),
(-0.245, 0.260, 0.947),
(-0.162, 0.251, 0.982),
(-0.072, 0.390, 1.061),
(-0.252, 0.516, 0.978),
(-0.198, 0.521, 0.957),
(-0.162, 0.538, 0.974),
(-0.225, 0.647, 0.989),
(-0.281, 0.666, 0.952),
(-0.309, 0.670, 0.927),
(-0.295, 0.702, 0.926),
(-0.245, 0.646, 0.871),
(-0.227, 0.614, 0.835),
(-0.216, 0.586, 0.813),
(-0.222, 0.577, 0.806),
(-0.270, 0.585, 0.810),
(-0.310, 0.593, 0.833),
(-0.326, 0.603, 0.797),
(-0.323, 0.613, 0.825),
(-0.312, 0.558, 0.828),
(-0.341, 0.527, 0.805),
(-0.351, 0.552, 0.822),
(-0.372, 0.622, 0.874),
(-0.413, 0.683, 0.907),
(-0.447, 0.666, 0.848),
(-0.439, 0.718, 0.856),
(-0.394, 0.752, 0.858),
(-0.380, 0.757, 0.864),
(-0.377, 0.787, 0.878),
(-0.368, 0.855, 0.887),
(-0.332, 0.851, 0.914),
(-0.306, 0.842, 0.928),
(-0.284, 0.807, 0.936),
(-0.424, 0.632, 0.842),
(-0.431, 0.604, 0.808),
(-0.428, 0.580, 0.775),
(-0.453, 0.574, 0.747),
(-0.460, 0.583, 0.742),
(-0.450, 0.587, 0.738),
(-0.445, 0.589, 0.732),
(-0.444, 0.597, 0.738),
(-0.433, 0.602, 0.745),
(-0.404, 0.612, 0.763),
(-0.390, 0.617, 0.776),
(-0.387, 0.676, 0.800),
(-0.375, 0.685, 0.800),
(-0.373, 0.700, 0.818),
(-0.381, 0.718, 0.840),
(-0.352, 0.725, 0.853),
(-0.349, 0.714, 0.890),
(-0.369, 0.711, 0.910),
(-0.387, 0.738, 0.917),
(-0.361, 0.757, 0.918),
(-0.357, 0.755, 0.904),
(-0.363, 0.735, 0.900),
(-0.371, 0.711, 0.894),
(-0.374, 0.697, 0.901),
(-0.389, 0.685, 0.907),
(-0.421, 0.679, 0.917),
(-0.472, 0.694, 0.921),
(-0.466, 0.751, 0.920),
(-0.433, 0.795, 1.012),
(-0.391, 0.751, 0.933),
(-0.338, 0.664, 0.916),
(-0.332, 0.539, 0.939),
(-0.380, 0.472, 0.953),
(-0.422, 0.435, 0.971),
(-0.443, 0.457, 1.011),
(-0.402, 0.493, 0.991),
(-0.349, 0.455, 0.955),
(-0.317, 0.389, 1.004),
(-0.283, 0.345, 1.029),
(-0.212, 0.247, 1.016),
(-0.240, 0.183, 1.049),
(-0.261, 0.166, 1.033),
(-0.251, 0.165, 0.981),
(-0.227, 0.175, 0.965),
(-0.191, 0.152, 0.950),
(-0.095, 0.121, 0.922),
(0.007, 0.094, 0.914),
(0.029, 0.092, 1.010),
(-0.039, 0.096, 0.973),
(-0.116, 0.111, 0.953),
(-0.156, 0.139, 0.998),
(-0.106, 0.217, 1.073),
(0.107, 0.000, 1.021),
(-0.020, -0.016, 0.993),
(-0.117, -0.012, 0.990),
(-0.070, 0.023, 0.992),
(0.195, 0.001, 0.982),
(0.385, 0.021, 0.639),
(0.399, 0.028, 0.613),
(0.370, 0.047, 0.606),
(0.307, 0.085, 0.570),
(0.364, 0.094, 0.569),
(0.420, 0.103, 0.615),
(0.405, 0.094, 0.664),
(0.456, 0.104, 0.712),
(0.507, 0.094, 0.746),
(0.554, 0.091, 0.766),
(0.583, 0.093, 0.764),
(0.527, 0.107, 0.750),
(0.359, 0.047, 0.759),
(0.340, 0.022, 0.777),
(0.384, 0.011, 0.768),
(0.464, -0.026, 0.706),
(0.231, -0.078, 0.828),
(0.241, -0.108, 0.819),
(0.281, -0.127, 0.864),
(0.170, -0.044, 0.897),
(0.098, 0.019, 0.889),
(0.049, 0.012, 0.846),
(0.019, -0.021, 0.792),
(-0.058, -0.014, 0.872),
(-0.178, 0.163, 1.004),
(-0.128, 0.176, 0.985),
(-0.072, 0.194, 0.979),
(-0.166, 0.305, 1.106),
(-0.264, 0.372, 1.113),
(-0.290, 0.413, 1.083),
(-0.116, 0.440, 1.079),
(-0.096, 0.432, 1.025),
(-0.108, 0.420, 1.052),
(-0.190, 0.557, 1.112),
(-0.185, 0.567, 1.115),
(-0.169, 0.599, 1.095),
(-0.129, 0.607, 1.086),
(-0.102, 0.493, 1.022),
(-0.151, 0.443, 0.968),
(-0.151, 0.409, 0.953),
(-0.079, 0.395, 0.936),
(-0.034, 0.419, 0.964),
(-0.050, 0.458, 0.988),
(-0.099, 0.508, 1.003),
(-0.115, 0.522, 1.023),
(-0.147, 0.403, 0.938),
(-0.171, 0.398, 0.908),
(-0.156, 0.425, 0.910),
(-0.143, 0.366, 0.845),
(-0.188, 0.395, 0.891),
(-0.255, 0.409, 0.870),
(-0.312, 0.440, 0.909),
(-0.307, 0.423, 0.879),
(-0.249, 0.394, 0.856),
(-0.262, 0.437, 0.871),
(-0.296, 0.474, 0.871),
(-0.344, 0.501, 0.868),
(-0.419, 0.560, 0.872),
(-0.419, 0.573, 0.869),
(-0.405, 0.584, 0.845),
(-0.384, 0.677, 0.916),
(-0.357, 0.701, 0.910),
(-0.353, 0.691, 0.888),
(-0.369, 0.752, 0.914),
(-0.351, 0.819, 0.994),
(-0.328, 0.786, 0.985),
(-0.254, 0.790, 1.033),
(-0.201, 0.785, 1.071),
(-0.156, 0.760, 1.123),
(-0.118, 0.773, 1.150),
(-0.132, 0.771, 1.150),
(-0.152, 0.773, 1.146),
(-0.213, 0.739, 1.093),
(-0.257, 0.708, 1.070),
(-0.281, 0.676, 1.031),
(-0.311, 0.664, 0.979),
(-0.365, 0.655, 0.883),
(-0.448, 0.616, 0.786),
(-0.443, 0.625, 0.774),
(-0.436, 0.621, 0.755),
(-0.398, 0.620, 0.781),
(-0.397, 0.641, 0.797),
(-0.395, 0.662, 0.801),
(-0.391, 0.688, 0.818),
(-0.388, 0.680, 0.817),
(-0.377, 0.713, 0.839),
(-0.358, 0.744, 0.860),
(-0.340, 0.749, 0.869),
(-0.328, 0.748, 0.896),
(-0.329, 0.736, 0.903),
(-0.332, 0.727, 0.905),
(-0.338, 0.721, 0.904),
(-0.363, 0.741, 0.950),
(-0.376, 0.741, 0.952),
(-0.380, 0.742, 0.942),
(-0.376, 0.721, 0.925),
(-0.376, 0.707, 0.919),
(-0.375, 0.698, 0.919),
(-0.370, 0.686, 0.919),
(-0.377, 0.688, 0.950),
(-0.381, 0.665, 0.906),
(-0.391, 0.666, 0.943),
(-0.401, 0.671, 1.006),
(-0.386, 0.633, 0.982),
(-0.318, 0.529, 0.923),
(-0.314, 0.514, 0.954),
(-0.322, 0.445, 0.974),
(-0.359, 0.448, 1.005),
(-0.369, 0.462, 1.020),
(-0.322, 0.469, 1.035),
(-0.156, 0.359, 1.045),
(-0.114, 0.301, 1.051),
(-0.102, 0.254, 1.072),
(-0.109, 0.228, 1.058),
(-0.169, 0.184, 0.997),
(-0.209, 0.154, 0.993),
(-0.269, 0.127, 1.024),
(-0.225, 0.071, 0.981),
(0.013, -0.005, 0.928),
(0.136, 0.023, 0.982),
(0.220, -0.007, 0.989),
(0.234, -0.104, 0.949),
(-0.014, -0.182, 0.766),
(0.171, -0.015, 0.769),
(0.389, -0.011, 0.694),
(0.556, 0.002, 0.636),
(0.545, -0.019, 0.652),
(0.464, -0.075, 0.620),
(0.423, -0.092, 0.603),
(0.389, -0.067, 0.595),
(0.410, -0.047, 0.589),
(0.425, -0.013, 0.615),
(0.416, -0.004, 0.660),
(0.408, -0.015, 0.695),
(0.440, 0.035, 0.702),
(0.447, 0.067, 0.760),
(0.393, 0.112, 0.863),
(0.406, 0.109, 0.845),
(0.435, 0.089, 0.832),
(0.427, 0.047, 0.857),
(0.384, 0.035, 0.848),
(0.370, 0.021, 0.825),
(0.379, 0.002, 0.801),
(0.394, -0.039, 0.759),
(0.374, -0.067, 0.738),
(0.325, -0.082, 0.761),
(0.232, -0.095, 0.851),
(0.144, -0.086, 0.936),
(0.112, -0.064, 0.940),
(0.142, -0.052, 0.897),
(0.193, -0.053, 0.863),
(0.293, -0.103, 0.724),
(-0.235, 0.114, 1.023),
(-0.202, 0.159, 1.023),
(-0.080, 0.169, 0.991),
(0.149, 0.164, 0.901),
(0.082, 0.156, 0.921),
(-0.053, 0.179, 0.994),
(-0.201, 0.269, 1.035),
(-0.348, 0.365, 1.021),
(-0.317, 0.354, 0.981),
(-0.234, 0.381, 0.967),
(-0.137, 0.370, 0.946),
(-0.071, 0.455, 0.936),
(-0.111, 0.467, 0.997),
(-0.180, 0.490, 0.987),
(-0.259, 0.546, 0.946),
(-0.297, 0.621, 0.992),
(-0.244, 0.596, 0.969),
(-0.205, 0.518, 0.924),
(-0.193, 0.531, 0.892),
(-0.229, 0.553, 0.887),
(-0.288, 0.572, 0.872),
(-0.360, 0.641, 0.847),
(-0.399, 0.727, 0.873),
(-0.350, 0.746, 0.892),
(-0.335, 0.661, 0.799),
(-0.337, 0.668, 0.802),
(-0.333, 0.681, 0.776),
(-0.323, 0.647, 0.754),
(-0.299, 0.636, 0.770),
(-0.296, 0.683, 0.751),
(-0.309, 0.709, 0.786),
(-0.372, 0.781, 0.774),
(-0.380, 0.837, 0.766),
(-0.331, 0.915, 0.784),
(-0.286, 0.941, 0.786),
(-0.244, 0.956, 0.822),
(-0.294, 1.006, 0.864),
(-0.283, 0.970, 0.836),
(-0.294, 0.974, 0.828),
(-0.250, 0.941, 0.807),
(-0.235, 0.945, 0.792),
(-0.258, 0.978, 0.806),
(-0.285, 0.986, 0.802),
(-0.340, 0.952, 0.744),
(-0.330, 0.966, 0.714),
(-0.329, 0.946, 0.691),
(-0.332, 0.899, 0.659),
(-0.351, 0.833, 0.627),
(-0.349, 0.815, 0.625),
(-0.333, 0.804, 0.634),
(-0.330, 0.774, 0.645),
(-0.344, 0.747, 0.633),
(-0.347, 0.739, 0.639),
(-0.351, 0.722, 0.649),
(-0.345, 0.705, 0.646),
(-0.349, 0.688, 0.668),
(-0.357, 0.678, 0.672),
(-0.369, 0.688, 0.691),
(-0.381, 0.692, 0.713),
(-0.367, 0.669, 0.726),
(-0.351, 0.689, 0.740),
(-0.339, 0.724, 0.746),
(-0.342, 0.746, 0.744),
(-0.325, 0.797, 0.765),
(-0.310, 0.806, 0.753),
(-0.302, 0.830, 0.758),
(-0.284, 0.852, 0.789),
(-0.276, 0.830, 0.788),
(-0.270, 0.842, 0.800),
(-0.266, 0.856, 0.808),
(-0.283, 0.849, 0.802),
(-0.323, 0.846, 0.828),
(-0.311, 0.830, 0.830),
(-0.324, 0.838, 0.874),
(-0.333, 0.854, 0.898),
(-0.281, 0.828, 0.877),
(-0.280, 0.796, 0.880),
(-0.306, 0.778, 0.897),
(-0.320, 0.755, 0.905),
(-0.323, 0.706, 0.915),
(-0.334, 0.702, 0.938),
(-0.342, 0.720, 0.960),
(-0.341, 0.744, 0.947),
(-0.357, 0.742, 0.963),
(-0.325, 0.715, 0.975),
(-0.270, 0.674, 0.974),
(-0.244, 0.629, 0.972),
(-0.248, 0.625, 0.988),
(-0.274, 0.582, 0.989),
(-0.300, 0.532, 0.982),
(-0.322, 0.496, 0.973),
(-0.339, 0.405, 0.942),
(-0.322, 0.379, 0.939),
(-0.290, 0.373, 0.930),
(-0.224, 0.381, 0.950),
(-0.095, 0.301, 1.001),
(-0.034, 0.291, 0.995),
(0.010, 0.272, 0.988),
(-0.004, 0.235, 0.982),
(-0.174, 0.164, 0.910),
(-0.250, 0.150, 0.886),
(-0.246, 0.160, 0.882),
(-0.170, 0.154, 0.886),
(0.132, 0.097, 0.818),
(0.198, 0.049, 0.816),
(0.183, 0.035, 0.860),
(0.112, 0.050, 0.900),
(-0.002, 0.009, 0.897),
(-0.002, 0.021, 0.871),
(0.062, 0.041, 0.867),
(0.131, 0.035, 0.883),
(0.214, 0.012, 0.867),
(0.296, -0.002, 0.842),
(0.331, -0.015, 0.844),
(0.369, -0.028, 0.836),
(0.448, -0.014, 0.800),
(0.440, 0.021, 0.807),
(0.434, 0.008, 0.758),
(0.402, 0.006, 0.705),
(0.378, -0.006, 0.641),
(0.504, 0.002, 0.563),
(0.642, 0.014, 0.548),
(0.701, 0.018, 0.544),
(0.510, -0.035, 0.600),
(0.476, 0.099, 0.919),
(0.508, 0.111, 0.895),
(0.479, 0.097, 0.898),
(0.480, 0.114, 0.805),
(0.517, 0.089, 0.756),
(0.543, 0.081, 0.715),
(0.562, 0.075, 0.712),
(0.543, 0.036, 0.742),
(0.481, 0.002, 0.777),
(0.448, -0.035, 0.784),
(0.470, -0.047, 0.750),
(0.526, -0.062, 0.683),
(0.521, -0.092, 0.638),
(0.487, -0.110, 0.611),
(0.407, -0.098, 0.664),
(0.198, -0.073, 0.836),
(0.214, -0.085, 0.811),
(0.255, -0.086, 0.731),
(0.282, -0.096, 0.696),
(0.314, -0.143, 0.673),
(-0.148, 0.089, 1.010),
(0.032, 0.104, 0.940),
(-0.015, 0.213, 1.010),
(-0.095, 0.345, 1.056),
(-0.162, 0.422, 1.068),
(-0.232, 0.386, 0.957),
(-0.218, 0.361, 0.923),
(-0.186, 0.313, 0.890),
(-0.225, 0.397, 0.856),
(-0.314, 0.329, 0.874),
(-0.406, 0.492, 0.873),
(-0.454, 0.634, 0.856),
(-0.441, 0.726, 0.875),
(-0.398, 0.799, 0.902),
(-0.332, 0.863, 0.877),
(-0.279, 0.815, 0.874),
(-0.275, 0.812, 0.886),
(-0.294, 0.758, 0.933),
(-0.265, 0.744, 0.903),
(-0.210, 0.719, 0.917),
(-0.171, 0.665, 0.883),
(-0.262, 0.719, 0.907),
(-0.315, 0.762, 0.929),
(-0.363, 0.752, 0.909),
(-0.383, 0.739, 0.922),
(-0.333, 0.801, 0.951),
(-0.314, 0.801, 0.915),
(-0.298, 0.843, 0.932),
(-0.316, 0.832, 0.932),
(-0.349, 0.744, 0.890),
(-0.352, 0.706, 0.895),
(-0.360, 0.707, 0.880),
(-0.372, 0.722, 0.877),
(-0.385, 0.693, 0.850),
(-0.376, 0.683, 0.847),
(-0.384, 0.707, 0.865),
(-0.394, 0.667, 0.831),
(-0.377, 0.656, 0.846),
(-0.392, 0.623, 0.831),
(-0.406, 0.642, 0.817),
(-0.401, 0.663, 0.823),
(-0.431, 0.654, 0.845),
(-0.410, 0.640, 0.828),
(-0.400, 0.637, 0.807),
(-0.393, 0.622, 0.819),
(-0.407, 0.599, 0.816),
(-0.418, 0.587, 0.820),
(-0.410, 0.576, 0.812),
(-0.394, 0.589, 0.823),
(-0.402, 0.608, 0.812),
(-0.408, 0.616, 0.812),
(-0.397, 0.610, 0.818),
(-0.402, 0.612, 0.811),
(-0.387, 0.611, 0.830),
(-0.366, 0.576, 0.833),
(-0.352, 0.552, 0.835),
(-0.338, 0.555, 0.844),
(-0.309, 0.553, 0.873),
(-0.306, 0.553, 0.879),
(-0.303, 0.567, 0.882),
(-0.295, 0.596, 0.888),
(-0.298, 0.627, 0.876),
(-0.297, 0.644, 0.870),
(-0.288, 0.662, 0.850),
(-0.280, 0.694, 0.851),
(-0.270, 0.688, 0.854),
(-0.329, 0.625, 0.892),
(-0.332, 0.663, 0.889),
(-0.344, 0.700, 0.876),
(-0.367, 0.806, 0.854),
(-0.390, 0.849, 0.847),
(-0.399, 0.877, 0.839),
(-0.416, 0.901, 0.820),
(-0.422, 0.894, 0.810),
(-0.421, 0.871, 0.796),
(-0.441, 0.848, 0.817),
(-0.442, 0.836, 0.869),
(-0.431, 0.744, 0.874),
(-0.438, 0.729, 0.880),
(-0.445, 0.728, 0.895),
(-0.421, 0.750, 0.905),
(-0.395, 0.797, 0.984),
(-0.389, 0.760, 0.949),
(-0.358, 0.618, 0.901),
(-0.315, 0.573, 0.960),
(-0.327, 0.535, 1.008),
(-0.299, 0.534, 1.028),
(-0.271, 0.532, 1.061),
(-0.229, 0.551, 1.087),
(-0.071, 0.572, 1.080),
(-0.042, 0.464, 1.034),
(-0.104, 0.379, 1.007),
(-0.191, 0.369, 1.000),
(-0.246, 0.279, 0.983),
(-0.233, 0.288, 0.975),
(-0.205, 0.333, 1.031),
(-0.146, 0.361, 1.090),
(-0.021, 0.355, 0.988),
(-0.029, 0.335, 1.030),
(-0.063, 0.318, 1.041),
(-0.096, 0.290, 1.051),
(-0.088, 0.241, 1.025),
(-0.041, 0.209, 0.981),
(0.007, 0.186, 0.985),
(0.087, 0.164, 1.013),
(0.127, 0.111, 0.960),
(0.096, 0.047, 0.938),
(-0.001, -0.001, 0.875),
(-0.111, 0.004, 0.823),
(0.013, 0.072, 0.923),
(0.102, 0.081, 0.923),
(0.186, 0.046, 0.918),
(0.237, -0.011, 0.888),
(0.254, -0.083, 0.787),
(0.255, -0.085, 0.751),
(0.317, -0.093, 0.705),
(0.406, -0.062, 0.677),
(0.527, -0.014, 0.579),
(0.530, -0.009, 0.559),
(0.511, -0.005, 0.601),
(0.487, 0.005, 0.655),
(0.511, 0.049, 0.558),
(0.562, 0.049, 0.526),
(0.589, 0.049, 0.524),
(0.561, 0.071, 0.535),
(0.379, -0.003, 0.646),
(0.387, -0.010, 0.642),
(0.461, 0.001, 0.661),
(0.526, 0.010, 0.713),
(0.577, 0.025, 0.739),
(0.601, 0.033, 0.742),
(0.600, 0.026, 0.743),
(0.605, 0.038, 0.721),
(0.453, -0.031, 0.710),
(0.409, -0.075, 0.678),
(0.382, -0.095, 0.676),
(0.344, -0.097, 0.734),
(0.329, -0.043, 0.824),
(0.315, -0.029, 0.847),
(0.293, -0.026, 0.857),
(0.292, -0.054, 0.827),
(0.241, -0.120, 0.790),
(0.190, -0.124, 0.864),
(0.153, -0.092, 0.946),
(0.133, -0.029, 1.057),
(0.085, 0.042, 1.105),
(0.100, 0.008, 1.048),
(0.099, 0.004, 0.994),
(0.117, 0.012, 0.918),
(0.104, 0.080, 0.921),
(0.034, 0.206, 1.050),
(-0.015, 0.289, 1.130),
(-0.061, 0.312, 1.109),
(-0.077, 0.334, 1.091),
(-0.001, 0.295, 1.027),
(0.046, 0.254, 0.932),
(0.048, 0.236, 0.949),
(-0.028, 0.344, 1.010),
(-0.056, 0.412, 1.041),
(-0.047, 0.496, 1.060),
(-0.031, 0.612, 1.080),
(0.025, 0.504, 1.044),
(0.018, 0.449, 1.021),
(-0.011, 0.431, 0.960),
(-0.065, 0.436, 0.929),
(-0.119, 0.430, 0.925),
(-0.153, 0.448, 0.908),
(-0.174, 0.504, 0.920),
(-0.067, 0.686, 0.959),
(-0.058, 0.646, 0.896),
(-0.110, 0.562, 0.838),
(-0.110, 0.582, 0.876),
(-0.053, 0.625, 0.846),
(-0.043, 0.642, 0.864),
(-0.053, 0.679, 0.923),
(-0.072, 0.688, 0.915),
(-0.065, 0.670, 0.913),
(-0.089, 0.660, 0.925),
(-0.092, 0.626, 0.917),
(-0.065, 0.620, 0.967),
(-0.089, 0.577, 0.917),
(-0.136, 0.570, 0.914),
(-0.162, 0.621, 0.942),
(-0.155, 0.576, 0.911),
(-0.148, 0.550, 0.903),
(-0.142, 0.592, 0.957),
(-0.129, 0.604, 0.981),
(-0.164, 0.530, 0.937),
(-0.189, 0.521, 0.951),
(-0.183, 0.493, 0.938),
(-0.193, 0.454, 0.920),
(-0.209, 0.448, 0.954),
(-0.212, 0.484, 0.963),
(-0.215, 0.510, 0.977),
(-0.211, 0.527, 0.972),
(-0.208, 0.530, 0.952),
(-0.207, 0.537, 0.949),
(-0.213, 0.515, 0.923),
(-0.222, 0.500, 0.936),
(-0.246, 0.520, 0.935),
(-0.236, 0.515, 0.910),
(-0.222, 0.540, 0.911),
(-0.214, 0.576, 0.921),
(-0.199, 0.543, 0.931),
(-0.198, 0.510, 0.919),
(-0.197, 0.509, 0.919),
(-0.194, 0.529, 0.926),
(-0.182, 0.543, 0.924),
(-0.188, 0.561, 0.923),
(-0.192, 0.563, 0.902),
(-0.205, 0.565, 0.899),
(-0.216, 0.560, 0.900),
(-0.212, 0.550, 0.888),
(-0.199, 0.564, 0.886),
(-0.201, 0.553, 0.877),
(-0.209, 0.571, 0.885),
(-0.223, 0.572, 0.890),
(-0.233, 0.570, 0.894),
(-0.232, 0.588, 0.903),
(-0.261, 0.594, 0.888),
(-0.271, 0.590, 0.883),
(-0.273, 0.582, 0.877),
(-0.269, 0.583, 0.879),
(-0.290, 0.578, 0.900),
(-0.280, 0.606, 0.922),
(-0.285, 0.618, 0.921),
(-0.284, 0.662, 0.917),
(-0.289, 0.681, 0.928),
(-0.285, 0.699, 0.923),
(-0.294, 0.724, 0.920),
(-0.310, 0.744, 0.932),
(-0.319, 0.720, 0.939),
(-0.347, 0.698, 0.961),
(-0.355, 0.678, 0.975),
(-0.354, 0.664, 1.000),
(-0.337, 0.626, 0.984),
(-0.324, 0.598, 0.988),
(-0.346, 0.613, 0.999),
(-0.342, 0.625, 0.997),
(-0.333, 0.592, 1.000),
(-0.330, 0.588, 1.004),
(-0.277, 0.584, 1.031),
(-0.268, 0.565, 1.020),
(-0.252, 0.567, 1.029),
(-0.212, 0.569, 0.996),
(-0.229, 0.576, 1.002),
(-0.257, 0.576, 1.003),
(-0.270, 0.572, 1.017),
(-0.161, 0.535, 1.028),
(-0.091, 0.450, 0.964),
(-0.083, 0.443, 0.992),
(-0.092, 0.439, 1.058),
(-0.139, 0.293, 0.962),
(-0.198, 0.281, 0.945),
(-0.225, 0.307, 0.962),
(-0.182, 0.299, 0.984),
(-0.022, 0.311, 0.999),
(0.041, 0.297, 0.975),
(0.098, 0.263, 1.010),
(0.140, 0.212, 1.038),
(0.014, 0.194, 0.988),
(-0.036, 0.206, 0.969),
(-0.036, 0.223, 0.976),
(-0.017, 0.200, 0.971),
(0.033, 0.203, 1.009),
(0.027, 0.191, 1.036),
(0.063, 0.218, 1.091),
(0.150, 0.194, 1.096),
(0.266, 0.050, 0.990),
(0.230, -0.031, 0.930),
(0.175, -0.091, 0.887),
(0.146, -0.101, 0.853),
(0.135, -0.078, 0.850),
(0.159, -0.037, 0.835),
(0.227, -0.038, 0.788),
(0.303, -0.075, 0.716),
(0.585, -0.017, 0.510),
(0.579, -0.007, 0.557),
(0.534, 0.015, 0.598),
(0.475, 0.025, 0.613),
(0.448, -0.010, 0.522),
(0.551, 0.010, 0.462),
(0.653, 0.034, 0.443),
(0.719, 0.059, 0.430),
(0.740, 0.101, 0.436),
(0.670, 0.106, 0.515),
(0.614, 0.106, 0.552),
(0.590, 0.103, 0.543),
(0.630, 0.115, 0.586),
(0.650, 0.120, 0.649),
(0.624, 0.114, 0.740),
(0.596, 0.079, 0.795),
(0.624, 0.090, 0.731),
(0.704, 0.103, 0.671),
(0.752, 0.092, 0.619),
(0.690, 0.069, 0.592),
(0.610, 0.014, 0.562),
(0.562, -0.033, 0.540),
(0.556, -0.048, 0.537),
(0.561, -0.061, 0.557),
(0.617, -0.108, 0.558),
(0.642, -0.128, 0.505),
(0.681, -0.134, 0.463),
(0.707, -0.141, 0.447),
(0.641, -0.169, 0.574),
(0.496, -0.179, 0.727),
(0.312, -0.146, 0.863),
(0.168, -0.126, 0.913),
(0.092, -0.222, 0.781),
(0.209, -0.224, 0.759),
(0.329, -0.153, 0.756),
(0.389, -0.040, 0.783),
(0.275, 0.107, 0.932),
(-0.024, 0.115, 1.009),
(-0.072, 0.320, 0.973),
(-0.111, 0.293, 1.003),
(-0.173, 0.319, 1.051),
(-0.305, 0.578, 1.129),
(-0.267, 0.600, 1.114),
(-0.236, 0.575, 1.061),
(-0.181, 0.609, 1.027),
(-0.117, 0.551, 1.012),
(-0.115, 0.574, 1.026),
(-0.114, 0.618, 1.032),
(-0.128, 0.683, 1.051),
(-0.163, 0.714, 1.043),
(-0.216, 0.756, 1.058),
(-0.232, 0.729, 1.029),
(-0.217, 0.692, 0.997),
(-0.062, 0.733, 1.007),
(-0.059, 0.669, 0.962),
(-0.137, 0.611, 0.967),
(-0.164, 0.622, 0.963),
(-0.203, 0.668, 1.005),
(-0.193, 0.578, 0.926),
(-0.211, 0.589, 0.906),
(-0.251, 0.659, 0.918),
(-0.339, 0.704, 0.870),
(-0.339, 0.714, 0.849),
(-0.329, 0.711, 0.842),
(-0.336, 0.715, 0.842),
(-0.310, 0.682, 0.786),
(-0.322, 0.729, 0.814),
(-0.344, 0.726, 0.799),
(-0.368, 0.736, 0.766),
(-0.378, 0.780, 0.762),
(-0.385, 0.794, 0.768),
(-0.382, 0.771, 0.744),
(-0.341, 0.780, 0.760),
(-0.293, 0.789, 0.791),
(-0.270, 0.791, 0.803),
(-0.246, 0.798, 0.821),
(-0.240, 0.800, 0.833),
(-0.243, 0.800, 0.853),
(-0.249, 0.795, 0.863),
(-0.266, 0.785, 0.884),
(-0.286, 0.729, 0.869),
(-0.288, 0.691, 0.862),
(-0.301, 0.672, 0.857),
(-0.304, 0.650, 0.842),
(-0.311, 0.641, 0.841),
(-0.302, 0.623, 0.831),
(-0.304, 0.632, 0.835),
(-0.300, 0.641, 0.846),
(-0.295, 0.647, 0.844),
(-0.271, 0.654, 0.850),
(-0.267, 0.660, 0.874),
(-0.269, 0.652, 0.886),
(-0.273, 0.640, 0.900),
(-0.302, 0.659, 0.942),
(-0.315, 0.637, 0.939),
(-0.323, 0.624, 0.950),
(-0.336, 0.625, 0.963),
(-0.343, 0.638, 0.965),
(-0.335, 0.633, 0.997),
(-0.339, 0.633, 0.979),
(-0.335, 0.588, 0.940),
(-0.335, 0.568, 0.976),
(-0.335, 0.546, 0.999),
(-0.322, 0.539, 0.996),
(-0.310, 0.552, 1.014),
(-0.365, 0.586, 1.061),
(-0.383, 0.569, 1.010),
(-0.382, 0.534, 0.976),
(-0.361, 0.519, 0.998),
(-0.324, 0.523, 1.076),
(-0.299, 0.538, 1.096),
(-0.266, 0.517, 1.092),
(-0.249, 0.503, 1.076),
(-0.259, 0.458, 1.010),
(-0.295, 0.402, 1.028),
(-0.329, 0.383, 1.056),
(-0.363, 0.361, 1.061),
(-0.338, 0.356, 1.094),
(-0.276, 0.377, 1.114),
(-0.187, 0.372, 1.089),
(-0.093, 0.349, 1.045),
(-0.025, 0.356, 1.081),
(-0.097, 0.307, 1.093),
(-0.189, 0.252, 1.058),
(-0.259, 0.209, 1.009),
(-0.263, 0.208, 0.962),
(-0.243, 0.247, 1.014),
(-0.218, 0.302, 1.097),
(-0.126, 0.329, 1.129),
(0.023, 0.315, 1.098),
(0.046, 0.052, 0.925),
(-0.040, 0.071, 0.896),
(-0.085, 0.083, 0.872),
(0.132, -0.031, 0.805),
(0.213, -0.026, 0.824),
(0.261, 0.005, 0.861),
(0.290, 0.010, 0.879),
(0.238, -0.038, 0.897),
(0.272, -0.043, 0.798),
(0.373, -0.042, 0.705),
(0.454, -0.026, 0.667),
(0.497, 0.036, 0.679),
(0.510, 0.047, 0.662),
(0.540, 0.046, 0.596),
(0.617, 0.041, 0.537),
(0.708, 0.092, 0.544),
(0.605, 0.091, 0.583),
(0.486, 0.062, 0.595),
(0.415, 0.029, 0.601),
(0.360, 0.090, 0.688),
(0.353, 0.112, 0.721),
(0.343, 0.117, 0.776),
(0.321, 0.099, 0.828),
(0.427, 0.106, 0.812),
(0.506, 0.149, 0.773),
(0.543, 0.170, 0.781),
(0.537, 0.166, 0.773),
(0.443, 0.140, 0.745),
(0.384, 0.104, 0.751),
(0.375, 0.050, 0.740),
(0.421, 0.023, 0.708),
(0.471, 0.022, 0.697),
(0.506, -0.003, 0.707),
(0.534, -0.041, 0.686),
(0.518, -0.061, 0.673),
(0.271, -0.083, 0.697),
(0.192, -0.093, 0.725),
(0.144, -0.108, 0.718),
(0.131, -0.131, 0.667),
(0.088, -0.199, 0.592),
(0.035, -0.217, 0.678),
(0.010, -0.198, 0.834),
(0.016, -0.111, 0.998),
(-0.025, 0.050, 1.028),
(-0.066, 0.079, 0.983),
(-0.117, 0.064, 0.903),
(-0.188, 0.067, 0.903),
(-0.279, 0.219, 0.961),
(-0.263, 0.287, 0.993),
(-0.275, 0.312, 1.018),
(-0.309, 0.354, 1.033),
(-0.330, 0.410, 1.042),
(-0.304, 0.410, 0.993),
(-0.305, 0.411, 0.963),
(-0.344, 0.379, 0.999),
(-0.344, 0.460, 1.075),
(-0.315, 0.529, 1.059),
(-0.332, 0.549, 0.984),
(-0.347, 0.619, 1.013),
(-0.255, 0.658, 1.082),
(-0.229, 0.594, 1.046),
(-0.271, 0.570, 0.979),
(-0.332, 0.507, 0.924),
(-0.372, 0.493, 0.975),
(-0.356, 0.590, 0.963),
(-0.382, 0.567, 0.887),
(-0.371, 0.525, 0.889),
(-0.288, 0.486, 0.924),
(-0.261, 0.460, 0.874),
(-0.273, 0.467, 0.921),
(-0.240, 0.506, 0.915),
(-0.184, 0.498, 0.934),
(-0.236, 0.505, 0.967),
(-0.286, 0.530, 1.027),
(-0.318, 0.511, 1.054),
(-0.298, 0.518, 1.062),
(-0.301, 0.484, 1.075),
(-0.324, 0.446, 1.061),
(-0.360, 0.444, 1.044),
(-0.386, 0.522, 1.086),
(-0.387, 0.547, 1.078),
(-0.430, 0.506, 1.037),
(-0.418, 0.488, 1.011),
(-0.431, 0.504, 1.005),
(-0.463, 0.532, 0.990),
(-0.489, 0.506, 0.987),
(-0.463, 0.507, 0.979),
(-0.442, 0.511, 0.954),
(-0.443, 0.522, 0.939),
(-0.444, 0.519, 0.911),
(-0.412, 0.513, 0.884),
(-0.411, 0.551, 0.895),
(-0.421, 0.539, 0.882),
(-0.409, 0.554, 0.868),
(-0.411, 0.535, 0.860),
(-0.430, 0.535, 0.848),
(-0.442, 0.542, 0.865),
(-0.421, 0.514, 0.874),
(-0.416, 0.503, 0.885),
(-0.413, 0.500, 0.897),
(-0.427, 0.494, 0.909),
(-0.427, 0.470, 0.911),
(-0.419, 0.458, 0.924),
(-0.423, 0.446, 0.929),
(-0.419, 0.439, 0.932),
(-0.444, 0.491, 0.955),
(-0.453, 0.525, 0.955),
(-0.435, 0.535, 0.950),
(-0.439, 0.552, 0.941),
(-0.460, 0.572, 0.944),
(-0.450, 0.582, 0.966),
(-0.435, 0.567, 0.967),
(-0.440, 0.581, 0.969),
(-0.465, 0.593, 0.950),
(-0.473, 0.596, 0.954),
(-0.484, 0.589, 0.951),
(-0.478, 0.579, 0.946),
(-0.447, 0.590, 0.966),
(-0.421, 0.612, 0.978),
(-0.425, 0.638, 1.018),
(-0.438, 0.657, 1.033),
(-0.419, 0.609, 1.000),
(-0.433, 0.605, 1.013),
(-0.445, 0.590, 1.007),
(-0.420, 0.585, 0.999),
(-0.379, 0.571, 1.016),
(-0.406, 0.577, 1.046),
(-0.410, 0.600, 1.041),
(-0.369, 0.608, 1.032),
(-0.208, 0.630, 1.063),
(-0.164, 0.543, 1.041),
(-0.225, 0.528, 1.071),
(-0.287, 0.514, 1.057),
(-0.373, 0.435, 0.927),
(-0.400, 0.440, 0.916),
(-0.422, 0.455, 0.944),
(-0.424, 0.466, 0.996),
(-0.195, 0.340, 0.928),
(-0.154, 0.271, 0.964),
(-0.129, 0.268, 0.991),
(-0.093, 0.258, 0.983),
(-0.135, 0.263, 1.020),
(-0.216, 0.300, 0.958),
(-0.331, 0.323, 0.920),
(-0.444, 0.333, 0.891),
(-0.521, 0.352, 0.914),
(-0.381, 0.335, 0.924),
(-0.175, 0.311, 0.924),
(-0.022, 0.277, 0.947),
(0.139, 0.176, 0.997),
(0.137, 0.107, 0.967),
(0.057, 0.049, 0.913),
(-0.027, 0.031, 0.888),
(-0.137, -0.006, 0.845),
(-0.140, -0.001, 0.856),
(-0.128, 0.010, 0.838),
(-0.082, -0.010, 0.800),
(0.112, -0.071, 0.760),
(0.208, -0.060, 0.760),
(0.285, -0.029, 0.774),
(0.327, -0.034, 0.784),
(0.396, -0.009, 0.703),
(0.441, -0.007, 0.591),
(0.478, 0.029, 0.549),
(0.495, 0.031, 0.475),
(0.434, -0.039, 0.479),
(0.328, -0.060, 0.571),
(0.187, -0.071, 0.700),
(0.101, -0.059, 0.811),
(0.135, -0.035, 0.882),
(0.199, -0.010, 0.962),
(0.203, 0.007, 1.026),
(0.173, 0.022, 1.074),
(0.285, 0.079, 1.052),
(0.406, 0.142, 0.839),
(0.360, 0.114, 0.859),
(0.298, 0.074, 0.878),
(0.235, 0.032, 0.908),
(0.289, 0.041, 0.900),
(0.345, 0.037, 0.895),
(0.368, 0.029, 0.882),
(0.331, 0.030, 0.884),
(0.302, 0.032, 0.869),
(0.291, 0.028, 0.837),
(0.302, 0.000, 0.839),
(0.314, -0.042, 0.818),
(0.299, -0.034, 0.853),
(0.267, -0.007, 0.893),
(0.214, 0.011, 0.934),
(0.181, 0.010, 0.881),
(0.174, -0.018, 0.790),
(0.142, -0.053, 0.719),
(0.118, -0.091, 0.704),
(-0.021, 0.104, 0.967),
(-0.094, 0.182, 1.052),
(-0.146, 0.177, 1.048),
(-0.146, 0.149, 0.990),
(0.017, 0.113, 0.844),
(0.073, 0.112, 0.823),
(0.051, 0.146, 0.895),
(0.013, 0.243, 1.007),
(-0.038, 0.330, 1.036),
(-0.114, 0.367, 1.018),
(-0.166, 0.357, 0.998),
(-0.177, 0.334, 0.973),
(-0.024, 0.405, 0.934),
(0.020, 0.436, 0.960),
(0.040, 0.482, 0.989),
(0.006, 0.551, 1.017),
(-0.098, 0.417, 1.029),
(-0.121, 0.363, 0.966),
(-0.131, 0.333, 0.936),
(-0.143, 0.343, 0.942),
(-0.118, 0.379, 0.932),
(-0.121, 0.454, 0.933),
(-0.141, 0.502, 0.960),
(-0.151, 0.488, 0.927),
(-0.175, 0.467, 0.898),
(-0.225, 0.438, 0.867),
(-0.276, 0.448, 0.872),
(-0.315, 0.496, 0.922),
(-0.322, 0.569, 0.904),
(-0.233, 0.526, 0.868),
(-0.395, 0.649, 0.901),
(-0.368, 0.711, 0.931),
(-0.328, 0.739, 0.959),
(-0.290, 0.738, 0.957),
(-0.305, 0.809, 0.989),
(-0.277, 0.792, 0.988),
(-0.268, 0.781, 1.001),
(-0.270, 0.794, 1.057),
(-0.285, 0.760, 1.023),
(-0.273, 0.771, 1.039),
(-0.275, 0.757, 1.024),
(-0.265, 0.741, 1.018),
(-0.281, 0.707, 0.985),
(-0.278, 0.708, 0.994),
(-0.290, 0.661, 0.974),
(-0.280, 0.662, 0.972),
(-0.301, 0.714, 0.978),
(-0.303, 0.698, 0.943),
(-0.285, 0.719, 0.946),
(-0.291, 0.708, 0.928),
(-0.313, 0.695, 0.921),
(-0.325, 0.643, 0.919),
(-0.327, 0.620, 0.913),
(-0.327, 0.628, 0.926),
(-0.335, 0.575, 0.924),
(-0.340, 0.567, 0.928),
(-0.340, 0.555, 0.919),
(-0.347, 0.553, 0.919),
(-0.354, 0.551, 0.932),
(-0.361, 0.537, 0.918),
(-0.360, 0.549, 0.920),
(-0.344, 0.566, 0.923),
(-0.344, 0.587, 0.927),
(-0.337, 0.613, 0.927),
(-0.328, 0.625, 0.931),
(-0.328, 0.629, 0.933),
(-0.345, 0.607, 0.934),
(-0.343, 0.599, 0.929),
(-0.332, 0.611, 0.940),
(-0.326, 0.626, 0.945),
(-0.334, 0.628, 0.961),
(-0.326, 0.654, 0.963),
(-0.308, 0.670, 0.967),
(-0.284, 0.692, 0.980),
(-0.275, 0.684, 0.984),
(-0.270, 0.667, 0.989),
(-0.273, 0.660, 1.010),
(-0.283, 0.645, 0.971),
(-0.282, 0.595, 0.971),
(-0.278, 0.597, 0.972),
(-0.261, 0.606, 0.983),
(-0.259, 0.613, 1.001),
(-0.290, 0.642, 1.011),
(-0.281, 0.652, 1.021),
(-0.211, 0.679, 1.066),
(-0.125, 0.679, 1.096),
(-0.067, 0.633, 1.089),
(-0.065, 0.561, 1.064),
(-0.118, 0.514, 1.064),
(-0.189, 0.449, 1.078),
(-0.264, 0.317, 0.981),
(-0.298, 0.303, 0.930),
(-0.325, 0.318, 0.935),
(-0.294, 0.355, 0.948),
(-0.156, 0.368, 0.979),
(-0.079, 0.341, 0.980),
(-0.004, 0.277, 0.969),
(0.077, 0.221, 0.979),
(0.105, 0.131, 0.949),
(0.029, 0.123, 0.933),
(-0.091, 0.146, 0.953),
(-0.217, 0.154, 0.954),
(-0.097, 0.060, 0.784),
(0.042, 0.055, 0.767),
(0.185, 0.075, 0.780),
(0.276, 0.055, 0.777),
(0.127, -0.057, 0.791),
(0.009, -0.057, 0.809),
(-0.029, -0.040, 0.801),
(0.029, -0.008, 0.792),
(0.304, 0.055, 0.756),
(0.376, 0.101, 0.772),
(0.354, 0.105, 0.825),
(0.319, 0.026, 0.737),
(0.403, 0.028, 0.673),
(0.521, 0.086, 0.656),
(0.625, 0.129, 0.599),
(0.625, 0.099, 0.548),
(0.613, 0.089, 0.573),
(0.570, 0.076, 0.596),
(0.547, 0.058, 0.599),
(0.534, 0.064, 0.626),
(0.522, 0.081, 0.669),
(0.483, 0.078, 0.711),
(0.466, 0.038, 0.771),
(0.481, 0.056, 0.770),
(0.511, 0.078, 0.760),
(0.523, 0.083, 0.748),
(0.484, 0.031, 0.746),
(0.429, 0.002, 0.788),
(0.362, -0.022, 0.799),
(0.306, -0.037, 0.784),
(0.340, -0.022, 0.735),
(0.368, -0.042, 0.718),
(0.369, -0.049, 0.716),
(0.298, -0.032, 0.819),
(0.113, -0.003, 0.905),
(0.052, 0.005, 0.880),
(0.029, -0.011, 0.863),
(-0.021, -0.027, 0.897),
(-0.087, 0.026, 0.965),
(-0.140, 0.077, 1.009),
(-0.155, 0.110, 0.986),
(-0.134, 0.138, 0.969),
(0.008, 0.173, 0.936),
(-0.147, 0.359, 1.085),
(-0.167, 0.414, 1.096),
(-0.191, 0.349, 0.913),
(-0.176, 0.319, 0.919),
(-0.159, 0.322, 0.917),
(-0.151, 0.523, 1.041),
(-0.162, 0.555, 1.034),
(-0.197, 0.513, 1.023),
(-0.188, 0.405, 0.989),
(-0.172, 0.425, 0.963),
(-0.154, 0.450, 0.976),
(-0.160, 0.478, 0.982),
(-0.143, 0.510, 0.989),
(-0.143, 0.476, 0.952),
(-0.175, 0.453, 0.935),
(-0.209, 0.430, 0.963),
(-0.227, 0.450, 0.952),
(-0.263, 0.467, 0.974),
(-0.281, 0.521, 0.966),
(-0.298, 0.546, 0.977),
(-0.274, 0.545, 0.952),
(-0.271, 0.511, 0.932),
(-0.287, 0.493, 0.972),
(-0.276, 0.477, 0.955),
(-0.284, 0.413, 0.961),
(-0.288, 0.412, 0.922),
(-0.309, 0.417, 0.927),
(-0.346, 0.462, 0.955),
(-0.381, 0.497, 0.990),
(-0.375, 0.479, 0.975),
(-0.370, 0.445, 0.965),
(-0.357, 0.430, 0.974),
(-0.334, 0.404, 1.012),
(-0.331, 0.366, 0.999),
(-0.323, 0.362, 1.029),
(-0.327, 0.378, 1.071),
(-0.374, 0.396, 1.069),
(-0.396, 0.430, 1.081),
(-0.401, 0.451, 1.087),
(-0.428, 0.452, 1.095),
(-0.480, 0.447, 1.047),
(-0.481, 0.462, 1.046),
(-0.453, 0.475, 1.041),
(-0.435, 0.462, 1.029),
(-0.419, 0.484, 1.028),
(-0.411, 0.497, 1.015),
(-0.412, 0.527, 1.009),
(-0.425, 0.558, 1.014),
