(-0.405, 0.489, 0.767),
(-0.415, 0.499, 0.777),
(-0.414, 0.492, 0.771),
(-0.419, 0.489, 0.776),
(-0.436, 0.490, 0.790),
(-0.459, 0.493, 0.818),
(-0.473, 0.491, 0.859),
(-0.356, 0.404, 0.910),
(-0.329, 0.376, 0.894),
(-0.352, 0.341, 0.829),
(-0.371, 0.342, 0.826),
(-0.394, 0.334, 0.808),
(-0.440, 0.280, 0.919),
(-0.435, 0.258, 0.931),
(-0.427, 0.257, 0.938),
(-0.397, 0.237, 0.930),
(-0.401, 0.222, 0.938),
(-0.410, 0.224, 0.928),
(-0.415, 0.214, 0.928),
(-0.419, 0.197, 0.945),
(-0.444, 0.140, 0.941),
(-0.508, 0.062, 0.983),
(-0.504, 0.041, 0.982),
(-0.503, 0.032, 1.034),
(-0.403, -0.001, 1.083),
(-0.356, -0.066, 1.098),
(-0.321, -0.076, 1.155),
(-0.231, -0.014, 1.225),
(-0.225, 0.008, 1.273),
(-0.219, 0.054, 1.329),
(-0.234, 0.080, 1.333),
(-0.230, 0.089, 1.350),
(-0.251, 0.100, 1.373),
(-0.215, 0.101, 1.366),
(-0.239, 0.085, 1.330),
(-0.277, 0.062, 1.309),
(-0.292, 0.052, 1.316),
(-0.274, 0.090, 1.298),
(-0.276, 0.100, 1.279),
(-0.249, 0.112, 1.261),
(-0.229, 0.121, 1.213),
(-0.236, 0.124, 1.129),
(-0.261, 0.125, 1.116),
(-0.283, 0.146, 1.094),
(-0.268, 0.161, 1.050),
(-0.202, 0.198, 1.030),
(-0.118, 0.357, 0.995),
(-0.102, 0.383, 0.966),
(-0.115, 0.399, 0.959),
(-0.155, 0.415, 0.979),
(-0.131, 0.422, 1.029),
(-0.073, 0.414, 1.029),
(-0.003, 0.412, 0.980),
(-0.032, 0.394, 0.961),
(0.001, 0.331, 0.944),
(0.036, 0.335, 0.952),
(0.042, 0.324, 0.981),
(0.092, 0.298, 0.955),
(0.134, 0.314, 0.936),
(0.153, 0.326, 0.943),
(0.163, 0.337, 0.940),
(0.174, 0.347, 0.939),
(0.184, 0.354, 0.954),
(0.200, 0.360, 0.966),
(0.229, 0.363, 0.941),
(0.164, 0.334, 0.883),
(0.170, 0.354, 0.903),
(0.198, 0.368, 0.915),
(0.252, 0.378, 0.920),
(0.322, 0.386, 0.849),
(0.343, 0.401, 0.837),
(0.340, 0.364, 0.818),
(0.318, 0.308, 0.822),
(0.334, 0.215, 0.802),
(0.350, 0.197, 0.787),
(0.408, 0.186, 0.780),
(0.457, 0.148, 0.752),
(0.547, 0.089, 0.668),
(0.612, 0.077, 0.622),
(0.657, 0.056, 0.603),
(0.637, 0.010, 0.580),
(0.599, -0.060, 0.573),
(0.612, -0.122, 0.586),
(0.891, -0.157, 0.504),
(0.941, -0.165, 0.497),
(0.949, -0.201, 0.469),
(1.043, -0.218, 0.451),
(1.078, -0.203, 0.446),
(1.067, -0.156, 0.484),
(1.046, -0.117, 0.509),
(1.026, -0.026, 0.498),
(0.989, 0.021, 0.529),
(0.940, 0.069, 0.565),
(0.914, 0.101, 0.594),
(0.814, 0.165, 0.600),
(0.757, 0.214, 0.642),
(0.735, 0.233, 0.668),
(0.641, 0.221, 0.667),
(0.618, 0.214, 0.674),
(0.592, 0.193, 0.682),
(0.458, 0.100, 0.596),
(0.477, 0.045, 0.599),
(0.516, 0.004, 0.621),
(0.548, -0.061, 0.629),
(0.458, -0.073, 0.590),
(0.425, -0.119, 0.619),
(0.399, -0.101, 0.607),
(0.417, -0.059, 0.572),
(0.423, -0.083, 0.602),
(0.306, -0.120, 0.567),
(0.183, -0.154, 0.531),
(0.116, -0.183, 0.544),
(0.177, -0.113, 0.602),
(0.176, -0.101, 0.627),
(0.095, -0.142, 0.621),
(-0.073, -0.141, 0.608),
(-0.241, -0.100, 0.595),
(-0.321, -0.047, 0.667),
(-0.312, 0.034, 0.769),
(-0.282, 0.061, 0.808),
(-0.522, 0.072, 0.934),
(-0.600, 0.096, 0.918),
(-0.647, 0.044, 0.973),
(-0.664, 0.115, 1.084),
(-0.739, 0.174, 1.232),
(-0.844, 0.211, 1.299),
(-0.947, 0.258, 1.361),
(-0.958, 0.320, 1.428),
(-0.851, 0.484, 1.556),
(-0.712, 0.623, 1.556),
(-0.381, 1.117, 1.953),
(-0.369, 1.094, 1.988),
(-0.552, 0.943, 1.977),
(-0.759, 0.552, 1.717),
(-0.649, 0.302, 1.123),
(-0.709, 0.282, 1.069),
(-0.689, 0.276, 1.052),
(-0.597, 0.226, 1.005),
(-0.617, 0.026, 0.918),
(-0.592, -0.004, 0.900),
(-0.589, -0.024, 0.908),
(-0.586, -0.070, 0.892),
(-0.549, -0.129, 0.893),
(-0.547, -0.148, 0.943),
(-0.493, -0.157, 0.957),
(-0.419, -0.165, 0.962),
(-0.312, -0.138, 1.145),
(-0.290, -0.123, 1.175),
(-0.247, -0.125, 1.176),
(-0.249, -0.066, 1.286),
(-0.292, -0.050, 1.323),
(-0.304, -0.049, 1.308),
(-0.314, 0.052, 1.324),
(-0.327, 0.089, 1.296),
(-0.363, 0.145, 1.294),
(-0.382, 0.182, 1.298),
(-0.390, 0.262, 1.312),
(-0.365, 0.292, 1.264),
(-0.264, 0.387, 1.184),
(-0.235, 0.417, 1.193),
(-0.195, 0.420, 1.183),
(-0.179, 0.482, 1.155),
(-0.176, 0.510, 1.148),
(-0.193, 0.552, 1.177),
(-0.179, 0.560, 1.175),
(-0.296, 0.445, 1.071),
(-0.323, 0.414, 1.037),
(-0.333, 0.413, 1.005),
(-0.355, 0.440, 1.024),
(-0.333, 0.456, 1.052),
(-0.275, 0.458, 0.977),
(-0.255, 0.450, 0.933),
(-0.217, 0.524, 0.992),
(-0.164, 0.562, 1.036),
(-0.094, 0.523, 1.030),
(-0.009, 0.455, 1.045),
(0.040, 0.423, 1.126),
(0.092, 0.395, 1.157),
(0.134, 0.346, 1.096),
(0.042, 0.259, 1.094),
(0.124, 0.201, 0.990),
(0.169, 0.136, 1.032),
(0.114, -0.031, 0.941),
(0.970, -0.314, 0.565),
(1.054, -0.294, 0.521),
(1.102, -0.277, 0.507),
(1.121, -0.242, 0.515),
(1.086, -0.156, 0.531),
(1.079, -0.099, 0.553),
(1.086, -0.033, 0.564),
(1.085, 0.039, 0.608),
(1.049, 0.115, 0.597),
(1.028, 0.146, 0.612),
(0.988, 0.155, 0.613),
(0.938, 0.151, 0.613),
(0.907, 0.181, 0.631),
(0.889, 0.194, 0.631),
(0.860, 0.197, 0.627),
(0.833, 0.194, 0.613),
(0.787, 0.158, 0.636),
(0.778, 0.124, 0.617),
(0.745, 0.100, 0.610),
(0.724, 0.091, 0.585),
(0.723, 0.071, 0.568),
(0.702, 0.061, 0.588),
(0.698, 0.063, 0.621),
(0.665, 0.054, 0.654),
(0.643, 0.008, 0.681),
(0.595, -0.005, 0.717),
(0.559, 0.018, 0.679),
(0.454, 0.025, 0.646),
(0.188, -0.013, 0.547),
(-0.186, 0.140, 0.515),
(-0.203, 0.141, 0.528),
(-0.257, 0.138, 0.508),
(-0.401, 0.202, 0.555),
(-0.406, 0.218, 0.583),
(-0.390, 0.213, 0.611),
(-0.421, 0.154, 0.651),
(-0.641, 0.126, 0.891),
(-0.719, 0.139, 0.955),
(-0.742, 0.121, 0.997),
(-0.755, 0.145, 1.062),
(-0.668, 0.269, 1.239),
(-0.746, 0.356, 1.337),
(-0.812, 0.323, 1.361),
(-0.798, 0.457, 1.475),
(-0.626, 0.816, 1.656),
(-0.483, 0.964, 1.711),
(-0.271, 1.288, 1.851),
(0.203, 1.633, 2.142),
(0.340, 1.537, 2.276),
(-0.597, 0.472, 0.930),
(-0.573, 0.417, 0.888),
(-0.549, 0.375, 0.853),
(-0.390, 0.268, 0.753),
(-0.378, 0.256, 0.714),
(-0.371, 0.245, 0.692),
(-0.360, 0.273, 0.721),
(-0.355, 0.221, 0.684),
(-0.369, 0.233, 0.731),
(-0.361, 0.229, 0.760),
(-0.343, 0.217, 0.770),
(-0.214, 0.214, 1.045),
(-0.115, 0.285, 1.244),
(-0.140, 0.307, 1.300),
(-0.157, 0.310, 1.352),
(-0.146, 0.309, 1.451),
(-0.149, 0.316, 1.458),
(-0.169, 0.299, 1.468),
(-0.211, 0.294, 1.484),
(-0.256, 0.359, 1.512),
(-0.257, 0.373, 1.503),
(-0.266, 0.384, 1.510),
(-0.283, 0.388, 1.501),
(-0.329, 0.383, 1.506),
(-0.388, 0.396, 1.529),
(-0.397, 0.378, 1.482),
(-0.441, 0.363, 1.325),
(-0.498, 0.366, 1.330),
(-0.540, 0.365, 1.318),
(-0.412, 0.361, 1.233),
(-0.268, 0.282, 1.158),
(-0.268, 0.253, 1.145),
(-0.295, 0.252, 1.248),
(-0.213, 0.167, 1.102),
(-0.192, 0.133, 1.104),
(-0.225, 0.123, 1.157),
(-0.244, 0.097, 1.082),
(-0.206, 0.016, 1.051),
(-0.200, 0.036, 1.062),
(-0.209, 0.064, 1.026),
(-0.142, 0.088, 0.981),
(-0.110, 0.126, 0.961),
(0.067, -0.066, 0.754),
(0.131, -0.095, 0.736),
(0.202, -0.127, 0.707),
(0.462, -0.219, 0.609),
(0.770, -0.183, 0.480),
(0.932, -0.106, 0.360),
(0.970, -0.051, 0.363),
(0.926, 0.071, 0.462),
(0.888, 0.076, 0.486),
(0.895, 0.096, 0.517),
(0.936, 0.113, 0.531),
(0.923, 0.124, 0.541),
(0.878, 0.125, 0.552),
(0.807, 0.100, 0.560),
(0.793, 0.092, 0.562),
(0.805, 0.082, 0.562),
(0.789, 0.043, 0.536),
(0.761, 0.022, 0.522),
(0.760, 0.017, 0.523),
(0.812, -0.040, 0.570),
(0.781, -0.031, 0.577),
(0.770, -0.047, 0.587),
(0.726, -0.109, 0.615),
(0.704, -0.137, 0.617),
(0.677, -0.152, 0.639),
(0.610, -0.153, 0.661),
(0.567, -0.161, 0.641),
(0.508, -0.176, 0.650),
(0.246, -0.109, 0.704),
(0.219, -0.079, 0.699),
(0.209, -0.058, 0.698),
(0.038, -0.013, 0.683),
(-0.044, -0.012, 0.700),
(-0.122, 0.032, 0.737),
(-0.173, 0.027, 0.732),
(-0.197, 0.042, 0.800),
(-0.220, 0.050, 0.821),
(-0.295, 0.042, 0.846),
(-0.396, 0.083, 0.857),
(-0.550, 0.139, 0.928),
(-0.597, 0.188, 0.936),
(-0.658, 0.183, 0.862),
(-0.713, 0.195, 0.898),
(-0.742, 0.313, 0.956),
(-0.792, 0.258, 1.017),
(-0.945, 0.266, 1.122),
(-1.028, 0.326, 1.210),
(-1.007, 0.378, 1.300),
(-0.969, 0.381, 1.354),
(0.072, 0.746, 2.451),
(-0.156, 0.545, 2.146),
(-0.341, 0.436, 1.873),
(-0.382, 0.355, 1.505),
(-0.567, 0.051, 1.091),
(-0.572, 0.022, 1.066),
(-0.542, 0.006, 1.050),
(-0.512, 0.034, 1.091),
(-0.508, 0.037, 1.110),
(-0.451, 0.041, 1.135),
(-0.373, 0.049, 1.180),
(-0.308, 0.038, 1.201),
(-0.245, 0.070, 1.232),
(-0.163, 0.113, 1.283),
(-0.075, 0.274, 1.381),
(-0.062, 0.332, 1.419),
(-0.063, 0.368, 1.419),
(-0.088, 0.397, 1.406),
(-0.124, 0.448, 1.421),
(-0.199, 0.500, 1.385),
(-0.208, 0.508, 1.350),
(-0.211, 0.522, 1.317),
(-0.212, 0.540, 1.310),
(-0.184, 0.530, 1.311),
(-0.148, 0.510, 1.306),
(-0.120, 0.491, 1.281),
(-0.108, 0.446, 1.188),
(-0.099, 0.445, 1.160),
(-0.103, 0.444, 1.140),
(-0.115, 0.433, 1.113),
(-0.117, 0.375, 1.009),
(-0.112, 0.347, 0.989),
(-0.092, 0.313, 0.947),
(-0.070, 0.303, 0.886),
(0.002, 0.309, 0.740),
(0.031, 0.323, 0.695),
(0.049, 0.349, 0.679),
(0.073, 0.371, 0.690),
(0.206, 0.324, 0.635),
(0.270, 0.275, 0.634),
(0.371, 0.122, 0.630),
(0.389, 0.098, 0.682),
(0.403, 0.070, 0.694),
(0.537, 0.036, 0.626),
(0.517, -0.043, 0.509),
(0.461, -0.136, 0.477),
(0.437, -0.195, 0.448),
(0.484, -0.247, 0.429),
(0.493, -0.245, 0.396),
(0.503, -0.227, 0.347),
(0.475, -0.215, 0.295),
(0.383, -0.256, 0.199),
(0.401, -0.271, 0.169),
(0.490, -0.271, 0.162),
(0.637, -0.262, 0.164),
(0.843, -0.249, 0.178),
(0.864, -0.230, 0.161),
(0.848, -0.199, 0.165),
(0.815, -0.203, 0.176),
(0.833, -0.260, 0.212),
(0.933, -0.281, 0.207),
(1.021, -0.273, 0.193),
(1.108, -0.295, 0.155),
(1.155, -0.313, 0.091),
(1.186, -0.342, 0.057),
(1.173, -0.287, -0.072),
(1.231, -0.328, -0.083),
(1.315, -0.350, -0.047),
(1.258, -0.242, -0.037),
(1.181, -0.196, -0.075),
(1.124, -0.130, -0.104),
(1.093, -0.099, -0.095),
(1.125, -0.081, 0.009),
(1.168, -0.116, 0.010),
(1.166, -0.130, -0.002),
(1.131, -0.133, -0.015),
(1.026, -0.128, -0.021),
(1.051, -0.205, -0.024),
(1.050, -0.195, -0.017),
(1.035, -0.188, -0.003),
(1.016, -0.247, 0.053),
(0.934, -0.295, 0.065),
(0.877, -0.322, 0.106),
(0.839, -0.317, 0.142),
(0.754, -0.353, 0.222),
(0.720, -0.264, 0.494),
(0.687, -0.278, 0.437),
(0.576, -0.290, 0.424),
(0.395, -0.164, 0.623),
(0.389, -0.156, 0.702),
(0.462, -0.156, 0.684),
(0.536, -0.124, 0.714),
(0.562, -0.063, 0.736),
(0.465, -0.081, 0.705),
(0.327, -0.090, 0.710),
(0.050, 0.083, 0.836),
(0.255, 0.193, 0.865),
(0.085, 0.188, 0.855),
(-0.191, -0.080, 0.759),
(-0.274, -0.009, 0.758),
(-0.302, 0.027, 0.801),
(-0.345, 0.066, 0.837),
(-0.487, 0.076, 0.789),
(-0.547, 0.164, 0.870),
(-0.596, 0.164, 0.834),
(-0.673, 0.194, 0.871),
(-0.768, 0.324, 0.984),
(-0.850, 0.482, 1.128),
(-0.889, 0.581, 1.234),
(-0.820, 0.630, 1.240),
(-0.505, 0.883, 1.390),
(-0.291, 1.056, 1.523),
(0.086, 1.215, 1.773),
(0.295, 1.280, 1.998),
(0.450, 1.102, 2.311),
(0.225, 1.012, 2.302),
(-0.314, 0.245, 1.004),
(-0.329, 0.202, 1.008),
(-0.328, 0.175, 0.998),
(-0.266, 0.087, 0.896),
(-0.207, 0.107, 0.893),
(-0.169, 0.133, 0.921),
(-0.144, 0.151, 0.961),
(-0.080, 0.123, 1.021),
(-0.046, 0.137, 1.091),
(-0.040, 0.139, 1.186),
(0.034, 0.176, 1.331),
(-0.287, 0.327, 1.445),
(-0.301, 0.329, 1.413),
(-0.304, 0.326, 1.370),
(-0.338, 0.321, 1.150),
(-0.372, 0.349, 1.119),
(-0.384, 0.359, 1.114),
(-0.375, 0.380, 1.131),
(-0.312, 0.438, 1.113),
(-0.269, 0.441, 1.110),
(-0.239, 0.428, 1.048),
(-0.305, 0.417, 1.031),
(-0.321, 0.409, 1.057),
(-0.299, 0.389, 1.066),
(-0.201, 0.402, 1.081),
(-0.155, 0.405, 1.135),
(-0.128, 0.365, 1.126),
(-0.139, 0.332, 1.130),
(-0.155, 0.283, 1.120),
(-0.204, 0.237, 1.091),
(-0.243, 0.211, 1.092),
(-0.236, 0.184, 1.105),
(-0.178, 0.127, 1.089),
(-0.111, 0.113, 1.079),
(-0.045, 0.105, 1.075),
(-0.016, 0.096, 1.068),
(0.059, 0.044, 0.992),
(0.092, 0.029, 0.954),
(0.101, 0.002, 0.931),
(0.094, -0.030, 0.901),
(0.151, -0.086, 0.830),
(0.427, -0.225, 0.800),
(0.529, -0.253, 0.779),
(0.621, -0.278, 0.725),
(0.764, -0.242, 0.683),
(0.789, -0.205, 0.691),
(0.811, -0.169, 0.706),
(0.832, -0.114, 0.744),
(0.898, -0.054, 0.764),
(0.869, -0.050, 0.762),
(0.785, -0.024, 0.773),
(0.723, 0.010, 0.797),
(0.610, 0.137, 0.837),
(0.595, 0.157, 0.847),
(0.548, 0.183, 0.784),
(0.497, 0.161, 0.764),
(0.486, 0.144, 0.739),
(0.455, 0.122, 0.703),
(0.467, 0.106, 0.744),
(0.469, 0.064, 0.739),
(0.438, 0.020, 0.728),
(0.376, -0.040, 0.685),
(0.301, -0.086, 0.642),
(0.164, -0.077, 0.587),
(0.049, -0.069, 0.565),
(-0.104, -0.054, 0.708),
(-0.177, -0.063, 0.738),
(-0.194, -0.048, 0.785),
(-0.160, -0.035, 0.832),
(-0.195, -0.052, 0.898),
(-0.248, 0.017, 0.956),
(-0.240, 0.109, 1.053),
(-0.171, 0.187, 1.169),
(-0.130, 0.250, 1.246),
(-0.463, 0.271, 1.205),
(-0.483, 0.281, 1.185),
(-0.487, 0.255, 1.214),
(-0.409, 0.248, 1.197),
(-0.311, 0.228, 1.131),
(-0.300, 0.229, 1.141),
(-0.356, 0.242, 1.158),
(-0.367, 0.398, 1.205),
(-0.450, 0.489, 1.249),
(-0.366, 0.422, 1.247),
(-0.387, 0.184, 1.069),
(-0.358, 0.207, 1.075),
(-0.321, 0.220, 1.069),
(-0.225, 0.200, 1.015),
(-0.208, 0.100, 0.878),
(-0.227, 0.094, 0.880),
(-0.197, 0.124, 0.866),
(-0.167, 0.196, 0.948),
(-0.144, 0.248, 1.028),
(-0.125, 0.301, 1.130),
(-0.094, 0.331, 1.209),
(-0.057, 0.418, 1.386),
(0.091, 0.472, 1.646),
(0.018, 0.465, 1.683),
(0.013, 0.464, 1.664),
(-0.036, 0.392, 1.600),
(-0.095, 0.396, 1.553),
(-0.153, 0.400, 1.531),
(-0.229, 0.381, 1.474),
(-0.312, 0.355, 1.442),
(-0.386, 0.355, 1.448),
(-0.388, 0.360, 1.404),
(-0.342, 0.366, 1.356),
(-0.305, 0.377, 1.292),
(-0.294, 0.391, 1.298),
(-0.265, 0.385, 1.274),
(-0.231, 0.361, 1.282),
(-0.211, 0.353, 1.260),
(-0.169, 0.331, 1.229),
(-0.126, 0.330, 1.205),
(-0.072, 0.378, 1.204),
(-0.026, 0.293, 1.077),
(-0.083, 0.258, 1.081),
(-0.129, 0.232, 1.085),
(-0.109, 0.217, 1.104),
(-0.068, 0.133, 0.998),
(-0.076, 0.073, 0.978),
(-0.054, 0.036, 0.977),
(0.025, 0.018, 0.973),
(0.098, -0.062, 0.896),
(0.124, -0.109, 0.872),
(0.184, -0.135, 0.848),
(0.253, -0.167, 0.812),
(0.304, -0.282, 0.728),
(0.362, -0.324, 0.684),
(0.442, -0.367, 0.637),
(0.508, -0.406, 0.574),
(0.555, -0.495, 0.498),
(0.695, -0.512, 0.447),
(0.876, -0.497, 0.404),
(0.941, -0.520, 0.340),
(0.869, -0.596, 0.203),
(0.918, -0.607, 0.152),
(0.956, -0.585, 0.111),
(1.102, -0.432, 0.045),
(1.130, -0.379, 0.048),
(1.147, -0.302, 0.058),
(1.150, -0.235, 0.088),
(1.116, -0.192, 0.104),
(1.090, -0.154, 0.115),
(1.090, -0.111, 0.149),
(1.100, -0.068, 0.198),
(1.093, 0.015, 0.287),
(1.015, -0.015, 0.252),
(1.021, -0.043, 0.248),
(1.020, -0.087, 0.236),
(0.978, -0.169, 0.150),
(0.973, -0.198, 0.149),
(0.974, -0.203, 0.165),
(0.967, -0.208, 0.170),
(0.909, -0.302, 0.240),
(0.894, -0.329, 0.235),
(0.862, -0.358, 0.225),
(0.794, -0.385, 0.217),
(0.716, -0.387, 0.260),
(0.641, -0.338, 0.360),
(0.591, -0.285, 0.498),
(0.564, -0.271, 0.588),
(0.408, -0.341, 0.561),
(0.327, -0.383, 0.510),
(0.272, -0.319, 0.558),
(0.250, -0.204, 0.607),
(0.100, -0.188, 0.700),
(-0.002, -0.189, 0.752),
(-0.073, -0.132, 0.818),
(-0.138, -0.130, 0.824),
(-0.282, -0.123, 0.856),
(-0.377, -0.091, 0.883),
(-0.496, -0.059, 0.893),
(-0.569, 0.050, 0.956),
(-0.465, 0.180, 1.105),
(-0.454, 0.214, 1.066),
(-0.542, 0.320, 1.094),
(-0.650, 0.446, 1.097),
(-0.653, 0.648, 1.151),
(-0.656, 0.797, 1.193),
(-0.645, 0.861, 1.194),
(-0.594, 0.998, 1.210),
(-0.391, 1.392, 1.193),
(-0.261, 1.615, 1.236),
(-0.245, 1.781, 1.285),
(0.000, 1.824, 1.399),
(0.044, 1.664, 1.402),
(-0.048, 1.475, 1.362),
(-0.159, 1.291, 1.271),
(-0.277, 0.981, 1.192),
(-0.295, 0.835, 1.150),
(-0.312, 0.693, 1.093),
(-0.315, 0.586, 1.028),
(-0.315, 0.435, 0.959),
(-0.333, 0.357, 0.930),
(-0.398, 0.263, 0.836),
(-0.394, 0.274, 0.826),
(-0.385, 0.260, 0.804),
(-0.293, 0.255, 0.764),
(-0.284, 0.255, 0.787),
(-0.300, 0.258, 0.800),
(-0.318, 0.292, 0.815),
(-0.297, 0.381, 0.879),
(-0.251, 0.397, 0.904),
(-0.201, 0.404, 0.950),
(-0.182, 0.415, 1.019),
(-0.070, 0.478, 1.132),
(-0.033, 0.439, 1.135),
(-0.022, 0.415, 1.164),
(-0.021, 0.413, 1.228),
(-0.077, 0.528, 1.297),
(-0.094, 0.517, 1.337),
(-0.135, 0.522, 1.368),
(-0.128, 0.515, 1.370),
(-0.130, 0.497, 1.395),
(-0.137, 0.517, 1.412),
(-0.106, 0.531, 1.443),
(-0.097, 0.518, 1.433),
(-0.123, 0.492, 1.402),
(-0.218, 0.417, 1.296),
(-0.215, 0.396, 1.222),
(-0.222, 0.396, 1.177),
(-0.232, 0.393, 1.167),
(-0.165, 0.373, 1.126),
(-0.187, 0.382, 1.150),
(-0.200, 0.389, 1.085),
(-0.118, 0.411, 1.036),
(-0.071, 0.393, 0.971),
(-0.062, 0.393, 0.914),
(-0.047, 0.391, 0.890),
(-0.014, 0.394, 0.860),
(0.076, 0.377, 0.844),
(0.116, 0.353, 0.839),
(0.198, 0.222, 0.714),
(0.175, 0.166, 0.646),
(0.158, 0.116, 0.616),
(0.271, 0.008, 0.599),
(0.327, -0.006, 0.578),
(0.378, -0.016, 0.574),
(0.420, -0.032, 0.564),
(0.489, -0.032, 0.566),
(0.580, -0.023, 0.562),
(0.655, -0.016, 0.542),
(0.688, -0.013, 0.506),
(0.795, -0.120, 0.397),
(0.791, -0.146, 0.383),
(0.817, -0.175, 0.367),
(0.900, -0.174, 0.341),
(0.979, -0.150, 0.280),
(0.976, -0.160, 0.192),
(1.042, -0.129, 0.215),
(1.089, -0.096, 0.254),
(1.076, -0.017, 0.234),
(1.078, -0.021, 0.236),
(1.087, -0.028, 0.254),
(1.089, -0.034, 0.264),
(1.090, -0.026, 0.254),
(0.976, -0.063, 0.466),
(0.955, -0.076, 0.456),
(0.923, -0.110, 0.457),
(0.754, -0.098, 0.575),
(0.725, -0.085, 0.579),
(0.684, -0.077, 0.559),
(0.637, -0.068, 0.571),
(0.500, -0.034, 0.663),
(0.433, -0.038, 0.635),
(0.348, -0.021, 0.608),
(0.322, 0.006, 0.637),
(0.265, 0.043, 0.591),
(0.160, 0.064, 0.575),
(0.067, 0.102, 0.594),
(0.051, 0.131, 0.636),
(0.033, 0.180, 0.665),
(0.038, 0.199, 0.723),
(0.022, 0.178, 0.762),
(-0.043, 0.182, 0.796),
(-0.163, 0.174, 0.829),
(-0.412, 0.123, 0.795),
(-0.484, 0.164, 0.837),
(-0.537, 0.203, 0.822),
(-0.610, 0.284, 0.831),
(-0.623, 0.345, 0.850),
(-0.646, 0.475, 0.968),
(-0.655, 0.610, 1.143),
(-0.668, 0.667, 1.187),
(-0.705, 0.801, 1.260),
(-0.607, 0.970, 1.403),
(-0.339, 1.202, 1.620),
(0.713, 1.634, 2.226),
(0.336, 1.319, 2.296),
(-0.285, 1.054, 2.142),
(-0.648, 0.905, 1.830),
(-0.675, 0.477, 1.577),
(-0.589, 0.500, 1.412),
(-0.515, 0.574, 1.179),
(-0.437, 0.606, 1.016),
(-0.473, 0.357, 0.958),
(-0.607, 0.286, 0.877),
(-0.645, 0.246, 0.810),
(-0.574, 0.196, 0.809),
(-0.527, 0.186, 0.815),
(-0.530, 0.190, 0.802),
(-0.501, 0.207, 0.802),
(-0.476, 0.252, 0.847),
(-0.422, 0.224, 0.847),
(-0.382, 0.204, 0.858),
(-0.334, 0.185, 0.879),
(-0.282, 0.102, 0.918),
(-0.265, 0.087, 0.959),
(-0.216, 0.092, 1.018),
(-0.167, 0.088, 1.035),
(-0.089, 0.129, 1.081),
(-0.092, 0.128, 1.103),
(-0.110, 0.122, 1.128),
(-0.112, 0.125, 1.143),
(-0.096, 0.179, 1.263),
(-0.091, 0.187, 1.326),
(-0.082, 0.158, 1.336),
(-0.082, 0.148, 1.347),
(-0.124, 0.161, 1.446),
(-0.095, 0.149, 1.441),
(-0.094, 0.156, 1.468),
(-0.160, 0.173, 1.512),
(-0.159, 0.173, 1.549),
(-0.143, 0.181, 1.549),
(-0.142, 0.203, 1.540),
(-0.151, 0.247, 1.515),
(-0.151, 0.277, 1.481),
(-0.158, 0.301, 1.468),
(-0.160, 0.316, 1.449),
(-0.157, 0.337, 1.408),
(-0.165, 0.349, 1.370),
(-0.207, 0.365, 1.358),
(-0.223, 0.379, 1.356),
(-0.199, 0.384, 1.345),
(-0.123, 0.414, 1.261),
(-0.170, 0.349, 1.174),
(-0.186, 0.326, 1.176),
(-0.192, 0.312, 1.161),
(-0.179, 0.262, 1.085),
(-0.102, 0.206, 1.026),
(-0.069, 0.163, 1.008),
(-0.098, 0.145, 1.006),
(-0.052, -0.026, 0.958),
(-0.021, -0.068, 0.925),
(0.039, -0.098, 0.872),
(0.080, -0.110, 0.827),
(0.136, -0.196, 0.737),
(0.307, -0.329, 0.519),
(0.677, -0.247, 0.284),
(0.738, -0.220, 0.264),
(0.791, -0.191, 0.278),
(0.853, -0.188, 0.299),
(0.995, -0.220, 0.251),
(1.045, -0.212, 0.218),
(1.099, -0.184, 0.218),
(1.151, -0.143, 0.231),
(1.178, -0.110, 0.245),
(1.190, -0.070, 0.269),
(1.175, -0.033, 0.271),
(1.139, -0.012, 0.262),
(1.141, 0.059, 0.304),
(1.133, 0.069, 0.341),
(1.110, 0.083, 0.375),
(1.089, 0.122, 0.417),
(1.073, 0.101, 0.441),
(1.041, 0.086, 0.442),
(1.007, 0.084, 0.470),
(0.977, 0.060, 0.483),
(0.909, 0.012, 0.482),
(0.840, -0.026, 0.595),
(0.825, -0.047, 0.617),
(0.812, -0.060, 0.631),
(0.294, -0.122, 0.643),
(0.060, -0.023, 0.677),
(0.010, -0.020, 0.643),
(-0.022, 0.004, 0.640),
(-0.115, 0.129, 0.708),
(-0.105, 0.169, 0.748),
(-0.102, 0.195, 0.755),
(-0.135, 0.233, 0.749),
(-0.198, 0.239, 0.717),
(-0.303, 0.251, 0.740),
(-0.391, 0.263, 0.760),
(-0.606, 0.235, 0.796),
(-0.636, 0.257, 0.813),
(-0.679, 0.243, 0.806),
(-0.780, 0.281, 0.902),
(-0.927, 0.298, 0.996),
(-0.936, 0.336, 1.116),
(-0.890, 0.378, 1.220),
(-0.783, 0.470, 1.317),
(-0.377, 0.791, 1.677),
(-0.135, 1.046, 1.907),
(0.240, 1.365, 2.243),
(0.764, 1.426, 2.530),
(0.294, 0.855, 2.666),
(-0.233, 0.690, 2.539),
(-0.462, 0.404, 2.111),
(-0.557, 0.314, 1.783),
(-0.599, 0.263, 1.368),
(-0.567, 0.230, 1.295),
(-0.527, 0.172, 1.224),
(-0.539, 0.110, 1.150),
(-0.546, 0.092, 1.087),
(-0.506, 0.075, 1.046),
(-0.424, 0.059, 1.032),
(-0.350, -0.015, 0.991),
(-0.438, -0.085, 0.861),
(-0.282, 0.067, 0.932),
(-0.193, 0.053, 0.964),
(-0.115, 0.061, 1.002),
(-0.056, 0.082, 1.287),
(-0.043, 0.086, 1.346),
(-0.044, 0.062, 1.377),
(-0.098, -0.017, 1.422),
(-0.125, 0.016, 1.480),
(-0.135, 0.041, 1.478),
(-0.152, 0.066, 1.476),
(-0.208, 0.145, 1.469),
(-0.165, 0.149, 1.472),
(-0.125, 0.156, 1.466),
(-0.113, 0.160, 1.421),
(-0.237, 0.176, 1.369),
(-0.304, 0.194, 1.332),
(-0.333, 0.206, 1.287),
(-0.312, 0.211, 1.262),
(-0.260, 0.244, 1.292),
(-0.234, 0.213, 1.268),
(-0.237, 0.197, 1.246),
(-0.274, 0.183, 1.228),
(-0.368, 0.166, 1.171),
(-0.383, 0.161, 1.161),
(-0.368, 0.177, 1.150),
(-0.337, 0.202, 1.155),
(-0.274, 0.189, 1.073),
(-0.287, 0.176, 1.067),
(-0.306, 0.157, 1.030),
(-0.323, 0.112, 0.992),
(-0.304, 0.050, 0.988),
(-0.239, 0.048, 1.005),
(-0.155, 0.031, 1.014),
(-0.092, 0.015, 0.989),
(-0.066, -0.014, 0.942),
(-0.051, -0.028, 0.915),
(-0.055, -0.046, 0.915),
(-0.013, -0.072, 0.899),
(0.084, -0.138, 0.919),
(0.165, -0.190, 0.892),
(0.246, -0.241, 0.877),
(0.319, -0.303, 0.861),
(0.383, -0.363, 0.822),
(0.832, -0.496, 0.646),
(0.907, -0.501, 0.603),
(0.949, -0.491, 0.577),
(0.996, -0.434, 0.525),
(1.070, -0.283, 0.554),
(1.035, -0.260, 0.589),
(1.024, -0.223, 0.617),
(0.996, -0.121, 0.687),
(0.931, -0.113, 0.708),
(0.905, -0.104, 0.727),
(0.830, -0.118, 0.731),
(0.207, -0.035, 0.686),
(0.117, -0.080, 0.596),
(0.001, -0.104, 0.557),
(-0.232, -0.103, 0.563),
(-0.297, -0.107, 0.590),
(-0.329, -0.095, 0.652),
(-0.332, -0.101, 0.703),
(-0.414, -0.108, 0.724),
(-0.480, -0.111, 0.784),
(-0.531, -0.134, 0.868),
(-0.573, -0.165, 0.956),
(-0.617, -0.135, 0.948),
(-0.583, -0.133, 1.045),
(-0.578, -0.138, 1.097),
(-0.620, -0.206, 1.084),
(-0.768, -0.281, 1.292),
(-0.813, -0.253, 1.347),
(-0.788, -0.188, 1.442),
(-0.718, -0.113, 1.515),
(-0.792, -0.005, 1.591),
(-0.842, 0.085, 1.643),
(-0.786, 0.258, 1.852),
(-0.552, 0.420, 2.057),
(0.062, 0.596, 2.295),
(-0.004, 0.519, 2.241),
(-0.291, 0.456, 2.184),
(-0.467, 0.434, 2.092),
(-0.522, 0.309, 1.686),
(-0.584, 0.259, 1.531),
(-0.570, 0.184, 1.404),
(-0.511, -0.009, 1.131),
(-0.519, -0.049, 1.111),
(-0.570, -0.063, 1.113),
(-0.615, -0.081, 1.089),
(-0.579, -0.094, 1.037),
(-0.524, -0.080, 1.004),
(-0.495, -0.065, 0.990),
(-0.467, -0.063, 0.964),
(-0.388, -0.160, 0.982),
(-0.370, -0.195, 0.969),
(-0.216, -0.117, 1.088),
(-0.179, -0.086, 1.114),
(-0.164, -0.050, 1.154),
(-0.130, 0.037, 1.261),
(-0.251, 0.172, 1.321),
(-0.230, 0.194, 1.337),
(-0.248, 0.201, 1.358),
(-0.207, 0.249, 1.328),
(-0.167, 0.264, 1.333),
(-0.153, 0.292, 1.369),
(-0.158, 0.225, 1.372),
(-0.176, 0.203, 1.362),
(-0.230, 0.194, 1.312),
(-0.266, 0.196, 1.287),
(-0.307, 0.187, 1.223),
(-0.350, 0.199, 1.180),
(-0.354, 0.210, 1.152),
(-0.326, 0.212, 1.120),
(-0.302, 0.242, 1.061),
(-0.307, 0.258, 1.040),
(-0.302, 0.253, 1.027),
(-0.317, 0.242, 1.013),
(-0.320, 0.221, 0.990),
(-0.301, 0.188, 1.003),
(-0.281, 0.172, 1.048),
(-0.240, 0.126, 1.079),
(-0.080, 0.051, 1.038),
(-0.078, 0.025, 1.038),
(-0.072, -0.027, 1.029),
(-0.030, -0.061, 1.011),
(0.125, -0.142, 0.984),
(0.333, -0.421, 0.873),
(0.415, -0.501, 0.854),
(0.450, -0.578, 0.829),
(0.601, -0.611, 0.711),
(0.584, -0.541, 0.677),
(0.585, -0.448, 0.669),
(0.603, -0.359, 0.682),
(0.627, -0.267, 0.692),
(0.688, -0.190, 0.707),
(0.742, -0.098, 0.745),
(0.791, -0.001, 0.789),
(0.838, 0.161, 0.792),
(0.789, 0.208, 0.805),
(0.741, 0.234, 0.823),
(0.721, 0.263, 0.871),
(0.741, 0.274, 0.901),
(0.734, 0.279, 0.929),
(0.740, 0.267, 0.944),
(0.721, 0.247, 0.940),
(0.655, 0.229, 0.935),
(0.624, 0.201, 0.925),
(0.588, 0.188, 0.941),
(0.574, 0.166, 0.951),
(0.561, 0.138, 0.932),
(0.511, 0.102, 0.928),
(0.440, 0.077, 0.899),
(0.403, 0.049, 0.868),
(0.291, 0.048, 0.819),
(0.222, 0.000, 0.797),
(0.122, -0.013, 0.750),
(-0.161, 0.153, 0.792),
(-0.230, 0.153, 0.807),
(-0.295, 0.157, 0.821),
(-0.353, 0.153, 0.853),
(-0.386, 0.159, 0.884),
(-0.433, 0.158, 0.872),
(-0.533, 0.149, 0.928),
(-0.547, 0.106, 0.924),
(-0.576, 0.083, 0.959),
(-0.590, 0.075, 0.997),
(-0.580, 0.045, 0.992),
(-0.571, -0.004, 0.994),
(-0.570, -0.040, 1.091),
(-0.580, -0.058, 1.181),
(-0.364, 0.010, 1.545),
(-0.267, 0.032, 1.640),
(-0.103, 0.035, 1.725),
(0.052, 0.030, 1.802),
(0.162, -0.057, 1.911),
(0.017, -0.072, 1.945),
(-0.108, -0.023, 1.907),
(-0.190, 0.097, 1.508),
(-0.144, 0.069, 1.392),
(-0.133, 0.030, 1.302),
(-0.096, -0.011, 1.250),
(-0.136, -0.169, 1.260),
(-0.234, -0.199, 1.280),
(-0.306, -0.220, 1.244),
(-0.323, -0.206, 1.226),
(-0.257, -0.183, 1.327),
(-0.155, -0.204, 1.309),
(-0.042, -0.216, 1.328),
(0.008, -0.252, 1.362),
(0.285, -0.184, 1.509),
(0.267, -0.160, 1.494),
(0.266, -0.153, 1.471),
(0.163, -0.117, 1.399),
(0.334, -0.003, 1.290),
(0.251, 0.061, 1.169),
(0.274, 0.058, 1.084),
(0.310, 0.058, 1.058),
(0.286, 0.067, 1.067),
(0.232, 0.040, 0.998),
(0.265, 0.030, 0.943),
(0.337, 0.012, 0.921),
(0.376, 0.047, 0.871),
(0.302, 0.014, 0.775),
(0.270, -0.030, 0.730),
(0.294, -0.033, 0.676),
(0.346, -0.045, 0.640),
(0.376, -0.032, 0.548),
(0.337, -0.063, 0.510),
(0.255, -0.174, 0.490),
(0.228, -0.309, 0.474),
(0.286, -0.409, 0.457),
(0.348, -0.446, 0.412),
(0.357, -0.487, 0.339),
(0.325, -0.542, 0.253),
(0.463, -0.656, -0.004),
(0.533, -0.690, -0.064),
(0.578, -0.728, -0.134),
(0.625, -0.735, -0.208),
(0.743, -0.748, -0.360),
(0.850, -0.722, -0.413),
(0.902, -0.668, -0.446),
(0.895, -0.633, -0.478),
(0.921, -0.616, -0.492),
(1.118, -0.512, -0.427),
(1.075, -0.484, -0.400),
(1.073, -0.471, -0.364),
(1.167, -0.438, -0.239),
(1.155, -0.405, -0.246),
(1.118, -0.393, -0.264),
(1.077, -0.388, -0.244),
(1.060, -0.395, -0.204),
(1.093, -0.393, -0.154),
(1.110, -0.379, -0.114),
(1.087, -0.385, -0.105),
(0.990, -0.397, -0.092),
(0.956, -0.414, -0.069),
(0.931, -0.408, -0.042),
(0.918, -0.397, -0.010),
(0.896, -0.348, 0.051),
(0.877, -0.334, 0.086),
(0.898, -0.335, 0.143),
(0.912, -0.358, 0.146),
(0.824, -0.401, 0.176),
(0.731, -0.416, 0.195),
(0.659, -0.419, 0.235),
(0.638, -0.413, 0.244),
(0.517, -0.423, 0.276),
(0.456, -0.402, 0.319),
(0.423, -0.355, 0.381),
(0.371, -0.318, 0.430),
(0.124, -0.296, 0.375),
(-0.041, -0.247, 0.358),
(-0.144, -0.155, 0.410),
(-0.203, -0.088, 0.493),
(-0.325, 0.006, 0.652),
(-0.378, 0.064, 0.717),
(-0.404, 0.119, 0.788),
(-0.409, 0.165, 0.836),
(-0.427, 0.251, 0.850),
(-0.444, 0.285, 0.857),
(-0.505, 0.304, 0.908),
(-0.593, 0.370, 1.000),
(-0.649, 0.336, 1.003),
(-0.646, 0.348, 0.998),
(-0.647, 0.388, 1.048),
(-0.669, 0.434, 1.195),
(-0.775, 0.544, 1.459),
(-0.110, 0.966, 2.050),
(0.290, 0.575, 2.250),
(-0.310, 0.195, 1.254),
(-0.291, 0.032, 0.913),
(-0.338, -0.011, 0.889),
(-0.324, -0.036, 0.886),
(-0.298, 0.026, 0.897),
(-0.177, 0.000, 1.052),
(0.089, 0.070, 1.335),
(0.180, 0.270, 1.425),
(-0.013, 0.281, 1.306),
(-0.043, 0.285, 1.274),
(-0.056, 0.285, 1.241),
(-0.109, 0.292, 1.189),
(-0.076, 0.298, 1.175),
(-0.042, 0.318, 1.164),
(-0.016, 0.317, 1.126),
(0.019, 0.340, 1.098),
(0.026, 0.367, 1.073),
(0.023, 0.369, 1.034),
(0.024, 0.375, 1.009),
(0.029, 0.353, 0.970),
(0.022, 0.318, 0.968),
(0.010, 0.280, 0.921),
(-0.014, 0.250, 0.894),
(0.062, 0.241, 0.888),
(0.120, 0.239, 0.877),
(0.163, 0.259, 0.883),
(0.191, 0.273, 0.890),
(0.198, 0.266, 0.879),
(0.205, 0.249, 0.865),
(0.246, 0.234, 0.842),
(0.266, 0.222, 0.850),
(0.341, 0.130, 0.817),
(0.316, 0.091, 0.816),
(0.300, 0.053, 0.792),
(0.299, 0.009, 0.759),
(0.359, -0.069, 0.708),
(0.416, -0.088, 0.682),
(0.498, -0.112, 0.642),
(0.625, -0.125, 0.656),
(0.664, -0.132, 0.646),
(0.727, -0.131, 0.586),
(0.885, -0.087, 0.487),
(0.952, -0.256, 0.385),
(0.944, -0.280, 0.352),
(0.947, -0.270, 0.325),
(0.990, -0.204, 0.315),
(1.013, -0.166, 0.320),
(1.011, -0.142, 0.322),
(0.997, -0.137, 0.337),
(0.962, -0.142, 0.402),
(0.943, -0.124, 0.420),
(0.954, -0.095, 0.438),
(0.957, -0.073, 0.456),
(0.922, -0.014, 0.502),
(0.915, 0.002, 0.520),
(0.911, -0.013, 0.539),
(0.883, -0.042, 0.552),
(0.812, -0.083, 0.567),
(0.755, -0.098, 0.576),
(0.677, -0.134, 0.615),
(0.615, -0.163, 0.634),
(0.463, -0.105, 0.672),
(0.424, -0.052, 0.751),
(0.442, -0.014, 0.780),
(0.443, -0.025, 0.761),
(0.292, -0.060, 0.724),
(0.208, 0.009, 0.739),
(0.153, 0.069, 0.815),
(0.190, 0.084, 0.918),
(0.193, 0.043, 0.833),
(0.118, 0.092, 0.884),
(0.095, 0.210, 0.962),
(0.121, 0.229, 0.981),
(0.163, 0.286, 1.027),
(0.308, 0.444, 1.148),
(0.328, 0.489, 1.173),
(0.293, 0.530, 1.174),
(0.261, 0.549, 1.182),
(0.252, 0.574, 1.152),
(0.220, 0.517, 1.115),
(0.207, 0.466, 1.055),
(0.173, 0.422, 0.991),
(0.119, 0.482, 0.950),
(0.077, 0.418, 0.841),
(-0.040, 0.388, 0.810),
(-0.139, 0.366, 0.809),
(-0.220, 0.289, 0.739),
(-0.112, 0.397, 0.803),
(-0.006, 0.462, 0.845),
(0.019, 0.529, 0.948),
(-0.087, 0.548, 1.019),
(-0.094, 0.521, 1.039),
(-0.092, 0.478, 1.052),
(-0.072, 0.464, 1.113),
(-0.083, 0.463, 1.252),
(-0.034, 0.436, 1.325),
(-0.052, 0.441, 1.382),
(-0.077, 0.438, 1.405),
(-0.034, 0.368, 1.385),
(-0.007, 0.347, 1.373),
(0.023, 0.325, 1.362),
(0.126, 0.315, 1.391),
(0.379, 0.400, 1.510),
(0.235, 0.271, 1.529),
(0.127, 0.215, 1.467),
(0.015, 0.196, 1.454),
(0.015, 0.265, 1.406),
(0.021, 0.265, 1.432),
(0.010, 0.273, 1.461),
(-0.024, 0.273, 1.470),
(-0.098, 0.262, 1.447),
(-0.082, 0.289, 1.412),
(-0.073, 0.298, 1.368),
(-0.086, 0.313, 1.332),
(-0.229, 0.398, 1.240),
(-0.263, 0.431, 1.269),
(-0.285, 0.417, 1.233),
(-0.291, 0.413, 1.177),
(-0.219, 0.427, 1.116),
(-0.201, 0.409, 1.057),
(-0.194, 0.418, 1.006),
(-0.215, 0.426, 0.980),
(-0.214, 0.424, 0.906),
(-0.189, 0.429, 0.909),
(-0.123, 0.436, 0.913),
(-0.072, 0.449, 0.922),
(-0.010, 0.411, 0.906),
(0.014, 0.390, 0.883),
(0.042, 0.387, 0.866),
(0.067, 0.375, 0.859),
(0.085, 0.332, 0.829),
(0.057, 0.308, 0.820),
(0.049, 0.273, 0.816),
(0.081, 0.243, 0.796),
(0.146, 0.191, 0.752),
(0.188, 0.163, 0.736),
(0.344, 0.056, 0.738),
(0.376, 0.037, 0.708),
(0.493, -0.095, 0.699),
(0.589, -0.111, 0.695),
(0.682, -0.134, 0.678),
(0.764, -0.211, 0.591),
(0.777, -0.258, 0.576),
(0.808, -0.301, 0.542),
(0.853, -0.325, 0.493),
(0.911, -0.339, 0.426),
(0.966, -0.341, 0.392),
(1.011, -0.341, 0.380),
(1.056, -0.331, 0.367),
(1.114, -0.313, 0.374),
(1.113, -0.306, 0.379),
(1.084, -0.302, 0.364),
(1.039, -0.300, 0.340),
(0.980, -0.241, 0.335),
(0.990, -0.197, 0.363),
(1.010, -0.146, 0.405),
(1.026, -0.109, 0.450),
(1.025, -0.128, 0.462),
(1.015, -0.096, 0.483),
(1.014, -0.085, 0.516),
(1.004, -0.096, 0.504),
(0.921, -0.077, 0.519),
(0.900, -0.080, 0.538),
(0.872, -0.090, 0.554),
(0.839, -0.101, 0.569),
(0.778, -0.125, 0.615),
(0.742, -0.171, 0.646),
(0.698, -0.248, 0.617),
(0.615, -0.331, 0.520),
(0.362, -0.345, 0.440),
(0.272, -0.287, 0.492),
(0.240, -0.234, 0.609),
(0.289, -0.202, 0.679),
(0.214, -0.162, 0.629),
(0.041, -0.177, 0.634),
(-0.051, -0.159, 0.751),
(-0.009, -0.067, 0.824),
(0.053, 0.041, 0.815),
(0.049, 0.157, 0.915),
(0.061, 0.253, 0.972),
(0.136, 0.268, 1.020),
(0.094, 0.287, 0.953),
(0.065, 0.300, 0.994),
(0.129, 0.340, 1.081),
(0.171, 0.421, 1.083),
(0.197, 0.491, 1.107),
(0.238, 0.560, 1.178),
(0.257, 0.544, 1.177),
(0.181, 0.506, 1.034),
(-0.035, 0.557, 1.053),
(0.103, 0.467, 1.069),
(-0.572, 0.399, 0.728),
(-0.532, 0.415, 0.762),
(-0.532, 0.435, 0.849),
(-0.556, 0.476, 0.951),
(-0.535, 0.536, 1.038),
(-0.448, 0.593, 1.113),
(-0.346, 0.616, 1.161),
(-0.283, 0.636, 1.222),
(-0.222, 0.653, 1.354),
(-0.143, 0.241, 1.372),
(-0.139, 0.217, 1.279),
(-0.116, 0.222, 1.200),
(-0.175, 0.096, 1.027),
(-0.252, 0.042, 1.003),
(-0.325, 0.032, 1.021),
(-0.358, -0.007, 1.014),
(-0.393, -0.100, 0.980),
(-0.398, -0.076, 0.995),
(-0.370, -0.092, 0.985),
(-0.356, -0.112, 1.002),
(-0.340, -0.110, 1.079),
(-0.350, -0.150, 1.114),
(-0.334, -0.157, 1.134),
(-0.261, -0.150, 1.124),
(-0.219, -0.124, 1.133),
(-0.226, -0.085, 1.156),
(-0.205, -0.051, 1.211),
(-0.196, -0.048, 1.245),
(-0.166, -0.020, 1.313),
(-0.109, 0.431, 1.085),
(-0.084, 0.431, 1.080),
(-0.049, 0.435, 1.102),
(-0.016, 0.354, 1.049),
(0.018, 0.345, 1.068),
(0.061, 0.294, 1.003),
(0.074, 0.261, 0.958),
(0.065, 0.260, 0.981),
(0.100, 0.249, 0.955),
(0.163, 0.254, 0.931),
(0.167, 0.298, 0.912),
(0.127, 0.300, 0.880),
(0.107, 0.278, 0.863),
(0.154, 0.256, 0.877),
(0.233, 0.263, 0.884),
(0.250, 0.281, 0.874),
(0.286, 0.304, 0.895),
(0.287, 0.322, 0.910),
(0.243, 0.277, 0.880),
(0.210, 0.219, 0.820),
(0.202, 0.183, 0.798),
(0.216, 0.154, 0.791),
(0.262, 0.119, 0.797),
(0.273, 0.078, 0.791),
(0.303, 0.057, 0.761),
(0.363, 0.074, 0.731),
(0.393, 0.064, 0.737),
(0.374, 0.043, 0.741),
(0.416, 0.022, 0.736),
(0.472, -0.002, 0.741),
(0.531, -0.046, 0.706),
(0.548, -0.054, 0.691),
(0.566, -0.069, 0.689),
(0.555, -0.084, 0.717),
(0.638, -0.071, 0.667),
(0.692, -0.052, 0.645),
(0.740, -0.026, 0.640),
(0.772, 0.009, 0.655),
(0.771, 0.019, 0.630),
(0.761, -0.005, 0.622),
(0.739, -0.049, 0.603),
(0.738, -0.062, 0.584),
(0.729, -0.047, 0.594),
(0.739, -0.030, 0.568),
(0.779, -0.013, 0.551),
(0.826, -0.028, 0.543),
(0.927, -0.062, 0.541),
(0.932, -0.075, 0.531),
(0.920, -0.087, 0.488),
(0.917, -0.093, 0.454),
(0.926, -0.099, 0.466),
(0.936, -0.100, 0.487),
(0.948, -0.101, 0.500),
(0.976, -0.103, 0.502),
(1.031, -0.125, 0.479),
(1.041, -0.156, 0.473),
(1.047, -0.178, 0.484),
(1.042, -0.187, 0.491),
(1.041, -0.196, 0.522),
(1.068, -0.183, 0.542),
(1.066, -0.200, 0.550),
(1.029, -0.228, 0.550),
(0.992, -0.254, 0.563),
(0.704, -0.264, 0.692),
(0.694, -0.241, 0.705),
(0.679, -0.207, 0.705),
(0.459, -0.188, 0.682),
(0.344, -0.186, 0.715),
(0.284, -0.110, 0.779),
(0.301, -0.002, 0.797),
(0.325, 0.062, 0.836),
(0.316, 0.086, 0.859),
(0.281, 0.141, 0.851),
(0.235, 0.286, 0.839),
(0.216, 0.349, 0.888),
(0.172, 0.373, 0.890),
(0.004, 0.329, 0.798),
(-0.084, 0.372, 0.760),
(-0.083, 0.475, 0.772),
(-0.024, 0.533, 0.771),
(-0.013, 0.506, 0.678),
(-0.010, 0.493, 0.708),
(-0.051, 0.480, 0.718),
(-0.093, 0.511, 0.707),
(-0.079, 0.522, 0.751),
(-0.050, 0.512, 0.769),
(-0.034, 0.547, 0.777),
(-0.105, 0.493, 0.713),
(-0.183, 0.523, 0.738),
(-0.236, 0.528, 0.734),
(-0.296, 0.465, 0.715),
(-0.462, 0.485, 0.726),
(-0.489, 0.489, 0.795),
(-0.515, 0.477, 0.818),
(-0.567, 0.440, 0.826),
(-0.642, 0.487, 1.034),
(-0.644, 0.534, 1.139),
(-0.631, 0.567, 1.241),
(1.091, 1.198, 2.620),
(0.527, 0.795, 2.676),
(0.183, 0.566, 2.520),
(-0.300, 0.239, 1.285),
(-0.262, 0.249, 1.123),
(-0.188, 0.125, 0.984),
(-0.203, -0.064, 0.886),
(-0.398, -0.368, 0.727),
(-0.572, -0.324, 0.429),
(-0.538, -0.250, 0.469),
(-0.505, -0.186, 0.523),
(-0.530, -0.076, 0.799),
(-0.427, -0.107, 0.923),
(-0.290, -0.131, 1.090),
(-0.094, -0.209, 1.109),
(0.037, -0.321, 1.191),
(0.095, -0.096, 1.713),
(0.012, -0.051, 1.733),
(-0.079, 0.032, 1.749),
(-0.078, 0.137, 1.802),
(-0.139, 0.157, 1.732),
(-0.145, 0.523, 1.360),
(-0.187, 0.542, 1.318),
(-0.230, 0.559, 1.266),
(-0.287, 0.530, 1.133),
(-0.284, 0.491, 1.138),
(-0.264, 0.472, 1.160),
(-0.209, 0.429, 1.097),
(-0.231, 0.358, 0.996),
(-0.312, 0.331, 0.940),
(-0.336, 0.311, 0.895),
(-0.334, 0.286, 0.865),
(-0.336, 0.294, 0.777),
(-0.337, 0.292, 0.751),
(-0.322, 0.289, 0.748),
(-0.299, 0.277, 0.784),
(-0.226, 0.234, 0.858),
(-0.164, 0.194, 0.870),
(-0.095, 0.149, 0.861),
(-0.056, 0.101, 0.844),
(0.043, -0.027, 0.804),
(0.097, -0.071, 0.812),
(0.158, -0.093, 0.820),
(0.232, -0.117, 0.803),
(0.309, -0.166, 0.795),
(0.362, -0.232, 0.796),
(0.420, -0.302, 0.786),
(0.552, -0.537, 0.632),
(0.578, -0.601, 0.584),
(0.736, -0.605, 0.494),
(0.942, -0.581, 0.472),
(1.102, -0.588, 0.524),
(1.097, -0.620, 0.510),
(1.074, -0.714, 0.444),
(1.132, -0.810, 0.362),
(1.257, -0.873, 0.333),
(1.201, -0.834, 0.443),
(1.120, -0.713, 0.502),
(1.052, -0.624, 0.564),
(0.810, -0.475, 0.751),
(0.666, -0.454, 0.696),
(0.484, -0.432, 0.708),
(0.372, -0.363, 0.756),
(0.287, -0.255, 0.759),
(0.188, 0.702, 1.021),
(0.138, 0.814, 0.984),
(0.069, 0.955, 0.890),
(0.144, 0.923, 0.958),
(0.210, 0.837, 0.961),
(0.246, 0.622, 0.918),
(0.225, 0.545, 0.924),
(0.413, 0.293, 0.906),
(0.358, 0.233, 0.839),
(0.262, 0.200, 0.785),
(0.138, 0.166, 0.722),
(0.073, 0.145, 0.691),
(0.029, 0.143, 0.690),
(-0.019, 0.134, 0.728),
(-0.091, 0.089, 0.666),
(-0.134, 0.078, 0.636),
(-0.169, 0.091, 0.669),
(-0.189, 0.058, 0.653),
(-0.267, 0.051, 0.648),
(-0.270, 0.056, 0.627),
(-0.297, 0.000, 0.615),
(-0.396, -0.007, 0.632),
(-0.602, 0.000, 0.721),
(-0.658, 0.027, 0.802),
(-0.713, 0.100, 0.928),
(-0.778, 0.112, 0.901),
(-0.914, 0.250, 1.108),
(-0.905, 0.409, 1.336),
(-0.776, 0.551, 1.495),
(-0.594, 0.792, 1.658),
(0.417, 1.424, 2.370),
(0.987, 1.399, 2.642),
(0.893, 1.173, 2.808),
(0.301, 0.911, 2.949),
(-0.120, 0.773, 2.304),
(-0.113, 0.674, 1.894),
(-0.305, 0.531, 1.608),
(-0.496, 0.435, 1.350),
(-0.548, 0.361, 1.210),
(-0.539, -0.050, 0.853),
(-0.507, -0.028, 0.838),
(-0.505, -0.001, 0.831),
(-0.491, 0.004, 0.732),
(-0.288, -0.150, 0.688),
(0.099, 0.141, 1.326),
(0.053, 0.182, 1.373),
(0.031, 0.206, 1.370),
(0.024, 0.289, 1.451),
(-0.128, 0.224, 1.328),
(-0.226, 0.419, 1.292),
(-0.250, 0.441, 1.257),
(-0.279, 0.489, 1.284),
(-0.286, 0.488, 1.267),
(-0.271, 0.485, 1.190),
(-0.234, 0.513, 1.179),
(-0.211, 0.526, 1.149),
(-0.210, 0.543, 1.120),
(-0.222, 0.575, 1.108),
(-0.212, 0.593, 1.105),
(-0.176, 0.602, 1.093),
(-0.159, 0.618, 1.100),
(-0.111, 0.618, 1.083),
(-0.139, 0.391, 1.056),
(-0.117, 0.352, 1.086),
(-0.086, 0.308, 1.120),
(0.080, 0.054, 1.019),
(0.110, -0.008, 1.007),
(0.137, -0.082, 0.986),
(0.180, -0.156, 0.950),
(0.282, -0.259, 0.880),
(0.301, -0.299, 0.826),
(0.300, -0.337, 0.786),
(0.307, -0.368, 0.763),
(0.466, -0.426, 0.695),
(0.571, -0.452, 0.658),
(0.639, -0.481, 0.619),
(0.679, -0.475, 0.582),
(0.687, -0.393, 0.463),
(0.685, -0.368, 0.445),
(0.701, -0.313, 0.466),
(0.738, -0.262, 0.492),
(0.768, -0.370, 0.428),
(0.793, -0.471, 0.400),
(0.855, -0.359, 0.421),
(0.925, -0.136, 0.507),
(0.940, 0.059, 0.608),
(0.913, 0.182, 0.683),
(0.872, 0.196, 0.718),
(0.855, 0.138, 0.694),
(0.929, 0.065, 0.585),
(0.931, -0.147, 0.436),
(0.915, -0.134, 0.475),
(0.918, -0.133, 0.494),
(0.855, -0.143, 0.567),
(0.828, -0.145, 0.612),
(0.699, -0.233, 0.630),
(0.609, -0.272, 0.663),
(0.505, -0.271, 0.732),
(0.478, -0.128, 0.839),
(0.474, -0.121, 0.824),
(0.426, -0.126, 0.828),
(0.343, -0.164, 0.803),
(0.174, -0.149, 0.792),
(0.073, -0.096, 0.833),
(0.005, -0.035, 0.893),
(-0.015, 0.043, 0.984),
(-0.023, 0.109, 0.949),
(-0.084, 0.092, 0.872),
(-0.188, 0.169, 0.857),
(-0.225, 0.312, 0.887),
(-0.153, 0.405, 1.017),
(-0.158, 0.440, 0.941),
(-0.272, 0.471, 0.910),
(-0.403, 0.513, 0.935),
(-0.495, 0.489, 0.835),
(-0.519, 0.522, 0.867),
(-0.469, 0.534, 0.866),
(-0.439, 0.409, 0.825),
(-0.517, 0.392, 0.950),
(-0.642, 0.363, 0.906),
(-0.814, 0.389, 0.958),
(-1.052, 0.506, 0.976),
(-1.000, 0.285, 0.718),
(-0.960, 0.512, 0.765),
(-0.933, 0.692, 0.826),
(-0.799, 0.906, 0.974),
(-0.234, 1.412, 1.490),
(-0.054, 0.971, 2.254),
(-0.095, 0.890, 2.036),
(-0.199, 0.713, 1.835),
(-0.383, 0.407, 1.184),
(-0.299, 0.312, 1.047),
(-0.284, 0.092, 0.993),
(-0.451, -0.141, 0.978),
(-0.677, -0.277, 0.919),
(-0.059, -0.189, 0.817),
(-0.058, -0.182, 0.863),
(-0.089, -0.168, 0.921),
(-0.096, 0.105, 1.503),
(-0.113, 0.073, 1.571),
(-0.141, 0.034, 1.523),
(-0.186, 0.075, 1.565),
(-0.323, 0.158, 1.575),
(-0.357, 0.167, 1.549),
(-0.367, 0.186, 1.550),
(-0.353, 0.208, 1.532),
(-0.303, 0.229, 1.428),
(-0.295, 0.242, 1.401),
(-0.323, 0.257, 1.358),
(-0.334, 0.272, 1.321),
(-0.341, 0.315, 1.293),
(-0.273, 0.262, 1.146),
(-0.278, 0.249, 1.109),
(-0.309, 0.260, 1.074),
(-0.315, 0.303, 0.958),
(-0.273, 0.319, 0.913),
(-0.235, 0.340, 0.902),
(-0.173, 0.347, 0.920),
(-0.132, 0.339, 0.898),
(-0.129, 0.348, 0.904),
(-0.113, 0.316, 0.883),
(-0.095, 0.300, 0.874),
(-0.036, 0.226, 0.859),
(-0.022, 0.223, 0.862),
(0.020, 0.207, 0.860),
(0.024, 0.156, 0.891),
(0.111, 0.076, 0.955),
(0.180, -0.026, 0.992),
(0.183, -0.128, 0.991),
(0.189, -0.178, 0.937),
(0.241, -0.296, 0.849),
(0.188, -0.295, 0.797),
(0.206, -0.239, 0.775),
(0.250, -0.167, 0.769),
(0.309, -0.080, 0.700),
(0.336, -0.035, 0.674),
(0.362, 0.021, 0.656),
(0.411, 0.057, 0.623),
(0.438, 0.120, 0.638),
(0.737, -0.310, 0.839),
(0.721, -0.294, 0.851),
(0.723, -0.269, 0.889),
(0.609, -0.254, 0.890),
(0.602, -0.237, 0.890),
(0.572, -0.222, 0.914),
(0.554, -0.222, 0.942),
(0.498, -0.194, 1.008),
(0.506, -0.104, 1.040),
(0.520, -0.072, 1.063),
(0.475, -0.088, 1.047),
(0.440, -0.049, 1.058),
(0.377, -0.023, 1.029),
(0.279, 0.036, 1.011),
(0.201, 0.077, 1.004),
(0.058, 0.155, 0.954),
(-0.264, 0.282, 0.621),
(-0.322, 0.313, 0.590),
(-0.392, 0.357, 0.551),
(-0.499, 0.333, 0.523),
(-0.550, 0.328, 0.534),
(-0.579, 0.333, 0.551),
(-0.585, 0.343, 0.581),
(-0.574, 0.293, 0.710),
(-0.566, 0.291, 0.809),
(-0.535, 0.278, 0.868),
(-0.490, 0.308, 0.914),
(-0.317, 0.388, 1.111),
(-0.220, 0.436, 1.184),
(-0.098, 0.505, 1.292),
(0.034, 0.577, 1.413),
(0.153, 0.599, 1.647),
(0.164, 0.509, 1.726),
(0.123, 0.386, 1.775),
(0.031, 0.227, 1.747),
(-0.000, 0.109, 1.679),
(-0.132, -0.001, 1.636),
(-0.127, -0.174, 1.567),
(-0.154, -0.200, 1.545),
(-0.175, -0.205, 1.515),
(-0.182, -0.211, 1.414),
(-0.118, -0.154, 1.306),
(-0.257, 0.024, 1.258),
(-0.240, 0.075, 1.271),
(-0.221, 0.086, 1.279),
(-0.222, 0.177, 1.304),
(-0.197, 0.199, 1.295),
(-0.196, 0.235, 1.309),
(-0.198, 0.293, 1.298),
(-0.187, 0.386, 1.234),
(-0.192, 0.425, 1.223),
(-0.179, 0.454, 1.194),
(-0.169, 0.482, 1.170),
(-0.157, 0.501, 1.120),
(-0.129, 0.523, 1.090),
(-0.111, 0.537, 1.073),
(-0.115, 0.541, 1.039),
(-0.102, 0.558, 1.014),
(-0.118, 0.569, 1.017),
(-0.122, 0.556, 1.029),
(-0.112, 0.549, 1.022),
(-0.097, 0.520, 1.018),
(-0.103, 0.434, 0.933),
(-0.062, 0.434, 0.948),
(0.022, 0.412, 0.938),
(0.086, 0.329, 0.881),
(0.067, 0.306, 0.869),
(0.068, 0.283, 0.871),
(0.096, 0.238, 0.853),
(0.099, 0.142, 0.813),
(0.104, 0.100, 0.782),
(0.121, 0.071, 0.773),
(0.146, 0.038, 0.787),
(0.194, -0.050, 0.818),
(0.254, -0.096, 0.804),
(0.317, -0.143, 0.771),
(0.358, -0.167, 0.760),
(0.454, -0.209, 0.767),
(0.510, -0.231, 0.759),
(0.573, -0.268, 0.767),
(0.633, -0.303, 0.769),
(0.731, -0.333, 0.734),
(0.786, -0.316, 0.752),
(0.859, -0.288, 0.776),
(0.920, -0.297, 0.771),
(0.935, -0.299, 0.757),
(0.932, -0.276, 0.757),
(0.923, -0.249, 0.753),
(0.921, -0.228, 0.747),
(0.920, -0.200, 0.746),
(0.907, -0.180, 0.747),
(0.915, -0.167, 0.739),
(0.914, -0.147, 0.741),
(0.881, -0.142, 0.739),
(0.810, -0.138, 0.745),
(0.800, -0.118, 0.762),
(0.825, -0.111, 0.768),
(0.779, -0.098, 0.766),
(0.736, -0.105, 0.764),
(0.694, -0.106, 0.749),
(0.660, -0.108, 0.753),
(0.550, -0.140, 0.791),
(0.562, -0.111, 0.806),
(0.603, -0.115, 0.832),
(0.590, -0.138, 0.847),
(0.456, -0.080, 0.816),
(0.449, -0.041, 0.827),
(0.386, -0.013, 0.817),
(0.275, 0.034, 0.794),
(0.128, 0.104, 0.791),
(0.140, 0.146, 0.774),
(0.131, 0.178, 0.754),
(0.101, 0.180, 0.740),
(-0.058, 0.198, 0.704),
(-0.133, 0.230, 0.718),
(-0.159, 0.243, 0.731),
(-0.156, 0.274, 0.750),
(-0.198, 0.349, 0.771),
(-0.198, 0.379, 0.787),
(-0.246, 0.320, 0.870),
(-0.274, 0.301, 0.912),
(-0.297, 0.294, 0.918),
(-0.394, 0.304, 1.082),
(-0.394, 0.312, 1.120),
(-0.370, 0.310, 1.110),
(-0.375, 0.300, 1.089),
(-0.412, 0.377, 1.096),
(-0.313, 0.500, 1.340),
(-0.047, 0.605, 1.583),
(0.026, 0.482, 1.572),
(-0.283, -0.089, 1.061),
(-0.275, -0.101, 1.073),
(-0.261, -0.083, 1.088),
(-0.205, -0.030, 1.211),
(-0.216, -0.081, 1.417),
(-0.222, -0.064, 1.462),
(-0.189, -0.021, 1.500),
(-0.190, -0.001, 1.472),
(-0.221, 0.032, 1.450),
(-0.233, 0.117, 1.421),
(-0.182, 0.156, 1.425),
(-0.139, 0.165, 1.372),
(-0.130, 0.158, 1.312),
(-0.121, 0.153, 1.259),
(-0.110, 0.158, 1.218),
(-0.094, 0.176, 1.171),
(-0.098, 0.203, 1.131),
(-0.124, 0.276, 1.073),
(-0.080, 0.311, 1.050),
(-0.031, 0.336, 1.047),
(0.018, 0.346, 1.042),
(0.008, 0.385, 1.043),
(0.006, 0.399, 1.045),
(0.011, 0.418, 1.044),
(0.004, 0.417, 1.036),
(-0.022, 0.439, 1.039),
(-0.029, 0.432, 1.030),
(-0.029, 0.414, 1.010),
(-0.030, 0.408, 0.997),
(-0.013, 0.380, 0.982),
(-0.010, 0.365, 0.996),
(0.029, 0.342, 0.998),
(0.077, 0.322, 0.982),
(0.091, 0.288, 0.930),
(0.089, 0.274, 0.931),
(0.083, 0.243, 0.932),
(0.063, 0.209, 0.919),
(0.054, 0.166, 0.894),
(0.060, 0.129, 0.893),
(0.089, 0.087, 0.893),
(0.095, 0.039, 0.893),
(0.106, -0.077, 0.868),
(0.147, -0.140, 0.833),
(0.173, -0.183, 0.807),
(0.199, -0.230, 0.820),
(0.305, -0.370, 0.764),
(0.357, -0.447, 0.741),
(0.401, -0.498, 0.734),
(0.458, -0.541, 0.720),
(0.501, -0.575, 0.710),
(0.543, -0.602, 0.687),
(0.611, -0.608, 0.654),
(0.682, -0.606, 0.621),
(0.762, -0.577, 0.587),
(0.818, -0.540, 0.596),
(0.868, -0.515, 0.609),
(0.915, -0.526, 0.614),
(1.021, -0.504, 0.665),
(1.080, -0.475, 0.659),
(1.091, -0.442, 0.667),
(1.093, -0.416, 0.685),
(1.124, -0.379, 0.733),
(1.104, -0.369, 0.739),
(1.084, -0.354, 0.739),
(1.062, -0.338, 0.727),
(1.003, -0.312, 0.750),
(0.977, -0.300, 0.762),
(0.934, -0.300, 0.752),
(0.890, -0.284, 0.754),
(0.837, -0.258, 0.772),
(0.638, -0.261, 0.804),
(0.598, -0.218, 0.815),
(0.599, -0.179, 0.852),
(0.428, -0.119, 0.840),
(0.235, 0.075, 0.836),
(0.214, 0.088, 0.812),
(0.180, 0.082, 0.795),
(0.037, 0.112, 0.788),
(-0.015, 0.171, 0.828),
(0.010, 0.255, 0.865),
(0.019, 0.318, 0.869),
(0.108, 0.369, 0.947),
(0.094, 0.385, 0.998),
(0.144, 0.414, 1.032),
(0.205, 0.453, 1.044),
(0.300, 0.469, 1.091),
(0.248, 0.481, 1.083),
(0.125, 0.513, 1.062),
(0.046, 0.527, 1.071),
(0.042, 0.484, 1.020),
(0.078, 0.461, 1.003),
(0.121, 0.463, 1.000),
(0.110, 0.460, 0.992),
(0.089, 0.448, 0.897),
(0.074, 0.430, 0.855),
(0.007, 0.394, 0.805),
(-0.106, 0.331, 0.732),
(-0.259, 0.273, 0.681),
(-0.436, 0.094, 0.774),
(-0.416, 0.093, 0.863),
(-0.252, 0.070, 1.074),
(-0.222, 0.076, 1.181),
(-0.168, 0.117, 1.354),
(0.349, 0.120, 1.854),
(0.424, 0.141, 2.040),
(0.559, 0.121, 2.199),
(0.686, 0.024, 2.250),
(0.472, -0.071, 2.132),
(0.272, -0.060, 1.948),
(0.160, -0.015, 1.818),
(0.087, 0.019, 1.700),
(-0.061, 0.071, 1.469),
(-0.116, 0.065, 1.406),
(-0.191, 0.047, 1.318),
(-0.209, 0.086, 1.271),
(-0.250, 0.100, 1.319),
(-0.289, 0.111, 1.323),
(-0.258, 0.139, 1.339),
(-0.217, 0.162, 1.382),
(-0.158, 0.182, 1.376),
(-0.132, 0.204, 1.390),
(-0.120, 0.209, 1.400),
(-0.119, 0.231, 1.395),
(-0.145, 0.304, 1.466),
(-0.099, 0.337, 1.482),
(-0.058, 0.345, 1.449),
(-0.056, 0.363, 1.420),
(-0.085, 0.373, 1.449),
(-0.107, 0.407, 1.418),
(-0.100, 0.430, 1.342),
(-0.143, 0.440, 1.294),
(-0.184, 0.450, 1.249),
(-0.179, 0.483, 1.192),
(-0.169, 0.503, 1.151),
(-0.154, 0.526, 1.094),
(-0.112, 0.535, 0.943),
(-0.077, 0.544, 0.922),
(-0.052, 0.547, 0.912),
(-0.042, 0.534, 0.909),
(-0.014, 0.458, 0.834),
(-0.010, 0.417, 0.800),
(-0.017, 0.394, 0.796),
(-0.014, 0.374, 0.800),
(0.015, 0.333, 0.795),
(0.068, 0.305, 0.815),
(0.143, 0.285, 0.835),
(0.200, 0.260, 0.805),
(0.207, 0.231, 0.773),
(0.232, 0.102, 0.670),
(0.276, -0.152, 0.606),
(0.347, -0.248, 0.598),
(0.438, -0.327, 0.557),
(0.586, -0.449, 0.432),
(0.622, -0.463, 0.433),
(0.626, -0.480, 0.429),
(0.672, -0.483, 0.420),
(0.823, -0.432, 0.438),
(0.866, -0.398, 0.482),
(0.934, -0.368, 0.506),
(1.011, -0.344, 0.529),
(1.094, -0.270, 0.550),
(1.085, -0.256, 0.552),
(1.069, -0.240, 0.567),
(1.098, -0.211, 0.593),
(1.114, -0.191, 0.618),
(1.005, -0.202, 0.596),
(0.903, -0.200, 0.626),
(0.896, -0.182, 0.626),
(0.872, -0.183, 0.644),
(0.671, -0.193, 0.612),
(0.539, -0.187, 0.607),
(0.442, -0.182, 0.614),
(0.376, -0.150, 0.600),
(0.287, -0.116, 0.609),
(0.242, -0.124, 0.587),
(0.110, -0.108, 0.576),
(-0.030, -0.062, 0.598),
(-0.114, -0.045, 0.588),
(-0.188, -0.038, 0.569),
(-0.261, -0.009, 0.563),
(-0.325, 0.058, 0.601),
(-0.495, 0.155, 0.651),
(-0.500, 0.202, 0.718),
(-0.506, 0.234, 0.793),
(-0.529, 0.241, 0.822),
(-0.561, 0.322, 0.917),
(-0.358, 0.514, 1.214),
(-0.330, 0.538, 1.239),
(-0.278, 0.553, 1.281),
(-0.114, 0.603, 1.493),
(0.152, 0.405, 1.767),
(0.123, 0.233, 1.766),
(0.016, 0.133, 1.738),
(-0.170, -0.081, 1.634),
(-0.154, -0.156, 1.533),
(-0.146, -0.173, 1.417),
(-0.134, -0.155, 1.377),
(-0.133, -0.156, 1.375),
(-0.124, -0.214, 1.371),
(-0.199, -0.213, 1.420),
(-0.233, -0.163, 1.412),
(-0.212, -0.112, 1.399),
(-0.120, 0.039, 1.386),
(-0.106, 0.185, 1.393),
(-0.117, 0.223, 1.389),
(-0.123, 0.269, 1.350),
(-0.114, 0.392, 1.315),
(-0.065, 0.440, 1.270),
(-0.037, 0.453, 1.248),
(0.035, 0.489, 1.158),
(-0.009, 0.500, 1.133),
(-0.029, 0.520, 1.114),
(-0.048, 0.522, 1.107),
(-0.026, 0.572, 1.014),
(-0.021, 0.587, 0.998),
(-0.025, 0.593, 0.955),
(-0.007, 0.578, 0.912),
(0.010, 0.548, 0.895),
(0.054, 0.489, 0.741),
(0.046, 0.478, 0.705),
(0.028, 0.468, 0.708),
(0.067, 0.412, 0.677),
(0.075, 0.406, 0.668),
(0.129, 0.409, 0.699),
(0.146, 0.357, 0.715),
(0.165, 0.304, 0.726),
(0.195, 0.269, 0.710),
(0.237, 0.233, 0.700),
(0.269, 0.220, 0.716),
(0.295, 0.187, 0.743),
(0.352, 0.155, 0.748),
(0.538, 0.079, 0.771),
(0.603, 0.031, 0.741),
(0.674, -0.017, 0.726),
(0.721, -0.090, 0.732),
(0.765, -0.163, 0.733),
(0.846, -0.238, 0.712),
(0.942, -0.296, 0.692),
(1.018, -0.335, 0.652),
(1.079, -0.352, 0.579),
(1.163, -0.403, 0.447),
(1.158, -0.380, 0.437),
(1.194, -0.355, 0.412),
(1.106, -0.305, 0.457),
(0.992, -0.253, 0.376),
(0.873, -0.230, 0.465),
(0.863, -0.217, 0.464),
(0.876, -0.191, 0.491),
(0.875, -0.185, 0.544),
(0.837, -0.130, 0.613),
(0.815, -0.117, 0.634),
(0.769, -0.121, 0.656),
(-0.330, 0.165, 0.509),
(-0.367, 0.188, 0.575),
(-0.429, 0.209, 0.649),
(-0.661, 0.248, 0.663),
(-0.390, 0.402, 1.329),
(-0.353, 0.407, 1.390),
(-0.276, 0.423, 1.553),
(-0.111, 0.288, 1.837),
(-0.088, 0.193, 1.892),
(-0.089, 0.088, 1.873),
(-0.130, 0.005, 1.871),
(-0.229, -0.054, 1.972),
(-0.287, -0.072, 1.980),
(-0.304, -0.045, 1.948),
(-0.243, -0.060, 1.847),
(-0.192, -0.114, 1.735),
(-0.254, -0.130, 1.683),
(-0.329, -0.118, 1.682),
(-0.370, -0.111, 1.646),
(-0.458, -0.049, 1.585),
(-0.400, -0.012, 1.537),
(-0.307, 0.013, 1.533),
(-0.275, 0.006, 1.537),
(-0.286, -0.020, 1.493),
(-0.292, -0.024, 1.481),
(-0.307, -0.024, 1.433),
(-0.330, -0.009, 1.413),
(-0.324, 0.039, 1.366),
(-0.328, 0.076, 1.348),
(-0.329, 0.109, 1.352),
(-0.322, 0.141, 1.328),
(-0.327, 0.149, 1.339),
(-0.341, 0.160, 1.311),
(-0.356, 0.175, 1.279),
(-0.384, 0.201, 1.293),
(-0.349, 0.229, 1.284),
(-0.274, 0.251, 1.287),
(-0.227, 0.279, 1.289),
(-0.182, 0.294, 1.267),
(-0.152, 0.305, 1.253),
(-0.169, 0.321, 1.252),
(-0.242, 0.358, 1.172),
(-0.216, 0.382, 1.173),
(-0.181, 0.396, 1.174),
(-0.159, 0.402, 1.155),
(-0.158, 0.405, 1.111),
(-0.157, 0.407, 1.088),
(-0.138, 0.404, 1.075),
(-0.121, 0.400, 1.067),
(-0.110, 0.407, 1.051),
(-0.016, 0.299, 0.998),
(0.019, 0.271, 0.993),
(0.062, 0.243, 0.975),
(0.128, 0.186, 0.917),
(0.140, 0.176, 0.880),
(0.157, 0.158, 0.866),
(0.188, 0.131, 0.838),
(0.236, 0.109, 0.797),
(0.276, 0.090, 0.795),
(0.355, 0.070, 0.753),
(0.396, 0.057, 0.727),
(0.427, 0.044, 0.705),
(0.475, 0.039, 0.665),
(0.522, -0.091, 0.568),
(0.594, -0.150, 0.521),
(0.661, -0.196, 0.476),
(0.753, -0.237, 0.419),
(0.816, -0.264, 0.427),
(0.882, -0.309, 0.432),
(0.931, -0.354, 0.418),
(0.979, -0.400, 0.311),
(1.061, -0.286, 0.336),
(1.114, -0.268, 0.358),
(1.122, -0.242, 0.358),
(1.039, -0.236, 0.335),
(1.028, -0.231, 0.339),
(1.029, -0.226, 0.360),
(1.043, -0.219, 0.384),
(1.032, -0.224, 0.385),
(0.976, -0.229, 0.380),
(0.966, -0.201, 0.406),
(0.969, -0.205, 0.435),
(0.934, -0.198, 0.471),
(0.905, -0.192, 0.480),
(0.851, -0.204, 0.476),
(0.771, -0.213, 0.486),
(0.595, -0.266, 0.435),
(0.511, -0.241, 0.442),
(0.484, -0.205, 0.456),
(0.437, -0.190, 0.443),
(0.231, -0.142, 0.460),
(0.131, -0.107, 0.508),
(0.048, -0.083, 0.491),
(-0.217, 0.005, 0.501),
(-0.361, 0.088, 0.760),
(-0.395, 0.085, 0.785),
(-0.456, 0.094, 0.819),
(-0.465, 0.156, 0.935),
(-0.423, 0.215, 1.023),
(-0.367, 0.230, 1.115),
(-0.331, 0.217, 1.198),
(-0.322, 0.131, 1.505),
(-0.240, 0.131, 1.657),
(-0.146, 0.165, 1.816),
(-0.045, 0.162, 1.856),
(-0.001, 0.046, 1.851),
(-0.211, 0.018, 1.627),
(-0.330, 0.023, 1.603),
(-0.355, 0.025, 1.618),
(-0.388, -0.025, 1.590),
(-0.392, -0.003, 1.600),
(-0.420, -0.010, 1.618),
(-0.405, -0.003, 1.593),
(-0.377, 0.023, 1.606),
(-0.321, 0.087, 1.599),
(-0.287, 0.101, 1.559),
(-0.254, 0.132, 1.524),
(-0.241, 0.156, 1.475),
(-0.215, 0.198, 1.431),
(-0.190, 0.226, 1.416),
(-0.182, 0.253, 1.418),
(-0.181, 0.276, 1.425),
(-0.189, 0.304, 1.399),
(-0.411, 0.389, 1.281),
(-0.429, 0.398, 1.257),
(-0.466, 0.423, 1.239),
(-0.581, 0.471, 1.137),
(-0.530, 0.480, 1.135),
(-0.448, 0.504, 1.135),
(-0.392, 0.539, 1.170),
(-0.255, 0.528, 1.246),
(0.218, 0.329, 1.273),
(0.197, 0.267, 1.250),
(0.171, 0.228, 1.188),
(0.101, 0.042, 1.084),
(0.068, 0.015, 1.024),
(0.077, -0.010, 0.950),
(0.090, -0.025, 0.895),
(0.092, -0.019, 0.841),
(0.130, -0.047, 0.674),
(0.172, -0.028, 0.659),
(0.258, -0.012, 0.641),
(0.479, 0.010, 0.637),
(0.508, -0.006, 0.636),
(0.545, -0.031, 0.617),
(0.572, -0.077, 0.600),
(0.616, -0.129, 0.592),
(1.052, -0.239, 0.411),
(1.067, -0.240, 0.398),
(1.059, -0.224, 0.402),
(0.984, -0.202, 0.417),
(0.953, -0.177, 0.433),
(0.946, -0.161, 0.419),
(0.929, -0.169, 0.403),
(0.882, -0.165, 0.403),
(0.907, -0.170, 0.523),
(0.924, -0.186, 0.526),
(0.918, -0.224, 0.505),
(0.787, -0.194, 0.491),
(0.770, -0.194, 0.506),
(0.745, -0.191, 0.531),
(0.714, -0.171, 0.524),
(0.631, -0.146, 0.543),
(0.110, -0.021, 0.521),
(0.068, 0.013, 0.553),
(0.039, 0.067, 0.585),
(-0.036, 0.147, 0.703),
(-0.095, 0.168, 0.694),
(-0.138, 0.190, 0.735),
(-0.210, 0.193, 0.749),
(-0.465, 0.221, 0.739),
(-0.559, 0.224, 0.732),
(-0.584, 0.241, 0.780),
(-0.593, 0.293, 0.876),
(-0.446, 0.374, 1.017),
(-0.422, 0.397, 1.049),
(-0.430, 0.410, 1.060),
(-0.449, 0.445, 1.058),
(-0.525, 0.535, 1.102),
(-0.568, 0.602, 1.201),
(-0.608, 0.664, 1.339),
(-0.569, 0.722, 1.416),
(-0.162, 0.988, 1.606),
(0.032, 0.972, 1.789),
(0.122, 0.924, 1.719),
(0.134, 0.861, 1.667),
(-0.032, 0.615, 1.489),
(-0.050, 0.550, 1.439),
(-0.072, 0.501, 1.376),
(-0.101, 0.483, 1.359),
(-0.137, 0.490, 1.367),
(-0.135, 0.475, 1.339),
(-0.230, 0.471, 1.364),
(-0.284, 0.497, 1.369),
(-0.302, 0.511, 1.369),
(-0.303, 0.601, 1.305),
(-0.286, 0.636, 1.272),
(-0.280, 0.669, 1.233),
(-0.271, 0.682, 1.190),
(-0.289, 0.699, 1.141),
(-0.308, 0.714, 1.122),
(-0.314, 0.733, 1.108),
(-0.293, 0.739, 1.076),
(-0.172, 0.767, 1.027),
(-0.143, 0.773, 1.010),
(-0.141, 0.779, 1.000),
(-0.107, 0.763, 0.969),
(-0.087, 0.769, 0.934),
(-0.087, 0.765, 0.941),
(-0.073, 0.763, 0.949),
(-0.037, 0.744, 0.945),
(0.023, 0.672, 0.900),
(0.012, 0.642, 0.882),
(0.012, 0.598, 0.868),
(0.019, 0.496, 0.852),
(0.059, 0.464, 0.829),
(0.093, 0.451, 0.827),
(0.204, 0.411, 0.781),
(0.199, 0.389, 0.785),
(0.183, 0.363, 0.818),
(0.207, 0.309, 0.822),
(0.347, 0.250, 0.785),
(0.356, 0.238, 0.793),
(0.364, 0.220, 0.797),
(0.428, 0.185, 0.780),
(0.487, 0.134, 0.771),
(0.526, 0.080, 0.738),
(0.545, 0.028, 0.708),
(0.542, -0.023, 0.671),
(0.542, -0.153, 0.533),
(0.548, -0.148, 0.546),
(0.562, -0.131, 0.550),
(0.610, -0.119, 0.535),
(0.720, -0.146, 0.501),
(0.757, -0.173, 0.473),
(0.777, -0.219, 0.450),
(0.796, -0.246, 0.448),
(0.950, -0.249, 0.457),
(1.025, -0.239, 0.439),
(1.051, -0.217, 0.435),
(1.051, -0.192, 0.434),
(1.015, -0.160, 0.421),
(1.033, -0.136, 0.434),
(1.065, -0.114, 0.444),
(1.088, -0.100, 0.450),
(1.123, -0.048, 0.489),
(1.135, -0.021, 0.500),
(1.116, -0.006, 0.491),
(1.064, 0.003, 0.472),
(1.017, 0.016, 0.467),
(0.990, 0.024, 0.472),
(0.971, 0.033, 0.484),
(0.934, 0.032, 0.506),
(0.914, 0.029, 0.503),
(0.868, -0.011, 0.480),
(0.683, -0.007, 0.483),
(0.647, -0.020, 0.492),
(0.582, -0.035, 0.472),
(0.493, -0.041, 0.428),
(0.372, -0.017, 0.456),
(0.299, -0.011, 0.449),
(0.210, 0.009, 0.452),
(0.114, 0.059, 0.454),
(0.058, 0.167, 0.544),
(-0.026, 0.211, 0.552),
(-0.097, 0.241, 0.562),
(-0.177, 0.251, 0.570),
(-0.236, 0.275, 0.576),
(-0.249, 0.298, 0.617),
(-0.257, 0.314, 0.644),
(-0.273, 0.310, 0.623),
(-0.381, 0.353, 0.744),
(-0.403, 0.397, 0.837),
(-0.420, 0.405, 0.886),
(-0.395, 0.387, 0.937),
(-0.285, 0.372, 1.071),
(-0.208, 0.331, 1.134),
(-0.206, 0.301, 1.167),
(-0.243, 0.320, 1.227),
(-0.039, 0.374, 1.486),
(0.096, 0.398, 1.647),
(0.189, 0.439, 1.706),
(0.289, 0.361, 1.687),
(0.301, 0.301, 1.759),
(0.319, 0.254, 1.808),
(0.309, 0.125, 1.752),
(0.115, 0.003, 1.749),
(-0.165, -0.196, 1.792),
(-0.131, -0.193, 1.855),
(-0.391, -0.062, 1.631),
(-0.374, -0.052, 1.620),
(-0.333, -0.048, 1.623),
(-0.281, -0.060, 1.573),
(-0.188, -0.024, 1.542),
(-0.177, 0.004, 1.526),
(-0.256, 0.086, 1.430),
(-0.246, 0.125, 1.361),
(-0.231, 0.162, 1.333),
(-0.215, 0.188, 1.312),
(-0.235, 0.374, 1.066),
(-0.266, 0.418, 1.053),
(-0.285, 0.449, 1.044),
(-0.269, 0.478, 1.024),
(-0.150, 0.531, 0.955),
(-0.153, 0.565, 0.961),
(-0.166, 0.598, 0.950),
(-0.134, 0.614, 0.917),
(-0.094, 0.627, 0.884),
(-0.083, 0.621, 0.862),
(-0.102, 0.634, 0.843),
(-0.114, 0.633, 0.835),
(-0.103, 0.617, 0.813),
(-0.074, 0.608, 0.799),
(-0.034, 0.599, 0.784),
(0.007, 0.585, 0.774),
(0.028, 0.567, 0.734),
(0.033, 0.543, 0.720),
(0.029, 0.521, 0.727),
(0.109, 0.486, 0.787),
(0.174, 0.469, 0.826),
(0.312, 0.290, 0.801),
(0.331, 0.250, 0.792),
(0.325, 0.210, 0.800),
(0.417, 0.087, 0.768),
(0.456, 0.069, 0.753),
(0.498, 0.052, 0.753),
(0.545, 0.039, 0.739),
(0.605, 0.031, 0.711),
(0.643, 0.006, 0.700),
(0.629, -0.020, 0.688),
(0.624, -0.045, 0.662),
(0.751, -0.127, 0.611),
(0.809, -0.134, 0.597),
(0.852, -0.141, 0.598),
(0.867, -0.152, 0.598),
(0.939, -0.185, 0.545),
(0.938, -0.204, 0.528),
(0.918, -0.225, 0.515),
(0.921, -0.240, 0.493),
(0.948, -0.242, 0.444),
(0.969, -0.227, 0.437),
(0.983, -0.207, 0.445),
(0.986, -0.187, 0.454),
(0.988, -0.176, 0.445),
(0.983, -0.166, 0.435),
(0.993, -0.150, 0.457),
(1.011, -0.128, 0.491),
(1.027, -0.106, 0.502),
(1.017, -0.084, 0.521),
(1.011, -0.056, 0.546),
(1.007, -0.067, 0.558),
(0.999, -0.077, 0.573),
(0.992, -0.052, 0.614),
(0.996, -0.049, 0.629),
(0.977, -0.090, 0.641),
(0.832, -0.094, 0.626),
(0.806, -0.073, 0.666),
(0.807, -0.045, 0.699),
(0.802, -0.033, 0.685),
(0.660, -0.077, 0.630),
(0.559, -0.037, 0.628),
(0.509, 0.038, 0.645),
(0.471, 0.056, 0.670),
(0.357, 0.069, 0.652),
(0.345, 0.105, 0.676),
(0.315, 0.128, 0.670),
(0.249, 0.149, 0.644),
(0.135, 0.239, 0.669),
(0.107, 0.288, 0.700),
(0.156, 0.319, 0.725),
(0.114, 0.298, 0.669),
(0.021, 0.284, 0.651),
(-0.064, 0.283, 0.648),
(-0.115, 0.282, 0.640),
(-0.247, 0.347, 0.688),
(-0.312, 0.396, 0.758),
(-0.347, 0.442, 0.772),
(-0.349, 0.456, 0.765),
(-0.357, 0.438, 0.771),
(-0.092, 0.799, 1.101),
(-0.012, 0.754, 1.147),
(0.021, 0.684, 1.217),
(0.308, 0.498, 1.581),
(0.389, 0.419, 1.564),
(0.470, 0.358, 1.483),
(0.465, 0.355, 1.347),
(0.262, 0.191, 1.297),
(0.349, -0.508, 1.569),
(0.381, -0.584, 1.525),
(0.050, -0.375, 1.513),
(0.015, -0.291, 1.510),
(-0.086, 0.042, 1.623),
(-0.324, 0.160, 1.522),
(-0.295, 0.143, 1.459),
(-0.298, 0.148, 1.465),
(-0.336, 0.184, 1.396),
(-0.318, 0.221, 1.378),
(-0.369, 0.380, 1.226),
(-0.383, 0.421, 1.190),
(-0.375, 0.463, 1.165),
(-0.358, 0.511, 1.116),
(-0.343, 0.494, 1.079),
(-0.363, 0.489, 1.068),
(-0.364, 0.495, 1.075),
(-0.312, 0.501, 1.024),
(-0.289, 0.512, 1.005),
(-0.277, 0.502, 0.984),
(-0.281, 0.481, 0.959),
(-0.282, 0.443, 0.912),
(-0.260, 0.419, 0.896),
(-0.220, 0.389, 0.891),
(-0.160, 0.354, 0.906),
(-0.092, 0.223, 0.929),
(-0.044, 0.143, 0.901),
(0.019, 0.074, 0.885),
(0.054, 0.010, 0.888),
(0.077, -0.098, 0.865),
(0.101, -0.136, 0.857),
(0.163, -0.183, 0.827),
(0.242, -0.228, 0.789),
(0.319, -0.265, 0.733),
(0.374, -0.299, 0.689),
(0.426, -0.333, 0.663),
(0.512, -0.385, 0.651),
(0.840, -0.535, 0.567),
(0.971, -0.530, 0.549),
(1.045, -0.491, 0.539),
(1.090, -0.432, 0.494),
(1.104, -0.269, 0.462),
(1.074, -0.196, 0.463),
(1.046, -0.123, 0.476),
(1.015, -0.065, 0.497),
(0.980, 0.020, 0.517),
(0.961, 0.037, 0.531),
(0.974, 0.058, 0.531),
(1.007, 0.079, 0.548),
(0.999, 0.049, 0.574),
(1.010, 0.003, 0.552),
(1.020, -0.048, 0.549),
(1.011, -0.082, 0.549),
(1.053, -0.088, 0.592),
(1.031, -0.113, 0.577),
(1.021, -0.116, 0.585),
(1.016, -0.087, 0.632),
(0.981, -0.075, 0.676),
(0.909, -0.124, 0.662),
(0.812, -0.171, 0.649),
(0.713, -0.165, 0.666),
(0.573, -0.130, 0.713),
(0.524, -0.131, 0.688),
(0.470, -0.129, 0.668),
(0.411, -0.091, 0.688),
(0.263, -0.117, 0.682),
(0.191, -0.094, 0.693),
(0.129, -0.052, 0.704),
(-0.091, -0.052, 0.659),
(-0.187, 0.021, 0.673),
(-0.244, 0.096, 0.725),
(-0.341, 0.133, 0.718),
(-0.472, 0.222, 0.802),
(-0.444, 0.289, 0.833),
(-0.495, 0.410, 0.996),
(-0.527, 0.406, 1.030),
(-0.550, 0.408, 1.084),
(-0.118, 0.337, 1.541),
(-0.031, 0.292, 1.578),
(0.009, 0.307, 1.655),
(0.042, 0.318, 1.736),
(0.035, 0.298, 1.773),
(-0.020, 0.271, 1.806),
(-0.077, 0.232, 1.826),
(-0.059, 0.140, 1.705),
(-0.335, 0.160, 1.480),
(-0.349, 0.223, 1.438),
(-0.316, 0.245, 1.398),
(-0.290, 0.260, 1.375),
(-0.276, 0.304, 1.413),
(-0.266, 0.323, 1.416),
(-0.264, 0.349, 1.431),
(-0.304, 0.352, 1.435),
(-0.347, 0.359, 1.381),
(-0.382, 0.358, 1.323),
(-0.284, 0.425, 1.238),
(-0.314, 0.421, 1.202),
(-0.355, 0.409, 1.182),
(-0.421, 0.362, 1.080),
(-0.372, 0.361, 1.036),
(-0.334, 0.375, 1.029),
(-0.298, 0.376, 0.998),
(-0.233, 0.369, 0.949),
(-0.215, 0.356, 0.917),
(-0.214, 0.342, 0.882),
(-0.207, 0.329, 0.840),
(-0.164, 0.288, 0.777),
(-0.064, 0.066, 0.790),
(0.003, 0.017, 0.774),
(0.057, -0.009, 0.755),
(0.272, -0.010, 0.777),
(0.352, -0.012, 0.767),
(0.445, -0.017, 0.734),
(0.520, -0.014, 0.709),
(0.581, -0.013, 0.694),
(0.607, -0.021, 0.688),
(0.616, -0.043, 0.708),
(0.656, -0.080, 0.675),
(0.795, -0.109, 0.586),
(0.829, -0.123, 0.586),
(0.867, -0.122, 0.582),
(0.926, -0.118, 0.567),
(0.981, -0.126, 0.545),
(1.002, -0.138, 0.526),
(1.024, -0.143, 0.494),
(1.064, -0.127, 0.468),
(1.142, -0.116, 0.475),
(1.155, -0.112, 0.469),
(1.153, -0.115, 0.457),
(1.141, -0.113, 0.459),
(1.139, -0.085, 0.468),
(1.115, -0.075, 0.492),
(1.078, -0.069, 0.483),
(0.960, -0.091, 0.488),
(0.922, -0.106, 0.490),
(0.851, -0.119, 0.513),
(0.613, -0.080, 0.576),
(0.533, -0.074, 0.540),
(0.452, -0.095, 0.522),
(0.181, -0.051, 0.516),
(0.135, -0.021, 0.555),
(0.103, -0.010, 0.575),
(0.026, 0.070, 0.615),
(0.026, 0.084, 0.625),
(0.000, 0.110, 0.607),
(-0.015, 0.147, 0.643),
(0.013, 0.199, 0.769),
(-0.032, 0.157, 0.768),
(-0.123, 0.157, 0.754),
(-0.182, 0.173, 0.760),
(-0.145, 0.193, 0.819),
(-0.161, 0.215, 0.828),
(-0.170, 0.226, 0.898),
(-0.185, 0.200, 1.064),
(-0.209, 0.194, 1.125),
(-0.234, 0.166, 1.138),
(-0.199, 0.242, 1.312),
(-0.261, -0.024, 1.754),
(-0.246, -0.012, 1.806),
(-0.154, -0.009, 1.789),
(-0.142, 0.082, 1.858),
(-0.168, 0.088, 1.851),
(-0.193, 0.110, 1.840),
(-0.210, 0.137, 1.847),
(-0.236, 0.119, 1.743),
(-0.249, 0.108, 1.696),
(-0.266, 0.107, 1.671),
(-0.296, 0.096, 1.646),
(-0.309, 0.089, 1.610),
(-0.289, 0.082, 1.568),
(-0.258, 0.095, 1.513),
(-0.265, 0.125, 1.469),
(-0.342, 0.197, 1.391),
(-0.371, 0.238, 1.371),
(-0.370, 0.260, 1.347),
(-0.344, 0.265, 1.345),
(-0.262, 0.423, 1.203),
(-0.271, 0.445, 1.174),
(-0.266, 0.454, 1.156),
(-0.253, 0.454, 1.133),
(-0.244, 0.447, 1.069),
(-0.258, 0.435, 1.050),
(-0.251, 0.430, 1.057),
(-0.228, 0.437, 1.060),
(-0.177, 0.400, 0.999),
(-0.163, 0.386, 0.963),
(-0.176, 0.389, 0.981),
(-0.153, 0.374, 0.988),
(-0.093, 0.352, 0.958),
(-0.065, 0.348, 0.941),
(-0.064, 0.323, 0.899),
(-0.072, 0.291, 0.858),
(-0.024, 0.241, 0.818),
(-0.002, 0.214, 0.823),
(0.076, 0.194, 0.817),
(0.149, 0.184, 0.830),
(0.304, 0.142, 0.806),
(0.353, 0.099, 0.781),
(0.362, 0.040, 0.743),
(0.333, -0.017, 0.705),
(0.294, -0.102, 0.627),
(0.284, -0.146, 0.609),
(0.310, -0.181, 0.580),
(0.378, -0.205, 0.547),
(0.562, -0.261, 0.502),
(0.637, -0.277, 0.490),
(0.693, -0.300, 0.477),
(0.872, -0.407, 0.434),
(0.908, -0.462, 0.420),
(0.972, -0.498, 0.402),
(1.052, -0.513, 0.367),
(1.119, -0.490, 0.323),
(1.125, -0.446, 0.319),
(1.124, -0.391, 0.320),
(1.097, -0.348, 0.314),
(1.015, -0.304, 0.381),
(1.050, -0.269, 0.432),
(1.076, -0.274, 0.451),
(1.067, -0.302, 0.456),
(0.995, -0.322, 0.456),
(0.958, -0.317, 0.463),
(0.914, -0.332, 0.454),
(0.825, -0.326, 0.465),
(0.693, -0.276, 0.567),
(0.682, -0.325, 0.570),
(0.666, -0.360, 0.584),
(0.694, -0.350, 0.642),
(0.657, -0.318, 0.692),
(0.571, -0.272, 0.708),
(0.529, -0.244, 0.758),
(0.471, -0.287, 0.710),
(0.184, -0.198, 0.713),
(0.059, -0.154, 0.683),
(-0.079, -0.115, 0.616),
(-0.193, -0.069, 0.595),
(-0.233, -0.019, 0.728),
(-0.247, -0.007, 0.680),
(-0.305, -0.001, 0.684),
(-0.346, 0.045, 0.761),
(-0.314, 0.139, 0.912),
(-0.313, 0.156, 0.928),
(-0.383, 0.174, 0.996),
(-0.491, 0.182, 1.048),
(-0.636, 0.322, 1.249),
(-0.636, 0.344, 1.262),
(-0.656, 0.426, 1.365),
(-0.637, 0.501, 1.446),
(-0.485, 0.644, 1.501),
(-0.391, 0.717, 1.596),
(-0.312, 0.743, 1.685),
(-0.297, 0.815, 1.803),
(-0.028, 0.971, 1.984),
(0.153, 0.978, 2.047),
(0.211, 0.950, 2.076),
(0.166, 0.910, 2.080),
(0.016, 0.841, 2.007),
(-0.272, 0.293, 1.306),
(-0.305, 0.307, 1.275),
(-0.331, 0.334, 1.242),
(-0.315, 0.573, 1.141),
(-0.312, 0.598, 1.092),
(-0.353, 0.615, 1.044),
(-0.381, 0.635, 1.005),
(-0.403, 0.697, 0.992),
(-0.372, 0.720, 0.984),
(-0.318, 0.732, 0.956),
(-0.279, 0.740, 0.940),
(-0.244, 0.767, 0.929),
(-0.244, 0.765, 0.935),
(-0.224, 0.749, 0.927),
(-0.228, 0.746, 0.941),
(-0.237, 0.713, 0.943),
(-0.199, 0.688, 0.947),
(-0.167, 0.669, 0.953),
(-0.058, 0.587, 1.002),
(-0.091, 0.391, 0.939),
(-0.093, 0.345, 0.937),
(-0.097, 0.288, 0.943),
(0.013, 0.099, 0.946),
(0.089, 0.051, 0.964),
(0.211, 0.017, 0.960),
(0.327, -0.019, 0.944),
(0.423, -0.116, 0.874),
(0.446, -0.168, 0.856),
(0.458, -0.247, 0.826),
(0.500, -0.329, 0.778),
(0.564, -0.407, 0.748),
(0.641, -0.475, 0.720),
(0.717, -0.520, 0.671),
(0.783, -0.549, 0.606),
(0.813, -0.605, 0.530),
(0.833, -0.616, 0.481),
(0.880, -0.597, 0.437),
(0.931, -0.554, 0.450),
(0.916, -0.501, 0.471),
(0.937, -0.456, 0.471),
(0.985, -0.407, 0.491),
(1.018, -0.371, 0.505),
(1.016, -0.310, 0.531),
(1.001, -0.294, 0.531),
(0.991, -0.274, 0.522),
(0.997, -0.244, 0.535),
(1.016, -0.167, 0.572),
(0.943, -0.110, 0.651),
(0.934, -0.140, 0.667),
(0.862, -0.220, 0.674),
(0.628, -0.241, 0.666),
(0.647, -0.227, 0.692),
(0.656, -0.195, 0.763),
(0.607, -0.207, 0.729),
(0.423, -0.203, 0.766),
(0.388, -0.228, 0.747),
(0.322, -0.248, 0.671),
(0.147, -0.226, 0.639),
(0.125, -0.031, 0.842),
(0.134, 0.017, 0.918),
(0.116, 0.046, 0.936),
(0.138, 0.109, 0.998),
(0.146, 0.166, 1.136),
(-0.220, 0.173, 1.066),
(-0.316, 0.197, 1.019),
(-0.374, 0.254, 1.101),
(-0.349, 0.259, 1.259),
(-0.289, 0.271, 1.298),
(-0.287, 0.234, 1.279),
(-0.289, 0.221, 1.270),
(-0.383, 0.221, 1.267),
(-0.424, 0.221, 1.256),
(-0.451, 0.252, 1.266),
(-0.457, 0.255, 1.260),
(-0.524, 0.176, 1.216),
(-0.527, 0.154, 1.184),
(-0.524, 0.120, 1.179),
(-0.567, 0.132, 1.226),
(-0.597, 0.128, 1.271),
(-0.599, 0.123, 1.284),
(-0.575, 0.149, 1.316),
(-0.513, 0.204, 1.389),
(-0.323, 0.265, 1.450),
(-0.273, 0.378, 1.556),
(-0.147, 0.469, 1.636),
(-0.009, 0.532, 1.724),
(0.040, 0.637, 1.908),
(0.085, 0.651, 1.940),
(0.070, 0.640, 1.939),
(-0.014, 0.595, 1.917),
(-0.189, 0.510, 1.840),
(-0.232, 0.475, 1.803),
(-0.233, 0.463, 1.755),
(-0.215, 0.435, 1.685),
(-0.249, 0.357, 1.572),
(-0.305, 0.354, 1.554),
(-0.361, 0.349, 1.495),
(-0.372, 0.356, 1.435),
(-0.395, 0.353, 1.332),
(-0.429, 0.360, 1.284),
(-0.450, 0.375, 1.239),
(-0.462, 0.384, 1.189),
(-0.450, 0.435, 1.151),
(-0.453, 0.432, 1.116),
(-0.448, 0.432, 1.085),
(-0.411, 0.427, 1.044),
(-0.392, 0.439, 0.994),
(-0.382, 0.447, 0.976),
(-0.310, 0.419, 0.896),
(-0.312, 0.414, 0.893),
(-0.298, 0.417, 0.890),
(-0.222, 0.321, 0.900),
(-0.216, 0.286, 0.880),
(-0.166, 0.294, 0.884),
(0.028, 0.289, 0.902),
(0.077, 0.255, 0.895),
(0.112, 0.228, 0.896),
(0.212, 0.124, 0.886),
(0.275, -0.032, 0.834),
(0.552, -0.171, 0.766),
(0.566, -0.216, 0.764),
(0.597, -0.266, 0.729),
(0.689, -0.318, 0.672),
(0.849, -0.375, 0.630),
(0.870, -0.389, 0.632),
(0.876, -0.405, 0.605),
(0.894, -0.415, 0.571),
(0.910, -0.417, 0.565),
(0.922, -0.424, 0.576),
(0.920, -0.416, 0.601),
(0.944, -0.383, 0.631),
(1.014, -0.333, 0.664),
(1.029, -0.307, 0.670),
(1.010, -0.294, 0.668),
(0.976, -0.292, 0.667),
(0.891, -0.260, 0.720),
(0.817, -0.260, 0.726),
(0.734, -0.248, 0.729),
(0.657, -0.240, 0.731),
(0.588, -0.147, 0.731),
(0.580, -0.130, 0.698),
(0.518, -0.144, 0.729),
(0.424, -0.163, 0.735),
(0.245, -0.083, 0.605),
(0.188, -0.011, 0.652),
(0.159, 0.025, 0.724),
(0.135, 0.039, 0.746),
(0.016, 0.076, 0.741),
(-0.061, 0.101, 0.763),
(-0.135, 0.135, 0.797),
(-0.192, 0.169, 0.815),
(-0.273, 0.237, 0.831),
(-0.331, 0.275, 0.859),
(-0.353, 0.284, 0.898),
(-0.364, 0.292, 0.914),
(-0.443, 0.298, 0.960),
(-0.469, 0.275, 0.981),
(-0.455, 0.268, 1.013),
(-0.446, 0.270, 1.092),
(-0.502, 0.325, 1.192),
(-0.455, 0.326, 1.204),
(-0.557, 0.246, 1.486),
(-0.535, 0.274, 1.549),
(-0.506, 0.307, 1.596),
(-0.219, 0.345, 1.793),
(-0.025, 0.373, 1.893),
(0.143, 0.337, 1.944),
(0.250, 0.340, 2.069),
(0.243, 0.271, 2.045),
(0.127, 0.192, 1.945),
(-0.070, 0.167, 1.835),
(-0.237, 0.101, 1.688),
(-0.335, 0.069, 1.510),
(-0.263, 0.073, 1.475),
(-0.209, 0.069, 1.458),
(-0.219, 0.057, 1.419),
(-0.280, 0.038, 1.391),
(-0.357, 0.126, 1.206),
(-0.325, 0.167, 1.182),
(-0.307, 0.207, 1.193),
(-0.273, 0.236, 1.202),
(-0.280, 0.265, 1.187),
(-0.275, 0.287, 1.181),
(-0.262, 0.303, 1.171),
(-0.281, 0.352, 1.144),
(-0.276, 0.394, 1.151),
(-0.248, 0.419, 1.141),
(-0.218, 0.441, 1.136),
(-0.202, 0.459, 1.121),
(-0.204, 0.466, 1.093),
(-0.195, 0.469, 1.072),
(-0.193, 0.472, 1.049),
(-0.185, 0.483, 1.026),
(-0.166, 0.494, 1.025),
(-0.130, 0.484, 1.004),
(-0.099, 0.480, 0.985),
(-0.074, 0.431, 0.942),
(-0.069, 0.408, 0.923),
(-0.070, 0.389, 0.907),
(-0.066, 0.370, 0.899),
(-0.042, 0.334, 0.899),
(-0.026, 0.310, 0.888),
(0.008, 0.268, 0.865),
(0.045, 0.233, 0.838),
(0.070, 0.148, 0.769),
(0.062, 0.098, 0.748),
(0.054, 0.050, 0.738),
(0.077, 0.008, 0.728),
(0.173, -0.070, 0.722),
(0.247, -0.102, 0.730),
(0.319, -0.140, 0.722),
(0.387, -0.168, 0.696),
(0.511, -0.252, 0.654),
(0.587, -0.285, 0.635),
(0.662, -0.302, 0.614),
(0.692, -0.330, 0.601),
(0.688, -0.418, 0.576),
(0.846, -0.482, 0.536),
(0.907, -0.460, 0.531),
(0.919, -0.450, 0.534),
(0.866, -0.496, 0.526),
(0.880, -0.521, 0.571),
(0.863, -0.544, 0.638),
(0.784, -0.627, 0.633),
(0.636, -0.625, 0.645),
(0.610, -0.541, 0.672),
(0.592, -0.481, 0.686),
(0.541, -0.458, 0.711),
(0.409, -0.416, 0.826),
(0.374, -0.424, 0.789),
(0.273, -0.416, 0.719),
(0.147, -0.337, 0.726),
(0.074, -0.223, 0.789),
(0.048, -0.143, 0.838),
(-0.085, -0.013, 0.861),
(-0.098, 0.030, 0.891),
(-0.100, 0.076, 0.926),
(-0.226, 0.135, 0.962),
(-0.319, 0.143, 0.979),
(-0.394, 0.176, 1.009),
(-0.445, 0.201, 1.021),
(-0.423, 0.246, 1.128),
(-0.401, 0.250, 1.147),
(-0.412, 0.258, 1.181),
(-0.452, 0.292, 1.215),
(-0.345, 0.240, 1.225),
(-0.303, 0.192, 1.242),
(-0.296, 0.194, 1.366),
(-0.310, 0.231, 1.507),
(-0.311, 0.219, 1.496),
(-0.232, 0.248, 1.548),
(-0.150, 0.272, 1.585),
(-0.094, 0.245, 1.608),
