(-0.500, -0.036, 0.921),
(-0.515, -0.039, 0.926),
(-0.525, -0.046, 0.922),
(-0.534, -0.049, 0.923),
(-0.536, -0.053, 0.927),
(-0.527, -0.074, 0.930),
(-0.523, -0.078, 0.930),
(-0.522, -0.089, 0.921),
(-0.518, -0.102, 0.917),
(-0.509, -0.105, 0.915),
(-0.502, -0.115, 0.909),
(-0.502, -0.119, 0.911),
(-0.506, -0.115, 0.914),
(-0.506, -0.116, 0.912),
(-0.505, -0.112, 0.912),
(-0.501, -0.107, 0.914),
(-0.496, -0.104, 0.909),
(-0.490, -0.099, 0.911),
(-0.507, -0.094, 0.907),
(-0.495, -0.101, 0.907),
(-0.485, -0.109, 0.900),
(-0.486, -0.115, 0.895),
(-0.490, -0.117, 0.894),
(-0.488, -0.124, 0.896),
(-0.476, -0.125, 0.903),
(-0.471, -0.132, 0.895),
(-0.469, -0.126, 0.902),
(-0.470, -0.129, 0.899),
(-0.481, -0.131, 0.897),
(-0.473, -0.125, 0.899),
(-0.469, -0.128, 0.902),
(-0.461, -0.126, 0.902),
(-0.461, -0.125, 0.900),
(-0.469, -0.124, 0.901),
(-0.465, -0.129, 0.894),
(-0.464, -0.128, 0.895),
(-0.461, -0.127, 0.894),
(-0.463, -0.121, 0.898),
(-0.463, -0.119, 0.901),
(-0.473, -0.121, 0.908),
(-0.477, -0.119, 0.914),
(-0.474, -0.118, 0.909),
(-0.475, -0.117, 0.912),
(-0.488, -0.112, 0.910),
(-0.498, -0.110, 0.907),
(-0.504, -0.108, 0.911),
(-0.502, -0.105, 0.913),
(-0.499, -0.106, 0.908),
(-0.497, -0.103, 0.908),
(-0.499, -0.098, 0.911),
(-0.500, -0.100, 0.910),
(-0.506, -0.101, 0.909),
(-0.510, -0.098, 0.908),
(-0.505, -0.104, 0.902),
(-0.513, -0.095, 0.903),
(-0.525, -0.094, 0.904),
(-0.528, -0.107, 0.903),
(-0.521, -0.111, 0.911),
(-0.513, -0.101, 0.919),
(-0.492, -0.085, 0.944),
(-0.479, -0.091, 0.942),
(-0.474, -0.089, 0.960),
(-0.465, -0.064, 0.984),
(-0.460, -0.057, 0.989),
(-0.445, -0.038, 1.043),
(-0.428, -0.007, 1.070),
(-0.438, 0.129, 1.124),
(-0.426, 0.194, 1.163),
(-0.421, 0.256, 1.182),
(-0.500, 0.397, 1.257),
(-0.523, 0.412, 1.286),
(-0.534, 0.426, 1.302),
(-0.576, 0.441, 1.302),
(-0.676, 0.426, 1.295),
(-0.697, 0.427, 1.312),
(-0.707, 0.424, 1.304),
(-0.721, 0.399, 1.299),
(-0.733, 0.401, 1.341),
(-0.823, 0.297, 1.410),
(-0.859, 0.260, 1.410),
(-0.878, 0.201, 1.386),
(-0.851, 0.074, 1.391),
(-0.830, 0.053, 1.378),
(-0.782, 0.053, 1.386),
(-0.737, -0.008, 1.336),
(-0.724, -0.047, 1.314),
(-0.719, -0.071, 1.289),
(-0.676, -0.090, 1.271),
(-0.461, -0.093, 1.211),
(-0.442, -0.118, 1.152),
(-0.397, -0.137, 1.114),
(-0.366, -0.165, 1.069),
(-0.244, -0.198, 0.960),
(-0.202, -0.212, 0.912),
(-0.148, -0.257, 0.871),
(-0.118, -0.277, 0.821),
(0.060, -0.314, 0.717),
(0.153, -0.305, 0.681),
(0.219, -0.337, 0.647),
(0.250, -0.369, 0.577),
(0.371, -0.484, 0.491),
(0.413, -0.565, 0.443),
(0.447, -0.644, 0.395),
(0.505, -0.696, 0.392),
(0.571, -0.728, 0.400),
(0.630, -0.762, 0.425),
(0.661, -0.812, 0.437),
(0.700, -0.842, 0.460),
(0.787, -0.869, 0.454),
(0.791, -0.854, 0.461),
(0.789, -0.821, 0.469),
(0.765, -0.785, 0.484),
(0.744, -0.694, 0.523),
(0.576, -0.397, 0.633),
(0.503, -0.339, 0.643),
(0.437, -0.276, 0.662),
(0.204, -0.188, 0.706),
(0.143, -0.166, 0.732),
(0.101, -0.152, 0.760),
(0.090, -0.120, 0.782),
(-0.079, -0.029, 0.888),
(-0.199, -0.027, 0.882),
(-0.229, 0.297, 1.073),
(-0.256, 0.330, 1.110),
(-0.272, 0.437, 1.082),
(-0.149, 0.518, 1.174),
(-0.123, 0.547, 1.257),
(-0.423, 0.489, 1.206),
(-0.438, 0.493, 1.182),
(-0.393, 0.468, 1.148),
(-0.354, 0.472, 1.138),
(-0.369, 0.467, 1.171),
(-0.445, 0.428, 1.147),
(-0.563, 0.390, 1.073),
(-0.654, 0.393, 1.068),
(-0.622, 0.326, 1.008),
(-0.600, 0.304, 0.992),
(-0.630, 0.270, 0.988),
(-0.708, 0.250, 0.958),
(-0.810, 0.233, 0.880),
(-0.810, 0.245, 0.879),
(-0.779, 0.251, 0.855),
(-0.770, 0.257, 0.844),
(-0.802, 0.313, 0.821),
(-0.820, 0.294, 0.807),
(-0.830, 0.297, 0.817),
(-0.818, 0.306, 0.835),
(-0.811, 0.319, 0.855),
(-0.955, 0.391, 0.951),
(-0.971, 0.375, 0.959),
(-0.927, 0.368, 1.008),
(-0.798, 0.364, 1.036),
(-0.771, 0.376, 1.039),
(-0.733, 0.365, 1.030),
(-0.699, 0.359, 1.026),
(-0.625, 0.312, 1.008),
(-0.606, 0.279, 1.000),
(-0.574, 0.232, 0.989),
(-0.552, 0.190, 0.974),
(-0.523, -0.036, 0.878),
(-0.534, -0.043, 0.881),
(-0.553, -0.066, 0.858),
(-0.551, -0.087, 0.825),
(-0.546, -0.090, 0.812),
(-0.548, -0.102, 0.800),
(-0.548, -0.110, 0.798),
(-0.557, -0.116, 0.797),
(-0.583, -0.122, 0.786),
(-0.564, -0.121, 0.797),
(-0.553, -0.116, 0.810),
(-0.550, -0.122, 0.810),
(-0.537, -0.133, 0.884),
(-0.533, -0.114, 0.906),
(-0.533, -0.092, 0.931),
(-0.513, -0.048, 0.981),
(-0.521, -0.013, 1.012),
(-0.523, -0.010, 1.037),
(-0.510, -0.001, 1.062),
(-0.443, 0.523, 1.429),
(-0.710, 0.748, 1.621),
(-0.823, 0.787, 1.624),
(-0.889, 0.766, 1.594),
(-1.044, 0.791, 1.657),
(-1.209, 0.778, 1.687),
(-1.354, 0.753, 1.715),
(-1.252, -0.023, 1.622),
(-1.161, -0.068, 1.547),
(-1.085, -0.125, 1.487),
(-0.896, -0.210, 1.245),
(-0.879, -0.271, 1.176),
(-0.828, -0.352, 1.067),
(-0.692, -0.372, 0.975),
(-0.410, -0.462, 0.832),
(0.528, -1.191, 0.385),
(0.629, -1.150, 0.410),
(0.685, -1.116, 0.453),
(0.830, -1.014, 0.491),
(0.891, -0.728, 0.579),
(0.812, -0.460, 0.695),
(0.418, -0.124, 0.781),
(0.332, -0.094, 0.798),
(0.238, -0.067, 0.831),
(0.015, -0.024, 0.871),
(-0.375, 0.321, 1.112),
(-0.409, 0.311, 1.106),
(-0.460, 0.314, 1.112),
(-0.607, 0.297, 1.122),
(-0.631, 0.283, 1.126),
(-0.915, 0.238, 1.099),
(-0.965, 0.294, 1.090),
(-1.027, 0.358, 1.090),
(-1.042, 0.527, 1.074),
(-0.992, 0.629, 1.064),
(-0.915, 0.723, 1.052),
(-0.850, 0.787, 1.050),
(-0.798, 0.809, 1.106),
(-0.478, -0.087, 1.020),
(-0.491, -0.112, 1.003),
(-0.488, -0.130, 0.993),
(-0.494, -0.152, 0.935),
(-0.497, -0.147, 0.927),
(-0.513, -0.148, 0.915),
(-0.533, -0.153, 0.908),
(-0.482, -0.254, 0.810),
(-0.464, -0.271, 0.835),
(-0.456, -0.288, 0.831),
(-0.448, -0.283, 0.871),
(-0.428, -0.300, 0.881),
(-0.420, -0.286, 0.914),
(-0.402, -0.247, 0.967),
(-0.323, 0.036, 1.389),
(-0.287, 0.096, 1.445),
(-0.282, 0.173, 1.523),
(-0.288, 0.254, 1.605),
(-0.326, 0.417, 1.740),
(-0.404, 0.497, 1.792),
(-0.513, 0.534, 1.806),
(-0.605, 0.562, 1.814),
(-0.698, 0.598, 1.887),
(-0.760, 0.593, 1.888),
(-0.879, 0.601, 1.875),
(-1.043, 0.595, 1.848),
(-1.413, 0.142, 1.852),
(-1.451, 0.018, 1.834),
(-1.417, -0.076, 1.818),
(-1.283, -0.221, 1.763),
(-1.235, -0.258, 1.722),
(-0.963, -0.246, 1.462),
(-0.671, -0.437, 1.164),
(-0.586, -0.477, 1.095),
(-0.191, -0.650, 0.814),
(-0.106, -0.743, 0.761),
(-0.017, -0.858, 0.738),
(0.151, -1.171, 0.653),
(0.807, -1.038, 0.465),
(0.773, -0.929, 0.480),
(0.754, -0.822, 0.515),
(0.699, -0.661, 0.583),
(0.626, -0.606, 0.600),
(0.563, -0.529, 0.651),
(0.269, -0.382, 0.729),
(0.180, -0.361, 0.734),
(0.086, -0.352, 0.748),
(-0.011, -0.327, 0.787),
(-0.046, -0.186, 0.903),
(-0.052, -0.085, 0.997),
(-0.125, -0.026, 1.053),
(-0.238, 0.008, 1.070),
(-0.389, 0.116, 1.097),
(-0.403, 0.188, 1.136),
(-0.407, 0.244, 1.157),
(-0.428, 0.281, 1.130),
(-0.592, 0.385, 1.176),
(-0.665, 0.383, 1.178),
(-0.703, 0.413, 1.181),
(-0.703, 0.443, 1.220),
(-0.945, 0.647, 1.118),
(-0.923, 0.352, 0.946),
(-0.918, 0.593, 0.962),
(-0.816, 0.627, 0.937),
(-0.732, 0.656, 0.900),
(-0.617, 0.625, 0.819),
(-0.595, 0.591, 0.785),
(-0.567, 0.545, 0.746),
(-0.659, 0.009, 0.857),
(-0.696, 0.024, 0.884),
(-0.696, 0.051, 0.909),
(-0.630, 0.151, 0.959),
(-0.607, 0.187, 0.966),
(-0.581, 0.213, 0.961),
(-0.567, 0.226, 0.964),
(-0.562, 0.236, 0.968),
(-0.525, 0.205, 0.933),
(-0.528, 0.120, 0.873),
(-0.564, 0.023, 0.827),
(-0.565, 0.010, 0.831),
(-0.565, -0.000, 0.841),
(-0.613, -0.098, 0.840),
(-0.614, -0.092, 0.835),
(-0.599, -0.080, 0.810),
(-0.597, -0.081, 0.799),
(-0.590, -0.083, 0.795),
(-0.598, -0.116, 0.772),
(-0.591, -0.116, 0.765),
(-0.580, -0.117, 0.768),
(-0.589, -0.125, 0.778),
(-0.567, -0.172, 0.802),
(-0.528, -0.185, 0.949),
(-0.516, -0.178, 0.974),
(-0.503, -0.197, 0.997),
(-0.495, 0.358, 1.688),
(-0.531, 0.505, 1.781),
(-0.577, 0.631, 1.849),
(-0.584, 0.772, 1.932),
(-0.556, 0.938, 2.057),
(-1.251, 1.240, 2.198),
(-1.408, 1.069, 2.144),
(-1.570, 0.885, 2.129),
(-1.902, 0.335, 2.040),
(-1.945, -0.121, 2.172),
(-2.067, -0.306, 2.163),
(-2.141, -0.469, 2.134),
(-2.065, -0.681, 1.994),
(-1.784, -1.184, 1.557),
(-1.298, -1.402, 1.219),
(-0.893, -1.546, 1.037),
(-0.438, -1.827, 0.542),
(-0.406, -1.835, 0.331),
(-0.270, -1.936, 0.109),
(-0.099, -2.049, -0.052),
(0.137, -2.122, -0.183),
(0.731, -1.043, 0.504),
(0.737, -0.942, 0.576),
(0.721, -0.848, 0.627),
(0.401, -0.601, 0.742),
(0.302, -0.541, 0.776),
(-0.052, -0.318, 0.945),
(-0.057, -0.247, 1.004),
(-0.082, -0.141, 1.086),
(-0.299, -0.007, 1.199),
(-0.365, 0.074, 1.243),
(-0.455, 0.158, 1.236),
(-0.553, 0.219, 1.212),
(-0.613, 0.259, 1.191),
(-1.124, 0.292, 1.126),
(-1.145, 0.392, 1.075),
(-1.090, 0.562, 1.040),
(-1.084, 1.008, 1.018),
(-1.002, 1.094, 0.990),
(-0.872, 1.190, 0.984),
(-0.755, 1.302, 0.968),
(-0.637, 1.383, 0.947),
(-0.596, 1.328, 0.953),
(-0.538, 1.239, 0.995),
(-0.531, 1.167, 1.109),
(-0.675, 0.728, 0.974),
(-0.703, 0.359, 0.949),
(-0.596, 0.444, 0.725),
(-0.586, 0.445, 0.677),
(-0.574, 0.434, 0.630),
(-0.502, 0.470, 0.586),
(-0.470, 0.493, 0.595),
(-0.453, 0.480, 0.607),
(-0.442, 0.449, 0.633),
(-0.484, 0.277, 0.663),
(-0.513, 0.249, 0.697),
(-0.726, 0.120, 0.749),
(-0.746, 0.132, 0.796),
(-0.763, 0.131, 0.824),
(-0.714, 0.174, 0.918),
(-0.677, 0.197, 0.956),
(-0.671, 0.197, 0.964),
(-0.683, 0.196, 0.974),
(-0.663, 0.218, 0.994),
(-0.574, 0.242, 0.963),
(-0.553, 0.233, 0.943),
(-0.551, 0.219, 0.922),
(-0.583, 0.148, 0.877),
(-0.593, 0.114, 0.861),
(-0.606, 0.085, 0.862),
(-0.615, 0.060, 0.882),
(-0.622, 0.004, 0.839),
(-0.633, -0.055, 0.811),
(-0.629, -0.074, 0.802),
(-0.638, -0.130, 0.769),
(-0.604, -0.019, 0.842),
(-0.609, -0.015, 0.871),
(-0.611, -0.010, 0.902),
(-0.584, -0.021, 0.965),
(-0.565, -0.024, 1.002),
(-0.542, -0.004, 1.033),
(-0.554, 0.093, 1.180),
(-0.523, 0.129, 1.232),
(-0.537, 0.198, 1.332),
(-0.551, 0.219, 1.397),
(-0.474, 1.001, 1.936),
(-0.514, 1.083, 1.973),
(-0.582, 1.146, 1.982),
(-0.680, 1.165, 1.995),
(-0.927, 0.999, 1.956),
(-1.055, 0.941, 1.970),
(-1.192, 0.839, 1.968),
(-1.318, 0.710, 1.980),
(-1.525, 0.367, 1.929),
(-1.567, 0.236, 1.911),
(-1.505, -0.121, 1.774),
(-1.494, -0.172, 1.712),
(-1.386, -0.319, 1.607),
(-1.352, -0.333, 1.602),
(-1.308, -0.344, 1.584),
(-1.154, -0.364, 1.412),
(-1.070, -0.379, 1.334),
(-0.997, -0.392, 1.279),
(-0.930, -0.462, 1.205),
(-0.848, -0.583, 1.144),
(-0.745, -0.729, 1.098),
(-0.596, -0.942, 1.046),
(-0.421, -1.175, 0.959),
(0.006, -1.595, 0.615),
(0.167, -1.714, 0.465),
(0.229, -1.762, 0.368),
(0.270, -1.772, 0.293),
(0.480, -1.753, 0.217),
(0.583, -1.657, 0.221),
(0.639, -1.556, 0.247),
(0.857, -1.362, 0.417),
(0.851, -1.248, 0.488),
(0.857, -1.156, 0.540),
(0.856, -1.069, 0.577),
(0.755, -0.880, 0.659),
(0.745, -0.781, 0.723),
(0.738, -0.705, 0.766),
(0.680, -0.654, 0.783),
(0.576, -0.577, 0.798),
(0.478, -0.557, 0.771),
(0.343, -0.513, 0.760),
(0.215, -0.453, 0.780),
(0.061, -0.359, 0.831),
(0.071, -0.274, 0.890),
(0.013, -0.210, 0.927),
(-0.052, -0.175, 0.925),
(-0.187, -0.059, 0.995),
(-0.261, -0.005, 1.012),
(-0.333, 0.030, 0.998),
(-0.352, 0.122, 1.036),
(-0.446, 0.203, 1.097),
(-0.654, 0.311, 1.170),
(-0.637, 0.332, 1.196),
(-0.653, 0.363, 1.222),
(-0.780, 0.306, 1.191),
(-0.831, 0.520, 0.988),
(-0.790, 0.601, 0.958),
(-0.708, 0.688, 0.934),
(-0.577, 0.865, 0.865),
(-0.400, 1.181, 0.899),
(-0.377, 1.225, 0.986),
(-0.362, 1.065, 0.994),
(-0.563, 0.620, 1.052),
(-0.639, 0.378, 1.123),
(-0.783, -0.256, 1.208),
(-0.833, -0.159, 1.193),
(-0.833, -0.018, 1.175),
(-0.649, 0.256, 1.047),
(-0.600, 0.289, 0.968),
(-0.568, 0.311, 0.899),
(-0.510, 0.331, 0.726),
(-0.491, 0.321, 0.674),
(-0.474, 0.321, 0.632),
(-0.458, 0.394, 0.724),
(-0.495, 0.388, 0.801),
(-0.521, 0.281, 0.811),
(-0.557, 0.149, 0.830),
(-0.603, -0.009, 0.820),
(-0.726, 0.026, 0.969),
(-0.690, 0.064, 0.968),
(-0.648, 0.088, 0.960),
(-0.607, 0.149, 0.910),
(-0.596, 0.152, 0.902),
(-0.568, 0.138, 0.885),
(-0.548, 0.125, 0.886),
(-0.585, -0.017, 0.875),
(-0.603, -0.021, 0.863),
(-0.612, -0.035, 0.846),
(-0.607, -0.053, 0.828),
(-0.603, -0.065, 0.807),
(-0.588, -0.055, 0.837),
(-0.581, -0.084, 0.801),
(-0.588, -0.152, 0.740),
(-0.602, -0.150, 0.730),
(-0.616, -0.186, 0.758),
(-0.606, -0.217, 0.843),
(-0.599, -0.199, 0.861),
(-0.578, -0.199, 0.879),
(-0.554, -0.220, 0.895),
(-0.535, -0.265, 0.888),
(-0.540, -0.291, 0.887),
(-0.556, -0.281, 0.930),
(-0.574, -0.302, 0.952),
(-0.482, -0.005, 1.220),
(-0.442, 0.040, 1.242),
(-0.410, 0.106, 1.264),
(-0.322, 0.396, 1.510),
(-0.301, 0.467, 1.548),
(-0.289, 0.502, 1.621),
(-0.280, 0.572, 1.727),
(-0.502, 0.608, 1.899),
(-1.050, 0.331, 2.051),
(-1.159, 0.230, 2.057),
(-1.180, 0.285, 2.090),
(-1.308, 0.560, 2.169),
(-1.356, 0.474, 2.161),
(-1.365, 0.238, 2.208),
(-1.363, -0.040, 2.423),
(-1.307, -0.332, 2.227),
(-1.394, -0.880, 2.104),
(-1.491, -1.196, 2.127),
(-1.305, -1.357, 1.934),
(-1.068, -1.257, 1.510),
(-1.203, -1.349, 1.347),
(-0.995, -1.590, 1.023),
(-0.775, -1.362, 0.952),
(-0.557, -1.189, 0.861),
(-0.312, -0.985, 0.755),
(-0.197, -1.001, 0.680),
(-0.003, -1.022, 0.595),
(0.359, -1.117, 0.379),
(0.502, -1.162, 0.193),
(0.629, -1.233, -0.009),
(0.710, -1.353, -0.246),
(0.828, -1.484, -0.475),
(0.963, -1.567, -0.606),
(1.018, -1.542, -0.584),
(1.047, -1.454, -0.515),
(1.156, -1.296, -0.372),
(1.172, -1.234, -0.305),
(1.186, -1.160, -0.261),
(1.174, -1.086, -0.215),
(1.121, -0.960, -0.101),
(1.119, -0.898, -0.032),
(1.110, -0.831, 0.037),
(1.074, -0.786, 0.082),
(0.922, -0.736, 0.129),
(0.834, -0.699, 0.149),
(0.743, -0.649, 0.190),
(0.645, -0.614, 0.216),
(0.533, -0.518, 0.270),
(0.441, -0.492, 0.314),
(0.333, -0.441, 0.359),
(0.243, -0.431, 0.385),
(0.109, -0.396, 0.481),
(0.054, -0.374, 0.561),
(0.023, -0.316, 0.642),
(-0.004, -0.264, 0.651),
(-0.162, -0.233, 0.795),
(-0.477, -0.131, 1.024),
(-0.509, -0.086, 1.090),
(-0.545, -0.029, 1.187),
(-0.809, 0.026, 1.252),
(-0.916, 0.039, 1.293),
(-0.984, 0.018, 1.326),
(-1.055, 0.057, 1.464),
(-1.061, 0.007, 1.486),
(-1.070, -0.017, 1.540),
(-1.131, 0.377, 1.755),
(-1.001, 0.477, 1.772),
(-1.036, 0.553, 1.586),
(-0.933, 0.510, 1.461),
(-0.824, 0.531, 1.351),
(-0.683, 0.635, 1.187),
(-0.634, 0.638, 1.101),
(-0.495, 0.391, 0.900),
(-0.534, 0.134, 0.941),
(-0.597, 0.118, 1.012),
(-0.736, -0.044, 1.285),
(-0.743, -0.030, 1.342),
(-0.741, -0.050, 1.318),
(-0.676, -0.125, 1.172),
(-0.615, -0.152, 1.075),
(-0.537, -0.142, 0.995),
(-0.470, -0.119, 0.922),
(-0.424, -0.048, 0.791),
(-0.353, 0.134, 0.564),
(-0.377, 0.240, 0.593),
(-0.404, 0.258, 0.653),
(-0.451, 0.242, 0.673),
(-0.496, 0.222, 0.696),
(-0.552, 0.185, 0.823),
(-0.614, 0.162, 0.873),
(-0.685, 0.094, 0.847),
(-0.737, 0.015, 0.823),
(-0.764, 0.009, 0.855),
(-0.708, 0.134, 0.916),
(-0.678, 0.158, 0.902),
(-0.651, 0.181, 0.903),
(-0.597, 0.193, 0.905),
(-0.563, 0.196, 0.918),
(-0.528, 0.189, 0.955),
(-0.505, 0.171, 0.971),
(-0.613, -0.092, 0.842),
(-0.595, -0.118, 0.846),
(-0.616, -0.076, 0.988),
(-0.611, -0.064, 1.012),
(-0.597, -0.048, 1.059),
(-0.536, 0.260, 1.526),
(-0.484, 0.366, 1.636),
(-0.390, 0.489, 1.704),
(-0.307, 0.662, 1.785),
(-0.193, 1.115, 2.053),
(-0.277, 1.289, 2.167),
(-0.429, 1.380, 2.233),
(-0.628, 1.412, 2.308),
(-1.200, 1.192, 2.236),
(-1.495, 1.066, 2.242),
(-1.708, 0.885, 2.273),
(-1.816, 0.679, 2.316),
(-2.084, 0.247, 2.280),
(-1.976, -0.635, 2.048),
(-1.960, -0.768, 1.972),
(-1.932, -0.805, 1.903),
(-1.699, -0.848, 1.880),
(-1.674, -0.891, 1.905),
(-1.680, -0.961, 1.845),
(-1.627, -1.028, 1.754),
(-0.765, -1.060, 1.198),
(0.370, -1.706, 0.606),
(0.463, -1.675, 0.475),
(0.561, -1.672, 0.381),
(0.912, -1.703, 0.175),
(1.026, -1.678, 0.161),
(1.062, -1.589, 0.183),
(1.059, -1.488, 0.215),
(1.077, -1.331, 0.276),
(1.068, -1.283, 0.315),
(1.042, -1.223, 0.357),
(1.025, -1.129, 0.426),
(0.961, -0.994, 0.490),
(0.878, -0.942, 0.522),
(0.817, -0.883, 0.559),
(0.774, -0.834, 0.607),
(0.746, -0.774, 0.647),
(0.711, -0.715, 0.670),
(0.648, -0.666, 0.700),
(0.570, -0.614, 0.712),
(0.406, -0.512, 0.712),
(0.300, -0.462, 0.717),
(0.184, -0.393, 0.755),
(0.104, -0.322, 0.817),
(0.010, -0.208, 0.913),
(-0.112, -0.172, 0.946),
(-0.315, 0.017, 1.062),
(-0.368, 0.079, 1.073),
(-0.398, 0.149, 1.136),
(-0.619, 0.237, 1.168),
(-0.613, 0.310, 1.203),
(-0.635, 0.355, 1.192),
(-0.667, 0.374, 1.204),
(-0.754, 0.390, 1.197),
(-0.807, 0.427, 1.183),
(-0.854, 0.458, 1.175),
(-0.870, 0.448, 1.166),
(-0.937, 0.413, 1.167),
(-0.993, 0.385, 1.177),
(-1.032, 0.418, 1.091),
(-1.026, 0.496, 1.016),
(-1.005, 0.524, 1.123),
(-1.117, 0.479, 1.100),
(-1.213, 0.476, 1.080),
(-1.189, 0.498, 1.061),
(-0.952, 0.615, 1.025),
(-0.651, 0.792, 0.916),
(-0.539, 0.809, 0.890),
(-0.440, 0.847, 0.864),
(-0.404, 0.907, 0.922),
(-0.478, 0.867, 0.957),
(-0.545, 0.808, 1.031),
(-0.572, 0.713, 1.049),
(-0.579, 0.539, 1.094),
(-0.619, 0.491, 1.144),
(-0.648, 0.439, 1.180),
(-0.703, 0.394, 1.204),
(-0.749, 0.360, 1.221),
(-0.737, 0.334, 1.219),
(-0.576, 0.303, 1.020),
(-0.403, 0.296, 0.700),
(-0.372, 0.296, 0.659),
(-0.351, 0.300, 0.633),
(-0.668, 0.048, 0.924),
(-0.673, 0.002, 0.942),
(-0.672, -0.030, 0.951),
(-0.674, -0.054, 0.950),
(-0.697, -0.037, 0.961),
(-0.691, -0.010, 0.967),
(-0.684, 0.011, 0.961),
(-0.644, 0.079, 0.905),
(-0.629, 0.094, 0.891),
(-0.611, 0.106, 0.881),
(-0.531, 0.105, 0.834),
(-0.539, 0.123, 0.830),
(-0.553, 0.127, 0.840),
(-0.552, 0.132, 0.847),
(-0.571, 0.091, 0.842),
(-0.583, 0.085, 0.837),
(-0.588, 0.081, 0.834),
(-0.590, 0.077, 0.825),
(-0.630, 0.065, 0.809),
(-0.614, 0.001, 0.784),
(-0.602, -0.006, 0.791),
(-0.603, -0.018, 0.807),
(-0.604, -0.037, 0.843),
(-0.592, -0.035, 0.863),
(-0.581, -0.033, 0.876),
(-0.583, -0.036, 0.900),
(-0.604, -0.028, 0.946),
(-0.583, -0.049, 0.976),
(-0.564, -0.030, 1.000),
(-0.549, -0.037, 1.007),
(-0.544, -0.030, 1.053),
(-0.526, 0.007, 1.124),
(-0.501, 0.008, 1.180),
(-0.507, 0.031, 1.194),
(-0.538, 0.074, 1.338),
(-0.538, 0.085, 1.376),
(-0.564, 0.111, 1.406),
(-0.565, 0.166, 1.474),
(-0.482, 0.280, 1.641),
(-0.445, 0.360, 1.753),
(-0.430, 0.449, 1.841),
(-0.420, 0.532, 1.930),
(-0.508, 0.707, 2.080),
(-0.584, 0.765, 2.126),
(-0.672, 0.829, 2.146),
(-0.784, 0.855, 2.165),
(-1.109, 0.860, 2.210),
(-1.320, 0.788, 2.219),
(-1.553, 0.722, 2.269),
(-1.740, 0.614, 2.290),
(-2.163, -0.762, 2.256),
(-2.142, -0.873, 2.200),
(-2.115, -0.953, 2.131),
(-2.080, -1.039, 2.061),
(-1.880, -1.168, 2.108),
(-1.757, -1.281, 2.074),
(-1.623, -1.326, 2.073),
(-1.510, -1.307, 2.072),
(-1.373, -1.381, 1.792),
(-1.141, -1.498, 1.447),
(-0.721, -1.648, 1.197),
(-0.420, -1.709, 1.105),
(-0.221, -1.881, 0.928),
(-0.017, -1.976, 0.687),
(0.154, -1.895, 0.557),
(0.213, -1.821, 0.456),
(0.671, -1.788, 0.103),
(0.769, -1.769, 0.075),
(0.801, -1.733, 0.055),
(0.811, -1.640, 0.062),
(0.827, -1.442, 0.121),
(0.859, -1.365, 0.186),
(0.880, -1.305, 0.262),
(0.894, -1.230, 0.299),
(0.922, -1.012, 0.415),
(0.838, -0.905, 0.468),
(0.757, -0.792, 0.513),
(0.705, -0.691, 0.548),
(0.629, -0.597, 0.595),
(0.524, -0.534, 0.644),
(0.217, -0.322, 0.829),
(0.150, -0.291, 0.876),
(0.052, -0.249, 0.926),
(-0.150, -0.146, 1.051),
(-0.195, -0.069, 1.098),
(-0.256, 0.003, 1.159),
(-0.302, 0.048, 1.182),
(-0.414, 0.188, 1.228),
(-0.494, 0.238, 1.247),
(-0.533, 0.272, 1.259),
(-0.556, 0.299, 1.250),
(-0.569, 0.422, 1.286),
(-0.766, 0.420, 1.328),
(-0.769, 0.400, 1.288),
(-0.797, 0.373, 1.237),
(-0.839, 0.317, 1.069),
(-0.832, 0.318, 1.027),
(-0.822, 0.326, 0.985),
(-0.809, 0.366, 0.948),
(-0.712, 0.479, 0.861),
(-0.680, 0.536, 0.852),
(-0.679, 0.610, 0.860),
(-0.684, 0.683, 0.920),
(-0.748, 0.722, 0.991),
(-0.842, 0.732, 1.063),
(-0.941, 0.735, 1.149),
(-1.017, 0.433, 1.265),
(-0.956, 0.333, 1.282),
(-0.907, 0.300, 1.307),
(-0.943, 0.305, 1.281),
(-0.940, 0.344, 1.239),
(-0.855, 0.390, 1.200),
(-0.731, 0.418, 1.156),
(-0.483, 0.459, 0.985),
(-0.446, 0.448, 0.917),
(-0.424, 0.438, 0.862),
(-0.397, 0.431, 0.822),
(-0.367, 0.399, 0.747),
(-0.364, 0.387, 0.723),
(-0.371, 0.375, 0.715),
(-0.385, 0.361, 0.710),
(-0.454, 0.317, 0.692),
(-0.481, 0.319, 0.737),
(-0.515, 0.291, 0.759),
(-0.566, 0.251, 0.780),
(-0.630, 0.195, 0.871),
(-0.664, 0.138, 0.890),
(-0.690, 0.065, 0.914),
(-0.698, 0.001, 0.937),
(-0.690, -0.055, 0.954),
(-0.682, -0.093, 0.958),
(-0.672, -0.105, 0.954),
(-0.659, -0.094, 0.947),
(-0.646, -0.052, 0.906),
(-0.620, -0.024, 0.888),
(-0.508, 0.065, 0.822),
(-0.463, 0.088, 0.843),
(-0.504, 0.040, 0.918),
(-0.509, 0.025, 0.930),
(-0.510, 0.006, 0.938),
(-0.523, -0.011, 0.932),
(-0.537, -0.022, 0.944),
(-0.558, -0.003, 0.924),
(-0.559, 0.004, 0.918),
(-0.562, -0.011, 0.865),
(-0.574, -0.027, 0.847),
(-0.576, -0.035, 0.841),
(-0.586, -0.055, 0.794),
(-0.615, -0.115, 0.765),
(-0.612, -0.121, 0.760),
(-0.626, -0.128, 0.767),
(-0.630, -0.124, 0.793),
(-0.629, -0.162, 0.805),
(-0.640, -0.175, 0.837),
(-0.646, -0.170, 0.871),
(-0.649, -0.183, 0.878),
(-0.661, -0.169, 0.940),
(-0.603, -0.205, 1.070),
(-0.600, -0.205, 1.102),
(-0.594, -0.199, 1.125),
(-0.592, -0.116, 1.287),
(-0.582, -0.091, 1.304),
(-0.553, -0.065, 1.331),
(-0.523, -0.011, 1.394),
(-0.327, 0.534, 1.827),
(-0.334, 0.644, 1.940),
(-0.387, 0.722, 2.041),
(-0.493, 0.765, 2.124),
(-0.797, 0.701, 2.136),
(-0.964, 0.635, 2.178),
(-1.099, 0.508, 2.228),
(-1.230, 0.148, 2.506),
(-1.335, 0.040, 2.558),
(-1.469, -0.044, 2.543),
(-1.588, -0.142, 2.491),
(-1.664, -0.372, 2.365),
(-1.685, -0.487, 2.311),
(-1.836, -1.008, 2.033),
(-1.829, -1.036, 1.981),
(-1.718, -1.043, 1.921),
(-1.511, -0.987, 1.791),
(-0.741, -1.300, 1.316),
(-0.525, -1.410, 1.244),
(-0.325, -1.591, 1.102),
(0.378, -1.878, 0.672),
(0.435, -1.957, 0.489),
(0.480, -2.008, 0.312),
(0.562, -2.081, 0.092),
(0.707, -2.091, -0.190),
(0.747, -2.015, -0.208),
(0.770, -1.906, -0.180),
(0.808, -1.786, -0.134),
(0.835, -1.525, 0.017),
(0.826, -1.412, 0.104),
(0.814, -1.306, 0.211),
(0.826, -1.215, 0.297),
(0.756, -1.077, 0.376),
(0.715, -0.986, 0.419),
(0.632, -0.892, 0.438),
(-0.210, -0.266, 0.941),
(-0.279, -0.249, 0.986),
(-0.361, -0.215, 1.019),
(-0.496, -0.072, 1.158),
(-0.694, 0.422, 1.348),
(-0.688, 0.481, 1.308),
(-0.697, 0.585, 1.381),
(-0.810, 0.759, 1.385),
(-0.807, 0.822, 1.207),
(-0.831, 0.724, 1.210),
(-0.864, 0.619, 1.219),
(-0.780, 0.417, 1.089),
(-0.528, 0.565, 0.804),
(-0.467, 0.583, 0.759),
(-0.416, 0.587, 0.719),
(-0.410, 0.530, 0.637),
(-0.620, 0.319, 0.762),
(-0.635, 0.272, 0.785),
(-0.640, 0.232, 0.796),
(-0.658, 0.194, 0.847),
(-0.617, 0.231, 0.810),
(-0.613, 0.225, 0.805),
(-0.608, 0.214, 0.814),
(-0.615, 0.162, 0.794),
(-0.624, 0.160, 0.799),
(-0.637, 0.157, 0.793),
(-0.656, 0.156, 0.788),
(-0.668, 0.167, 0.787),
(-0.665, 0.159, 0.796),
(-0.665, 0.148, 0.799),
(-0.657, 0.137, 0.809),
(-0.668, 0.126, 0.841),
(-0.352, 0.377, 1.136),
(-0.395, 0.417, 1.189),
(-0.354, 0.458, 1.273),
(-0.570, 0.597, 1.466),
(-0.639, 0.704, 1.454),
(-0.652, 0.824, 1.492),
(-0.609, 0.993, 1.603),
(-0.479, 1.292, 1.838),
(-0.591, 1.487, 1.896),
(-0.733, 1.601, 1.962),
(-2.147, 1.375, 1.879),
(-2.246, 1.132, 2.030),
(-2.303, 0.840, 2.175),
(-2.322, 0.548, 2.257),
(-2.390, -0.065, 2.373),
(-2.443, -0.303, 2.380),
(-2.360, -0.533, 2.370),
(-2.047, -0.908, 2.140),
(-1.923, -1.023, 1.857),
(-1.608, -1.170, 1.529),
(-0.965, -1.682, 1.305),
(-0.687, -1.960, 1.026),
(-0.421, -2.108, 0.698),
(-0.328, -2.108, 0.419),
(-0.211, -2.260, -0.176),
(0.002, -2.297, -0.399),
(0.187, -2.253, -0.402),
(0.418, -2.317, -0.510),
(0.623, -2.257, -0.477),
(0.725, -1.989, -0.298),
(0.707, -1.682, -0.124),
(0.699, -1.309, 0.166),
(0.749, -1.260, 0.254),
(0.794, -1.240, 0.291),
(0.807, -1.135, 0.341),
(0.654, -0.836, 0.490),
(0.571, -0.723, 0.541),
(-0.075, -0.474, 0.757),
(-0.192, -0.452, 0.878),
(-0.274, -0.447, 0.980),
(-0.366, -0.353, 1.223),
(-0.407, -0.288, 1.270),
(-0.485, -0.227, 1.313),
(-0.596, -0.141, 1.350),
(-0.790, 0.085, 1.421),
(-0.790, 0.169, 1.423),
(-0.715, 0.277, 1.443),
(-0.838, 0.490, 1.451),
(-0.843, 0.564, 1.459),
(-0.841, 0.588, 1.517),
(-0.926, 0.552, 1.156),
(-0.845, 0.583, 0.958),
(-0.743, 0.611, 0.916),
(-0.682, 0.647, 0.872),
(-0.664, 0.671, 0.695),
(-0.753, 0.626, 0.787),
(-0.781, 0.619, 0.868),
(-0.664, 0.473, 1.095),
(-0.705, 0.435, 1.123),
(-0.782, 0.396, 1.153),
(-0.770, 0.385, 1.193),
(-0.693, 0.385, 1.151),
(-0.614, 0.396, 1.100),
(-0.578, 0.414, 1.039),
(-0.574, 0.426, 0.962),
(-0.563, 0.439, 0.899),
(-0.522, 0.324, 0.662),
(-0.543, 0.294, 0.675),
(-0.561, 0.268, 0.706),
(-0.650, 0.052, 0.854),
(-0.609, 0.091, 0.864),
(-0.605, 0.106, 0.858),
(-0.599, 0.125, 0.857),
(-0.558, 0.168, 0.844),
(-0.557, 0.181, 0.846),
(-0.663, 0.163, 0.803),
(-0.663, 0.159, 0.797),
(-0.661, 0.150, 0.786),
(-0.642, 0.147, 0.797),
(-0.634, 0.146, 0.805),
(-0.626, 0.146, 0.810),
(-0.630, 0.141, 0.802),
(-0.619, 0.134, 0.813),
(-0.618, 0.134, 0.816),
(-0.611, 0.133, 0.826),
(-0.593, 0.183, 0.894),
(-0.528, 0.259, 1.042),
(-0.546, 0.248, 1.073),
(-0.544, 0.257, 1.142),
(-0.433, 1.056, 1.977),
(-0.382, 1.299, 2.094),
(-0.331, 1.429, 2.180),
(-0.746, 1.618, 2.410),
(-1.003, 1.699, 2.484),
(-1.258, 1.752, 2.479),
(-1.378, 1.656, 2.379),
(-1.559, 1.389, 2.338),
(-1.736, 1.271, 2.353),
(-2.113, 0.556, 2.571),
(-2.243, 0.409, 2.610),
(-2.350, 0.197, 2.575),
(-2.605, -0.334, 2.345),
(-2.249, -0.873, 2.042),
(-1.691, -1.208, 1.424),
(-1.382, -1.683, 1.258),
(-0.676, -2.721, 0.500),
(-0.347, -2.664, 0.265),
(-0.283, -2.594, 0.113),
(-0.010, -2.570, -0.108),
(0.605, -2.410, -0.016),
(0.570, -2.155, 0.155),
(0.660, -2.040, 0.236),
(0.848, -1.900, 0.301),
(0.976, -1.755, 0.295),
(1.039, -1.642, 0.295),
(1.085, -1.491, 0.359),
(1.044, -0.947, 0.603),
(1.017, -0.866, 0.649),
(0.136, -0.382, 0.853),
(0.015, -0.330, 0.900),
(-0.058, -0.275, 0.958),
(-0.300, -0.097, 1.029),
(-0.390, -0.059, 1.055),
(-0.484, -0.000, 1.100),
(-0.597, 0.031, 1.115),
(-0.656, 0.070, 1.083),
(-0.690, 0.152, 1.120),
(-0.780, 0.192, 1.115),
(-0.854, 0.241, 1.088),
(-0.854, 0.325, 1.115),
(-0.851, 0.421, 1.179),
(-0.958, 0.455, 1.204),
(-1.059, 0.435, 1.114),
(-1.068, 0.540, 1.201),
(-1.111, 0.530, 1.179),
(-1.154, 0.496, 1.167),
(-1.228, 0.524, 1.105),
(-1.185, 0.580, 1.042),
(-1.161, 0.625, 1.052),
(-1.272, 0.742, 0.989),
(-1.201, 0.798, 0.934),
(-0.963, 0.911, 0.894),
(-0.781, 1.021, 0.888),
(-0.742, 1.131, 0.888),
(-0.787, 0.976, 1.169),
(-0.793, 0.909, 1.262),
(-0.801, 0.853, 1.379),
(-0.753, 0.598, 1.606),
(-0.705, 0.374, 1.161),
(-0.675, 0.386, 1.015),
(-0.617, 0.408, 0.896),
(-0.490, 0.429, 0.699),
(-0.408, 0.432, 0.637),
(-0.355, 0.427, 0.580),
(-0.323, 0.418, 0.529),
(-0.316, 0.388, 0.463),
(-0.333, 0.377, 0.477),
(-0.362, 0.363, 0.499),
(-0.395, 0.348, 0.526),
(-0.497, 0.320, 0.612),
(-0.685, 0.210, 0.852),
(-0.725, 0.157, 0.865),
(-0.745, 0.106, 0.861),
(-0.727, 0.088, 0.910),
(-0.720, 0.108, 0.919),
(-0.704, 0.143, 0.929),
(-0.694, 0.169, 0.926),
(-0.614, 0.220, 0.917),
(-0.589, 0.247, 0.917),
(-0.578, 0.254, 0.899),
(-0.554, 0.266, 0.891),
(-0.526, 0.277, 0.889),
(-0.511, 0.280, 0.876),
(-0.505, 0.281, 0.863),
(-0.485, 0.281, 0.856),
(-0.491, 0.291, 0.852),
(-0.510, 0.290, 0.842),
(-0.516, 0.283, 0.840),
(-0.510, 0.285, 0.842),
(-0.533, 0.244, 0.822),
(-0.609, 0.211, 0.817),
(-0.611, 0.195, 0.819),
(-0.586, 0.169, 0.821),
(-0.587, 0.173, 0.827),
(-0.586, 0.168, 0.827),
(-0.596, 0.174, 0.841),
(-0.592, 0.193, 0.894),
(-0.583, 0.184, 0.899),
(-0.581, 0.171, 0.905),
(-0.574, 0.154, 0.923),
(-0.562, 0.156, 0.927),
(-0.547, 0.153, 0.928),
(-0.541, 0.152, 0.939),
(-0.546, 0.135, 0.926),
(-0.545, 0.130, 0.932),
(-0.549, 0.123, 0.936),
(-0.556, 0.117, 0.948),
(-0.559, 0.087, 0.979),
(-0.534, 0.077, 1.053),
(-0.529, 0.072, 1.067),
(-0.540, 0.084, 1.099),
(-0.562, 0.112, 1.158),
(-0.552, 0.125, 1.180),
(-0.535, 0.154, 1.217),
(-0.540, 0.173, 1.233),
(-0.545, 0.190, 1.238),
(-0.322, 0.684, 1.653),
(-0.358, 0.762, 1.722),
(-0.417, 0.792, 1.764),
(-1.150, 0.566, 2.216),
(-1.383, -0.049, 1.982),
(-1.411, -0.120, 1.949),
(-1.499, -0.251, 1.854),
(-1.499, -0.550, 1.687),
(-1.371, -0.612, 1.640),
(-1.241, -0.637, 1.597),
(-0.776, -0.786, 1.315),
(-0.664, -0.863, 1.277),
(-0.037, -1.413, 0.804),
(0.026, -1.522, 0.671),
(0.174, -1.708, 0.483),
(0.518, -1.919, 0.184),
(0.573, -1.919, 0.117),
(0.635, -1.934, 0.069),
(0.838, -1.670, 0.195),
(0.833, -1.553, 0.221),
(0.520, -0.590, 0.657),
(0.426, -0.504, 0.686),
(0.304, -0.422, 0.722),
(-0.046, -0.288, 0.854),
(-0.119, -0.260, 0.901),
(-0.170, -0.234, 0.946),
(-0.180, -0.153, 1.000),
(-0.196, -0.053, 1.065),
(-0.254, 0.031, 1.120),
(-0.554, 0.327, 1.262),
(-0.519, 0.408, 1.239),
(-0.477, 0.521, 1.250),
(-0.576, 0.813, 1.278),
(-0.561, 0.854, 1.290),
(-0.519, 0.895, 1.301),
(-0.516, 0.931, 1.316),
(-0.701, 0.668, 1.061),
(-0.668, 0.686, 1.014),
(-0.606, 0.737, 1.004),
(-0.570, 0.766, 0.990),
(-0.596, 0.750, 0.947),
(-0.613, 0.736, 0.940),
(-0.587, 0.705, 0.909),
(-0.521, 0.667, 0.893),
(-0.524, 0.647, 0.853),
(-0.537, 0.664, 0.871),
(-0.562, 0.634, 1.040),
(-0.543, 0.624, 1.026),
(-0.548, 0.627, 1.038),
(-0.516, 0.527, 1.005),
(-0.528, 0.508, 0.992),
(-0.543, 0.501, 0.961),
(-0.562, 0.535, 0.933),
(-0.465, 0.493, 0.757),
(-0.477, 0.487, 0.733),
(-0.539, 0.417, 0.675),
(-0.573, 0.425, 0.690),
(-0.598, 0.434, 0.707),
(-0.609, 0.427, 0.771),
(-0.609, 0.406, 0.799),
(-0.599, 0.380, 0.811),
(-0.593, 0.366, 0.840),
(-0.587, 0.357, 0.862),
(-0.544, 0.260, 0.940),
(-0.542, 0.244, 0.930),
(-0.535, 0.234, 0.924),
(-0.538, 0.210, 0.901),
(-0.544, 0.195, 0.886),
(-0.556, 0.193, 0.871),
(-0.566, 0.190, 0.859),
(-0.573, 0.186, 0.823),
(-0.571, 0.190, 0.812),
(-0.572, 0.193, 0.802),
(-0.576, 0.192, 0.783),
(-0.571, 0.197, 0.759),
(-0.568, 0.206, 0.750),
(-0.565, 0.215, 0.752),
(-0.541, 0.298, 0.964),
(-0.509, 0.322, 1.029),
(-0.454, 0.381, 1.113),
(-0.509, 0.453, 1.312),
(-0.547, 1.192, 1.854),
(-1.658, 1.414, 1.968),
(-2.203, 0.458, 2.079),
(-2.166, -0.305, 2.178),
(-1.815, -0.987, 1.888),
(-1.369, -1.314, 1.437),
(-0.703, -1.634, 1.278),
(-0.118, -2.112, 0.876),
(0.010, -2.105, 0.701),
(0.119, -2.059, 0.517),
(0.350, -2.162, 0.270),
(0.806, -2.080, 0.018),
(1.098, -1.701, -0.032),
(1.052, -1.538, 0.047),
(1.010, -1.373, 0.162),
(0.871, -1.034, 0.379),
(0.835, -0.933, 0.441),
(0.793, -0.855, 0.507),
(0.712, -0.785, 0.570),
(0.444, -0.627, 0.649),
(-0.424, -0.139, 1.134),
(-0.523, -0.044, 1.174),
(-0.650, 0.054, 1.205),
(-0.780, 0.366, 1.230),
(-0.833, 0.427, 1.245),
(-0.931, 0.487, 1.237),
(-0.953, 0.516, 1.216),
(-0.929, 0.587, 1.305),
(-1.030, 0.595, 1.285),
(-1.094, 0.601, 1.277),
(-1.087, 0.626, 1.279),
(-0.910, 0.699, 1.198),
(-0.917, 0.660, 1.208),
(-1.028, 0.617, 1.175),
(-1.097, 0.580, 1.127),
(-0.985, 0.677, 1.106),
(-0.873, 0.789, 1.103),
(-0.796, 0.880, 1.077),
(-0.770, 0.950, 1.073),
(-0.756, 1.007, 1.073),
(-0.732, 0.995, 1.070),
(-0.691, 1.012, 1.118),
(-0.601, 0.951, 1.106),
(-0.633, 0.903, 1.151),
(-0.676, 0.821, 1.151),
(-0.726, 0.744, 1.145),
(-0.817, 0.639, 1.186),
(-0.724, 0.366, 1.095),
(-0.697, 0.346, 1.062),
(-0.664, 0.314, 0.999),
(-0.617, 0.281, 0.948),
(-0.584, 0.267, 0.848),
(-0.559, 0.267, 0.794),
(-0.497, 0.309, 0.613),
(-0.606, 0.297, 0.733),
(-0.593, 0.293, 0.763),
(-0.574, 0.272, 0.787),
(-0.583, 0.258, 0.782),
(-0.596, 0.247, 0.774),
(-0.624, 0.231, 0.760),
(-0.629, 0.228, 0.765),
(-0.626, 0.225, 0.761),
(-0.611, 0.156, 0.790),
(-0.619, 0.162, 0.807),
(-0.627, 0.172, 0.813),
(-0.597, 0.152, 0.879),
(-0.566, 0.163, 0.900),
(-0.538, 0.188, 0.948),
(-0.405, 0.218, 1.084),
(-0.669, 0.502, 1.594),
(-0.575, 0.542, 1.612),
(-0.447, 0.614, 1.696),
(-1.165, 2.181, 2.319),
(-1.463, 2.041, 2.328),
(-1.886, 1.768, 2.277),
(-2.445, 1.102, 2.354),
(-2.763, -0.050, 2.487),
(-2.681, -0.298, 2.420),
(-2.657, -0.437, 2.374),
(-2.442, -0.790, 2.344),
(-2.284, -0.938, 2.315),
(-1.981, -1.114, 2.051),
(-1.427, -1.240, 1.579),
(-0.768, -1.589, 1.346),
(-0.761, -1.791, 1.124),
(-0.480, -2.085, 0.783),
(-0.278, -2.198, 0.610),
(0.010, -2.423, 0.261),
(0.250, -2.327, 0.192),
(0.348, -2.157, 0.212),
(0.470, -2.040, 0.208),
(0.816, -1.978, 0.159),
(0.821, -1.747, 0.320),
(0.820, -1.567, 0.355),
(0.892, -1.356, 0.403),
(0.913, -1.125, 0.491),
(0.859, -0.982, 0.561),
(0.847, -0.881, 0.614),
(0.881, -0.816, 0.644),
(0.861, -0.692, 0.744),
(0.794, -0.649, 0.761),
(0.712, -0.603, 0.762),
(0.643, -0.560, 0.760),
(0.422, -0.444, 0.737),
(0.274, -0.393, 0.754),
(0.146, -0.330, 0.795),
(0.045, -0.298, 0.833),
(-0.130, -0.188, 0.930),
(-0.194, -0.116, 0.980),
(-0.255, -0.028, 1.019),
(-0.310, 0.045, 1.027),
(-0.467, 0.147, 1.067),
(-0.530, 0.212, 1.117),
(-0.574, 0.280, 1.141),
(-0.592, 0.330, 1.166),
(-0.601, 0.327, 1.162),
(-0.560, 0.301, 1.187),
(-0.544, 0.331, 1.226),
(-0.579, 0.357, 1.250),
(-0.717, 0.363, 1.270),
(-0.825, 0.371, 1.286),
(-0.918, 0.357, 1.297),
(-0.952, 0.326, 1.276),
(-0.861, 0.232, 1.260),
(-0.881, 0.208, 1.241),
(-0.897, 0.250, 1.191),
(-0.882, 0.271, 1.138),
(-0.941, 0.291, 1.224),
(-1.032, 0.280, 1.198),
(-1.100, 0.294, 1.198),
(-1.050, 0.329, 1.234),
(-0.986, 0.371, 1.260),
(-0.992, 0.392, 1.288),
(-1.062, 0.410, 1.315),
(-1.155, 0.410, 1.336),
(-1.133, 0.383, 1.356),
(-1.131, 0.339, 1.340),
(-1.125, 0.342, 1.333),
(-1.120, 0.357, 1.318),
(-1.026, 0.344, 1.194),
(-0.899, 0.376, 1.133),
(-0.797, 0.414, 1.074),
(-0.730, 0.443, 1.013),
(-0.634, 0.487, 0.883),
(-0.573, 0.498, 0.825),
(-0.509, 0.503, 0.775),
(-0.470, 0.496, 0.728),
(-0.467, 0.451, 0.651),
(-0.466, 0.421, 0.613),
(-0.462, 0.404, 0.604),
(-0.468, 0.397, 0.636),
(-0.485, 0.376, 0.675),
(-0.510, 0.349, 0.689),
(-0.539, 0.303, 0.718),
(-0.566, 0.261, 0.775),
(-0.641, 0.174, 0.854),
(-0.668, 0.135, 0.872),
(-0.678, 0.093, 0.884),
(-0.690, 0.053, 0.917),
(-0.696, -0.052, 0.906),
(-0.694, -0.058, 0.911),
(-0.672, -0.052, 0.906),
(-0.646, -0.050, 0.889),
(-0.602, 0.009, 0.875),
(-0.591, 0.039, 0.861),
(-0.568, 0.078, 0.845),
(-0.537, 0.110, 0.844),
(-0.515, 0.171, 0.850),
(-0.539, 0.176, 0.843),
(-0.542, 0.181, 0.845),
(-0.531, 0.194, 0.850),
(-0.545, 0.181, 0.858),
(-0.540, 0.170, 0.856),
(-0.596, 0.088, 0.886),
(-0.602, 0.079, 0.896),
(-0.605, 0.051, 0.892),
(-0.625, -0.006, 0.896),
(-0.622, -0.011, 0.893),
(-0.618, -0.002, 0.902),
(-0.634, 0.016, 0.879),
(-0.628, 0.022, 0.866),
(-0.637, 0.027, 0.853),
(-0.645, 0.031, 0.849),
(-0.628, 0.035, 0.792),
(-0.629, 0.037, 0.780),
(-0.622, 0.039, 0.778),
(-0.619, 0.042, 0.773),
(-0.618, 0.036, 0.765),
(-0.620, 0.039, 0.762),
(-0.631, 0.043, 0.763),
(-0.640, 0.035, 0.761),
(-0.654, 0.042, 0.776),
(-0.651, 0.043, 0.781),
(-0.583, 0.016, 0.821),
(-0.572, -0.007, 0.811),
(-0.574, -0.006, 0.823),
(-0.574, 0.026, 0.893),
(-0.626, 0.198, 1.335),
(-0.575, 0.447, 1.614),
(-0.572, 0.518, 1.656),
(-0.574, 0.602, 1.698),
(-1.182, 0.997, 1.879),
(-1.258, 0.972, 1.901),
(-1.369, 0.891, 1.959),
(-1.509, 0.754, 1.999),
(-1.817, 0.380, 1.959),
(-1.844, -0.405, 1.817),
(-1.768, -0.502, 1.788),
(-1.694, -0.556, 1.760),
(-1.542, -0.688, 1.732),
(-1.463, -0.728, 1.773),
(-1.440, -0.810, 1.801),
(-1.435, -0.910, 1.743),
(-0.939, -1.451, 1.279),
(-0.663, -1.583, 1.208),
(-0.355, -1.688, 1.119),
(0.365, -1.939, 0.537),
(0.698, -1.709, 0.097),
(0.857, -1.243, 0.307),
(0.842, -1.134, 0.394),
(0.790, -1.012, 0.501),
(0.239, -0.405, 0.828),
(0.120, -0.358, 0.860),
(0.030, -0.316, 0.912),
(-0.166, -0.197, 1.053),
(-0.204, -0.181, 1.081),
(-0.299, -0.104, 1.184),
(-0.429, -0.080, 1.247),
(-0.458, 0.064, 1.307),
(-0.594, 0.310, 1.344),
(-0.649, 0.310, 1.316),
(-0.661, 0.328, 1.317),
(-0.893, 0.336, 1.133),
(-0.869, 0.339, 1.072),
(-0.842, 0.364, 1.007),
(-0.845, 0.394, 0.978),
(-0.886, 0.435, 0.930),
(-0.654, 0.517, 0.792),
(-0.643, 0.528, 0.767),
(-0.632, 0.528, 0.741),
(-0.628, 0.523, 0.781),
(-0.656, 0.507, 0.806),
(-0.694, 0.492, 0.874),
(-0.734, 0.482, 0.945),
(-0.801, 0.395, 1.052),
(-0.804, 0.351, 1.118),
(-0.777, 0.278, 1.156),
(-0.792, 0.204, 1.147),
(-0.862, 0.103, 1.117),
(-0.828, 0.114, 1.121),
(-0.800, 0.138, 1.115),
(-0.771, 0.171, 1.085),
(-0.723, 0.210, 1.053),
(-0.539, 0.345, 0.800),
(-0.514, 0.347, 0.771),
(-0.501, 0.345, 0.739),
(-0.493, 0.312, 0.710),
(-0.546, 0.175, 0.701),
(-0.557, 0.160, 0.723),
(-0.593, 0.038, 0.882),
(-0.577, 0.038, 0.890),
(-0.555, 0.032, 0.893),
(-0.528, 0.024, 0.914),
(-0.569, -0.021, 0.887),
(-0.577, -0.024, 0.891),
(-0.568, -0.028, 0.898),
(-0.547, -0.035, 0.912),
(-0.574, -0.099, 0.870),
(-0.589, -0.105, 0.864),
(-0.610, -0.115, 0.853),
(-0.617, -0.166, 0.804),
(-0.614, -0.178, 0.776),
(-0.608, -0.169, 0.775),
(-0.611, -0.160, 0.762),
(-0.615, -0.136, 0.749),
(-0.624, -0.113, 0.742),
(-0.637, -0.108, 0.728),
(-0.646, -0.097, 0.734),
(-0.675, -0.075, 0.763),
(-0.667, -0.054, 0.781),
(-0.662, -0.027, 0.801),
(-0.661, -0.014, 0.840),
(-0.660, 0.004, 0.878),
(-0.780, 0.463, 1.631),
(-0.822, 0.557, 1.700),
(-0.904, 0.625, 1.688),
(-1.790, 0.764, 1.782),
(-1.972, 0.684, 1.932),
(-2.164, 0.542, 2.043),
(-2.375, 0.239, 2.095),
(-2.406, -0.339, 2.183),
(-2.311, -0.468, 2.270),
(-2.199, -0.643, 2.341),
(-2.117, -0.755, 2.448),
(-2.003, -1.047, 2.407),
(-1.416, -1.340, 1.763),
(-1.306, -1.475, 1.484),
(-1.062, -1.637, 1.220),
(-0.020, -2.068, 0.326),
(-0.150, -1.894, -0.026),
(-0.320, -1.848, -0.282),
(-0.214, -1.875, -0.479),
(0.320, -1.749, -0.468),
(0.359, -1.627, -0.362),
(0.397, -1.558, -0.229),
(0.457, -1.550, -0.135),
(0.603, -0.534, 0.568),
(0.516, -0.468, 0.613),
(0.445, -0.399, 0.659),
(0.384, -0.347, 0.676),
(0.137, -0.263, 0.799),
(-0.007, -0.230, 0.871),
(-0.155, -0.177, 0.959),
(-0.246, -0.134, 1.033),
(-0.307, -0.014, 1.227),
(-0.415, 0.004, 1.267),
(-0.523, -0.020, 1.306),
(-0.609, 0.000, 1.383),
(-0.708, -0.001, 1.402),
(-1.001, 0.093, 1.458),
(-1.011, 0.142, 1.502),
(-1.021, 0.170, 1.534),
(-1.014, 0.096, 1.577),
(-0.868, 0.394, 1.426),
(-0.872, 0.405, 1.335),
(-0.843, 0.434, 1.249),
(-0.719, 0.447, 0.984),
(-0.641, 0.433, 0.906),
(-0.575, 0.407, 0.841),
(-0.530, 0.378, 0.783),
(-0.463, 0.326, 0.693),
(-0.437, 0.308, 0.664),
(-0.426, 0.292, 0.643),
(-0.427, 0.276, 0.636),
(-0.467, 0.264, 0.659),
(-0.484, 0.291, 0.709),
(-0.498, 0.336, 0.806),
(-0.550, -0.621, 1.175),
(-0.602, -0.601, 1.201),
(-0.694, -0.524, 1.168),
(-0.699, -0.311, 1.053),
(-0.399, 0.235, 0.656),
(-0.406, 0.241, 0.700),
(-0.406, 0.255, 0.774),
(-0.536, -0.004, 0.902),
(-0.608, -0.187, 0.840),
(-0.654, -0.294, 0.858),
(-0.614, -0.068, 0.839),
(-0.599, -0.054, 0.829),
(-0.590, -0.053, 0.820),
(-0.551, -0.067, 0.805),
(-0.539, -0.077, 0.791),
(-0.530, -0.079, 0.788),
(-0.521, -0.070, 0.789),
(-0.531, -0.061, 0.785),
(-0.586, -0.160, 0.811),
(-0.600, -0.186, 0.825),
(-0.607, -0.199, 0.830),
(-0.598, -0.247, 0.870),
(-0.622, -0.235, 0.883),
(-0.615, -0.231, 0.892),
(-0.621, -0.229, 0.896),
(-0.556, -0.144, 0.897),
(-0.526, -0.136, 0.906),
(-0.508, -0.112, 0.915),
(-0.490, -0.065, 0.936),
(-0.437, 0.003, 0.996),
(-0.378, 0.011, 1.024),
(-0.343, 0.019, 1.116),
(-0.383, 0.073, 1.178),
(-0.406, 0.129, 1.244),
(-0.207, 0.308, 1.594),
(-0.167, 0.364, 1.724),
(-0.176, 0.469, 1.914),
(-0.198, 0.540, 2.115),
(-0.399, 0.648, 2.370),
(-1.137, 0.363, 2.623),
(-1.229, 0.245, 2.556),
(-1.325, 0.097, 2.498),
(-1.411, -0.639, 2.420),
(-1.389, -0.929, 2.354),
(-1.430, -1.136, 2.306),
(-1.523, -1.279, 2.297),
(-1.468, -1.380, 2.088),
(-1.419, -1.353, 2.046),
(-1.350, -1.348, 1.978),
(-1.314, -1.338, 1.900),
(-1.399, -1.308, 1.859),
(-1.484, -1.288, 1.722),
(-1.541, -1.240, 1.553),
(-1.581, -1.166, 1.425),
(-1.569, -1.118, 1.214),
(-1.506, -1.150, 1.152),
(-1.459, -1.258, 1.079),
(-1.403, -1.351, 0.996),
(-0.944, -1.332, 0.546),
(-0.812, -1.282, 0.511),
(-0.919, -1.240, 0.637),
(-0.988, -1.370, 0.609),
(-0.615, -1.752, 0.155),
(0.417, -2.170, -0.802),
(0.586, -2.081, -0.674),
(0.780, -2.000, -0.550),
(1.190, -1.644, -0.295),
(1.243, -1.528, -0.256),
(1.289, -1.468, -0.213),
(1.323, -1.423, -0.182),
(1.306, -1.370, -0.041),
(1.247, -1.323, 0.035),
(0.876, -1.230, 0.136),
(0.770, -1.211, 0.124),
(0.721, -1.154, 0.138),
(0.626, -1.028, 0.229),
(0.014, -0.682, 0.426),
(-0.196, -0.310, 0.746),
(-0.254, -0.258, 0.766),
(-0.360, -0.230, 0.782),
(-0.466, -0.209, 0.803),
(-0.631, -0.127, 0.963),
(-0.693, -0.127, 0.977),
(-0.735, -0.109, 1.033),
(-0.730, -0.045, 1.087),
(-0.787, -0.031, 1.114),
(-0.898, -0.009, 1.129),
(-1.042, -0.024, 1.104),
(-1.125, 0.066, 1.145),
(-1.264, 0.072, 1.099),
(-1.155, 0.116, 1.103),
(-1.102, 0.153, 1.119),
(-1.156, 0.353, 1.049),
(-1.143, 0.417, 1.032),
(-1.105, 0.490, 1.030),
(-1.064, 0.591, 1.010),
(-0.968, 0.705, 0.934),
(-0.934, 0.708, 0.896),
(-0.944, 0.694, 0.887),
(-0.950, 0.696, 0.945),
(-0.996, 0.608, 1.012),
(-0.985, 0.524, 1.130),
(-0.994, -0.062, 1.488),
(-0.957, -0.219, 1.513),
(-0.906, -0.283, 1.535),
(-0.749, -0.241, 1.373),
(-0.625, -0.205, 1.265),
(-0.527, -0.146, 1.153),
(-0.426, -0.094, 1.057),
(-0.362, -0.021, 0.871),
(-0.355, -0.002, 0.793),
(-0.366, 0.023, 0.730),
(-0.365, 0.038, 0.691),
(-0.388, 0.051, 0.652),
(-0.407, 0.030, 0.639),
(-0.433, 0.018, 0.644),
(-0.473, 0.006, 0.667),
(-0.506, 0.022, 0.754),
(-0.545, -0.001, 0.750),
(-0.591, -0.038, 0.758),
(-0.609, -0.076, 0.754),
(-0.655, -0.148, 0.814),
(-0.681, -0.195, 0.798),
(-0.687, -0.230, 0.803),
(-0.679, -0.230, 0.823),
(-0.647, -0.162, 0.785),
(-0.635, -0.145, 0.775),
(-0.622, -0.137, 0.768),
(-0.604, -0.112, 0.764),
(-0.594, -0.116, 0.775),
(-0.587, -0.119, 0.794),
(-0.579, -0.139, 0.778),
(-0.578, -0.183, 0.771),
(-0.583, -0.209, 0.770),
(-0.575, -0.232, 0.767),
(-0.554, -0.236, 0.786),
(-0.559, -0.262, 0.798),
(-0.579, -0.289, 0.791),
(-0.592, -0.297, 0.792),
(-0.582, -0.312, 0.848),
(-0.619, -0.344, 0.848),
(-0.639, -0.369, 0.858),
(-0.584, -0.366, 0.937),
(-0.574, -0.375, 0.960),
(-0.569, -0.371, 0.949),
(-0.596, -0.332, 0.960),
(-0.536, -0.342, 0.959),
(-0.579, -0.384, 0.953),
(-0.582, -0.312, 0.969),
(-0.503, -0.344, 0.952),
(-0.480, -0.156, 1.453),
(-0.403, -0.076, 1.598),
(-0.405, 0.003, 1.702),
(-0.469, 0.360, 1.951),
(-0.516, 0.465, 2.033),
(-0.593, 0.556, 2.114),
(-0.660, 0.639, 2.227),
(-0.742, 0.674, 2.266),
(-0.813, 0.604, 2.250),
(-0.933, 0.546, 2.263),
(-1.097, 0.487, 2.285),
(-1.343, 0.409, 2.419),
(-1.457, 0.238, 2.365),
(-1.530, 0.091, 2.352),
(-1.573, -0.052, 2.328),
(-1.562, -0.332, 2.244),
(-1.564, -0.385, 2.177),
(-1.591, -0.480, 2.044),
(-1.622, -0.548, 1.919),
(-1.728, -0.612, 1.736),
(-1.765, -0.632, 1.630),
(-1.784, -0.607, 1.555),
(-1.787, -0.612, 1.472),
(-1.723, -0.641, 1.341),
(-1.747, -0.680, 1.340),
(-1.823, -0.758, 1.308),
(-1.812, -0.910, 1.198),
(-1.703, -1.021, 1.020),
(-1.555, -1.081, 0.843),
(-1.480, -1.170, 0.781),
(-1.501, -1.235, 0.803),
(-1.293, -1.584, 0.690),
(-1.088, -1.699, 0.604),
(-1.053, -1.796, 0.513),
(-1.012, -2.051, 0.311),
(-0.520, -2.453, -0.086),
(-0.285, -2.393, -0.134),
(-0.099, -2.342, -0.076),
(0.049, -2.379, 0.021),
(0.481, -2.462, 0.180),
(0.726, -2.464, 0.204),
(0.919, -2.440, 0.210),
(0.973, -2.348, 0.243),
(0.912, -2.204, 0.356),
(0.963, -2.140, 0.357),
(0.992, -2.028, 0.416),
(0.960, -1.943, 0.478),
(0.768, -1.762, 0.443),
(0.629, -1.647, 0.450),
(0.495, -1.554, 0.449),
(0.366, -1.479, 0.441),
(0.223, -1.292, 0.428),
(-0.156, -0.839, 0.498),
(-0.221, -0.770, 0.500),
(-0.241, -0.698, 0.519),
(-0.357, -0.472, 0.615),
(-0.415, -0.411, 0.647),
(-0.475, -0.338, 0.690),
(-0.520, -0.270, 0.729),
(-0.512, -0.218, 0.744),
(-0.498, -0.147, 0.793),
(-0.503, -0.081, 0.848),
(-0.714, 0.323, 1.046),
(-0.759, 0.372, 1.073),
(-0.814, 0.392, 1.084),
(-0.840, 0.423, 1.082),
(-0.767, 0.514, 1.056),
(-0.714, 0.555, 1.038),
(-0.715, 0.584, 1.020),
(-0.756, 0.593, 0.998),
(-0.818, 0.598, 0.966),
(-0.804, 0.601, 0.955),
(-0.777, 0.601, 0.941),
(-0.755, 0.610, 0.927),
(-0.719, 0.630, 0.918),
(-0.685, 0.662, 0.920),
(-0.665, 0.698, 0.921),
(-0.635, 0.707, 0.925),
(-0.543, 0.805, 1.074),
(-0.440, 0.823, 1.266),
(-0.449, 0.640, 1.415),
(-0.618, 0.454, 1.489),
(-1.178, 0.026, 1.426),
(-1.044, 0.213, 1.324),
(-0.876, 0.346, 1.217),
(-0.765, 0.423, 1.107),
(-0.626, 0.486, 0.921),
(-0.369, 0.464, 0.678),
(-0.372, 0.430, 0.640),
(-0.379, 0.392, 0.594),
(-0.422, 0.368, 0.627),
(-0.454, 0.357, 0.661),
(-0.509, 0.330, 0.706),
(-0.583, 0.245, 0.726),
(-0.653, 0.001, 0.753),
(-0.626, -0.083, 0.756),
(-0.604, -0.180, 0.757),
(-0.613, -0.260, 0.776),
(-0.662, -0.383, 0.832),
(-0.683, -0.437, 0.815),
(-0.678, -0.450, 0.821),
(-0.646, -0.461, 0.824),
(-0.643, -0.469, 0.830),
(-0.652, -0.439, 0.849),
(-0.654, -0.406, 0.861),
(-0.614, -0.397, 0.887),
(-0.578, -0.376, 0.901),
(-0.533, -0.386, 0.912),
(-0.512, -0.397, 0.921),
(-0.474, -0.378, 0.916),
(-0.427, -0.376, 0.932),
(-0.414, -0.385, 0.930),
(-0.416, -0.410, 0.937),
(-0.439, -0.439, 0.927),
(-0.495, -0.411, 0.976),
(-0.492, -0.399, 0.980),
(-0.475, -0.379, 0.988),
(-0.481, -0.363, 1.000),
(-0.495, -0.387, 0.996),
(-0.511, -0.379, 1.032),
(-0.490, -0.349, 1.062),
(-0.510, -0.288, 1.058),
(-0.555, -0.245, 1.091),
(-0.580, -0.194, 1.095),
(-0.617, -0.150, 1.107),
(-0.661, -0.064, 1.156),
(-0.610, -0.021, 1.180),
(-0.568, 0.043, 1.231),
(-0.529, 0.260, 1.387),
(-0.547, 0.355, 1.423),
(-0.599, 0.385, 1.470),
(-0.693, 0.437, 1.557),
(-0.896, 0.463, 1.746),
(-0.884, 0.426, 1.796),
(-0.865, 0.350, 1.866),
(-1.411, 0.050, 2.137),
(-1.566, -0.030, 2.279),
(-1.751, -0.157, 2.357),
(-1.877, -0.353, 2.333),
(-1.948, -0.559, 2.406),
(-1.906, -1.353, 2.449),
(-1.791, -1.372, 2.405),
(-1.712, -1.392, 2.332),
(-1.579, -1.156, 2.029),
(-1.508, -1.109, 1.944),
(-1.385, -1.071, 1.866),
(-1.173, -1.120, 1.776),
(-0.928, -1.247, 1.678),
(0.114, -1.460, 0.514),
(0.115, -1.500, 0.291),
(0.178, -1.569, 0.127),
(0.590, -1.583, -0.002),
(0.709, -1.493, 0.050),
(0.771, -1.394, 0.112),
(0.798, -1.402, 0.138),
(0.903, -1.262, 0.210),
(0.894, -1.116, 0.281),
(0.847, -0.963, 0.349),
(0.790, -0.812, 0.397),
(0.709, -0.617, 0.493),
(0.566, -0.517, 0.587),
(0.450, -0.436, 0.715),
(0.426, -0.406, 0.780),
(0.446, -0.322, 0.831),
(-0.260, -0.002, 0.983),
(-0.338, 0.020, 1.117),
(-0.374, -0.028, 1.241),
(-0.552, -0.119, 1.474),
(-0.634, -0.096, 1.549),
(-0.698, -0.060, 1.561),
(-0.808, -0.111, 1.601),
(-1.191, -0.275, 1.668),
(-1.232, -0.267, 1.693),
(-1.237, -0.251, 1.716),
(-1.021, 0.068, 1.709),
(-1.082, 0.184, 1.672),
(-1.151, 0.319, 1.639),
(-1.167, 0.430, 1.597),
(-1.039, 0.468, 1.459),
(-0.319, 0.336, 0.603),
(-0.725, -0.310, 0.831),
(-0.526, 0.153, 0.753),
(-0.525, 0.178, 0.747),
(-0.497, 0.174, 0.751),
(-0.467, 0.143, 0.782),
(-0.704, -0.314, 0.791),
(-0.707, -0.326, 0.749),
(-0.712, -0.353, 0.706),
(-0.645, -0.376, 0.662),
(-0.628, -0.403, 0.664),
(-0.623, -0.390, 0.675),
(-0.618, -0.386, 0.688),
(-0.641, -0.374, 0.716),
(-0.654, -0.376, 0.733),
(-0.643, -0.377, 0.771),
(-0.640, -0.395, 0.805),
(-0.620, -0.423, 0.819),
(-0.598, -0.427, 0.843),
(-0.587, -0.430, 0.868),
(-0.603, -0.428, 0.897),
(-0.575, -0.406, 0.945),
(-0.552, -0.414, 0.990),
(-0.524, -0.388, 1.049),
(-0.485, -0.385, 1.095),
(-0.461, -0.381, 1.301),
(-0.343, -0.421, 1.552),
(-0.362, -0.367, 1.634),
(-0.380, -0.279, 1.748),
(-0.459, -0.142, 1.860),
(-0.492, -0.031, 1.960),
(-0.502, 0.091, 2.047),
(-0.542, 0.185, 2.089),
(-0.765, 0.448, 2.230),
(-0.915, 0.426, 2.301),
(-1.075, 0.383, 2.394),
(-1.232, 0.382, 2.537),
(-1.291, 0.171, 2.604),
(-1.347, 0.078, 2.601),
(-1.552, -0.029, 2.554),
(-1.772, -0.155, 2.443),
(-1.856, -0.418, 2.365),
(-1.838, -0.605, 2.313),
(-1.890, -0.764, 2.250),
(-1.971, -0.860, 2.217),
(-2.001, -1.099, 2.123),
(-1.932, -1.183, 2.104),
(-1.897, -1.223, 2.120),
(-1.858, -1.283, 2.144),
(-1.800, -1.354, 2.136),
(-1.739, -1.417, 2.099),
(-1.634, -1.449, 2.011),
(-0.825, -1.655, 1.747),
(-0.897, -1.730, 1.779),
(-0.682, -1.938, 1.622),
(0.022, -2.256, 0.846),
(0.232, -2.532, 0.388),
(0.531, -2.673, 0.067),
(0.630, -2.462, 0.003),
(0.503, -1.983, 0.151),
(0.619, -1.928, 0.161),
(0.803, -1.860, 0.206),
(0.892, -1.705, 0.263),
(0.968, -1.448, 0.489),
(1.093, -1.371, 0.558),
(1.149, -1.253, 0.597),
(1.085, -1.162, 0.612),
(0.852, -0.999, 0.616),
(0.719, -0.924, 0.626),
(0.642, -0.837, 0.653),
(0.611, -0.779, 0.712),
(0.458, -0.690, 0.764),
(0.399, -0.665, 0.746),
(0.314, -0.611, 0.759),
(0.216, -0.555, 0.776),
(-0.007, -0.453, 0.832),
(-0.110, -0.368, 0.882),
(-0.183, -0.266, 0.943),
(-0.235, -0.195, 0.990),
(-0.303, -0.091, 1.095),
(-0.615, -0.135, 1.172),
(-0.749, -0.150, 1.212),
(-0.885, -0.124, 1.273),
(-0.934, 0.040, 1.281),
(-0.961, 0.127, 1.325),
(-1.030, 0.167, 1.396),
(-1.138, 0.139, 1.401),
(-1.299, 0.186, 1.351),
(-1.320, 0.262, 1.327),
(-1.260, 0.364, 1.279),
(-1.168, 0.460, 1.233),
(-1.151, 0.611, 1.181),
(-1.065, 0.665, 1.129),
(-0.939, 0.724, 1.136),
(-0.829, 0.764, 1.139),
(-0.738, 0.779, 1.101),
(-0.707, 0.788, 1.067),
(-0.694, 0.740, 1.028),
(-0.681, 0.515, 1.078),
(-1.025, 0.135, 1.487),
(-1.062, 0.094, 1.558),
(-1.111, 0.045, 1.618),
(-0.993, -0.071, 1.576),
(-0.884, -0.096, 1.457),
(-0.775, -0.106, 1.306),
(-0.668, -0.074, 1.167),
(-0.380, 0.284, 0.630),
(-0.368, 0.296, 0.592),
(-0.374, 0.295, 0.572),
(-0.376, 0.283, 0.566),
(-0.422, 0.248, 0.602),
(-0.825, -0.357, 0.926),
(-0.810, -0.342, 0.928),
(-0.837, -0.312, 0.918),
(-0.792, -0.159, 0.857),
(-0.746, -0.113, 0.834),
(-0.720, -0.071, 0.811),
(-0.597, 0.016, 0.727),
(-0.586, -0.058, 0.766),
(-0.571, -0.073, 0.769),
(-0.565, -0.082, 0.784),
(-0.572, -0.114, 0.799),
(-0.571, -0.118, 0.801),
(-0.558, -0.132, 0.810),
(-0.549, -0.161, 0.825),
(-0.576, -0.268, 0.878),
(-0.573, -0.311, 0.905),
(-0.594, -0.328, 0.900),
(-0.588, -0.351, 0.935),
(-0.587, -0.376, 0.926),
(-0.595, -0.389, 0.963),
(-0.583, -0.429, 1.126),
(-0.414, -0.457, 1.231),
(-0.478, -0.473, 1.267),
(-0.382, -0.270, 1.596),
(-0.372, -0.226, 1.620),
(-0.394, -0.146, 1.632),
(-0.514, 0.482, 2.208),
(-0.825, 0.307, 2.158),
(-1.006, 0.315, 2.061),
(-1.056, 0.237, 1.954),
(-1.023, 0.135, 1.886),
(-0.998, 0.086, 1.851),
(-1.123, -0.008, 1.851),
(-1.116, -0.077, 1.837),
(-1.143, -0.202, 1.758),
(-1.212, -0.267, 1.690),
(-1.208, -0.348, 1.573),
(-1.183, -0.368, 1.514),
(-1.198, -0.358, 1.495),
(-1.223, -0.375, 1.535),
(-1.293, -0.537, 1.551),
(-1.305, -0.602, 1.497),
(-1.228, -0.683, 1.365),
(-1.196, -0.801, 1.248),
(-1.309, -1.172, 1.075),
(-1.199, -1.382, 0.928),
(-1.077, -1.498, 0.773),
(-1.024, -1.592, 0.664),
(-0.964, -1.710, 0.566),
(0.069, -2.031, 0.838),
(0.133, -2.151, 0.801),
(0.214, -2.342, 0.677),
(0.694, -2.660, 0.411),
(0.844, -2.538, 0.476),
(0.992, -2.451, 0.528),
(1.079, -2.360, 0.569),
(0.955, -2.122, 0.608),
(0.797, -2.006, 0.599),
(0.653, -1.862, 0.602),
(0.592, -1.719, 0.594),
(-0.125, -0.713, 0.674),
(-0.167, -0.642, 0.684),
(-0.193, -0.587, 0.674),
(-0.283, -0.359, 0.713),
(-0.323, -0.287, 0.728),
(-0.390, -0.223, 0.743),
(-0.467, -0.141, 0.780),
(-0.576, 0.018, 0.820),
(-0.609, 0.077, 0.821),
(-0.624, 0.120, 0.827),
(-0.638, 0.170, 0.852),
(-0.739, 0.214, 0.848),
(-0.789, 0.237, 0.846),
(-0.829, 0.244, 0.851),
(-0.850, 0.254, 0.847),
(-0.815, 0.903, 0.844),
(-0.717, 0.944, 0.813),
(-0.614, 1.004, 0.857),
(-0.544, 1.075, 0.933),
(-0.624, 1.008, 1.030),
(-0.705, 0.952, 1.091),
(-0.737, 0.833, 1.191),
(-0.753, 0.692, 1.210),
(-0.731, 0.463, 1.450),
(-0.763, 0.316, 1.434),
(-0.835, 0.247, 1.503),
(-0.872, 0.265, 1.574),
(-0.877, 0.279, 1.583),
(-0.866, 0.287, 1.576),
(-0.833, 0.292, 1.552),
(-0.670, 0.265, 1.360),
(-0.593, 0.254, 1.259),
(-0.523, 0.253, 1.159),
(-0.368, 0.311, 0.899),
(-0.334, 0.331, 0.828),
(-0.314, 0.341, 0.773),
(-0.313, 0.328, 0.688),
(-0.346, 0.283, 0.673),
(-0.378, 0.227, 0.662),
(-0.445, 0.139, 0.745),
(-0.672, 0.005, 0.856),
(-0.644, -0.028, 0.865),
(-0.647, -0.026, 0.857),
(-0.633, -0.018, 0.853),
(-0.604, -0.001, 0.839),
(-0.539, 0.040, 0.871),
(-0.515, 0.053, 0.868),
(-0.505, 0.073, 0.874),
(-0.496, 0.099, 0.900),
(-0.521, 0.130, 0.914),
(-0.514, 0.142, 0.919),
(-0.481, 0.139, 0.941),
(-0.498, 0.128, 0.931),
(-0.519, 0.125, 0.948),
